longitude,latitude,median_income,kmeans_cluster,dbscan_cluster
-122.23,37.88,8.3252,1,0
-122.22,37.86,8.3014,1,0
-122.24,37.85,7.2574,1,0
-122.25,37.85,5.6431,1,0
-122.25,37.85,3.8462,1,0
-122.25,37.85,4.0368,1,0
-122.25,37.84,3.6591,1,0
-122.25,37.84,3.12,1,0
-122.26,37.84,2.0804,1,0
-122.25,37.84,3.6912,1,0
-122.26,37.85,3.2031,1,0
-122.26,37.85,3.2705,1,0
-122.26,37.85,3.075,1,0
-122.26,37.84,2.6736,1,0
-122.26,37.85,1.9167,1,0
-122.26,37.85,2.125,1,0
-122.27,37.85,2.775,1,0
-122.27,37.85,2.1202,1,0
-122.26,37.84,1.9911,1,0
-122.27,37.84,2.6033,1,0
-122.27,37.85,1.3578,1,0
-122.27,37.85,1.7135,1,0
-122.27,37.84,1.725,1,0
-122.27,37.84,2.1806,1,0
-122.27,37.84,2.6,1,0
-122.28,37.85,2.4038,1,0
-122.28,37.85,2.4597,1,0
-122.28,37.85,1.808,1,0
-122.28,37.84,1.6424,1,0
-122.28,37.84,1.6875,1,0
-122.28,37.84,1.9274,1,0
-122.28,37.84,1.9615,1,0
-122.27,37.84,1.7969,1,0
-122.27,37.83,1.375,1,0
-122.27,37.83,2.7303,1,0
-122.27,37.83,1.4861,1,0
-122.27,37.83,1.0972,1,0
-122.28,37.83,1.4103,1,0
-122.26,37.83,3.48,1,0
-122.26,37.83,2.5898,1,0
-122.26,37.83,2.0978,1,0
-122.26,37.83,1.2852,1,0
-122.26,37.84,1.025,1,0
-122.26,37.84,3.9643,1,0
-122.26,37.83,3.0125,1,0
-122.26,37.83,2.6768,1,0
-122.26,37.83,2.026,1,0
-122.27,37.82,1.7348,1,0
-122.26,37.82,0.9506,1,0
-122.27,37.82,1.775,1,0
-122.27,37.82,0.9218,1,0
-122.27,37.82,1.5045,1,0
-122.27,37.82,1.1108,1,0
-122.27,37.82,1.2475,1,0
-122.28,37.82,1.6098,1,0
-122.28,37.82,1.4113,1,0
-122.28,37.82,1.5057,1,0
-122.28,37.82,0.8172,1,0
-122.28,37.82,1.2171,1,0
-122.29,37.82,2.5625,1,0
-122.29,37.83,3.3929,1,0
-122.29,37.82,6.1183,1,0
-122.29,37.81,0.9011,1,0
-122.3,37.81,1.191,1,0
-122.3,37.81,2.5938,1,0
-122.3,37.81,1.1667,1,0
-122.3,37.81,0.8056,1,0
-122.29,37.8,2.6094,1,0
-122.3,37.81,1.8516,1,0
-122.29,37.81,0.9802,1,0
-122.29,37.81,1.7719,1,0
-122.29,37.81,0.7286,1,0
-122.29,37.81,1.75,1,0
-122.29,37.81,0.4999,1,0
-122.29,37.81,2.483,1,0
-122.28,37.81,0.9241,1,0
-122.28,37.81,2.4464,1,0
-122.28,37.81,1.1111,1,0
-122.29,37.81,0.8026,1,0
-122.28,37.8,2.0114,1,0
-122.28,37.81,1.5,1,0
-122.27,37.81,1.1667,1,0
-122.28,37.81,1.5208,1,0
-122.28,37.81,0.8075,1,0
-122.28,37.81,1.8088,1,0
-122.28,37.81,2.4083,1,0
-122.27,37.81,0.977,1,0
-122.27,37.81,0.76,1,0
-122.27,37.8,0.9722,1,0
-122.27,37.8,1.2434,1,0
-122.27,37.8,2.0938,1,0
-122.28,37.8,0.8668,1,0
-122.28,37.8,0.75,1,0
-122.27,37.79,2.6354,1,0
-122.27,37.8,1.8477,1,0
-122.26,37.8,2.0096,1,0
-122.26,37.82,2.8345,1,0
-122.26,37.81,2.0062,1,0
-122.26,37.82,1.2185,1,0
-122.26,37.82,2.6104,1,0
-122.25,37.81,2.4912,1,0
-122.25,37.81,3.2177,1,0
-122.25,37.81,3.125,1,0
-122.25,37.81,2.5795,1,0
-122.26,37.81,2.8406,1,0
-122.24,37.82,4.9306,1,0
-122.24,37.81,3.2727,1,0
-122.25,37.81,3.1691,1,0
-122.24,37.82,3.9,1,0
-122.25,37.82,3.9063,1,0
-122.25,37.82,5.0917,1,0
-122.25,37.82,2.6429,1,0
-122.25,37.82,3.0233,1,0
-122.25,37.83,3.1484,1,0
-122.25,37.83,3.4722,1,0
-122.25,37.83,3.1429,1,0
-122.25,37.83,2.4234,1,0
-122.25,37.83,3.0897,1,0
-122.23,37.84,5.8596,1,0
-122.23,37.84,5.2868,1,0
-122.24,37.83,5.956,1,0
-122.24,37.85,4.9643,1,0
-122.23,37.85,6.3434,1,0
-122.24,37.84,5.1773,1,0
-122.24,37.85,7.2354,1,0
-122.22,37.85,5.457,1,0
-122.22,37.84,7.5,1,0
-122.21,37.84,6.0194,1,0
-122.21,37.83,7.5544,1,0
-122.2,37.84,6.0666,1,0
-122.21,37.84,7.0548,1,0
-122.19,37.84,11.6017,1,0
-122.2,37.84,7.4882,1,0
-122.21,37.83,6.8976,1,0
-122.19,37.83,8.2049,1,0
-122.2,37.83,8.401,1,0
-122.19,37.83,6.8538,1,0
-122.19,37.82,8.317,1,0
-122.2,37.82,7.0175,1,0
-122.2,37.82,6.3302,1,0
-122.18,37.81,6.3624,1,0
-122.21,37.82,7.0549,1,0
-122.2,37.81,6.7851,1,0
-122.21,37.8,2.8929,1,0
-122.21,37.8,3.0812,1,0
-122.21,37.81,5.2402,1,0
-122.22,37.81,6.5217,1,0
-122.22,37.8,3.2632,1,0
-122.22,37.8,3.0298,1,0
-122.22,37.8,4.5428,1,0
-122.22,37.81,4.072,1,0
-122.22,37.81,5.3509,1,0
-122.23,37.8,3.1603,1,0
-122.23,37.81,4.7708,1,0
-122.22,37.81,8.1564,1,0
-122.23,37.81,8.8793,1,0
-122.24,37.81,6.8591,1,0
-122.24,37.81,6.0302,1,0
-122.23,37.81,7.508,1,0
-122.24,37.81,2.7477,1,0
-122.24,37.8,2.1944,1,0
-122.25,37.8,3.0149,1,0
-122.24,37.81,3.675,1,0
-122.25,37.81,3.225,1,0
-122.25,37.8,2.9345,1,0
-122.25,37.8,2.1429,1,0
-122.25,37.8,1.6121,1,0
-122.25,37.8,1.3929,1,0
-122.24,37.79,2.3173,1,0
-122.25,37.79,1.7772,1,0
-122.25,37.79,2.6458,1,0
-122.25,37.79,2.181,1,0
-122.25,37.8,2.2303,1,0
-122.25,37.8,1.6504,1,0
-122.24,37.8,2.2697,1,0
-122.24,37.8,2.1563,1,0
-122.24,37.8,2.1348,1,0
-122.24,37.8,2.6292,1,0
-122.23,37.8,2.3833,1,0
-122.24,37.8,2.957,1,0
-122.24,37.8,2.5238,1,0
-122.23,37.8,1.9375,1,0
-122.23,37.8,1.9028,1,0
-122.23,37.8,2.25,1,0
-122.23,37.8,2.3929,1,0
-122.23,37.79,2.1917,1,0
-122.23,37.79,2.9357,1,0
-122.23,37.79,1.8854,1,0
-122.24,37.79,2.1638,1,0
-122.24,37.79,2.125,1,0
-122.24,37.79,3.375,1,0
-122.24,37.79,2.2542,1,0
-122.25,37.79,2.1,1,0
-122.25,37.79,1.6,1,0
-122.25,37.79,3.625,1,0
-122.26,37.8,1.6929,1,0
-122.22,37.77,1.6471,1,0
-122.22,37.77,2.59,1,0
-122.23,37.77,2.57,1,0
-122.23,37.78,2.6429,1,0
-122.23,37.78,3.0257,1,0
-122.22,37.78,1.4886,1,0
-122.23,37.78,1.9338,1,0
-122.23,37.78,1.4844,1,0
-122.23,37.78,1.6009,1,0
-122.23,37.79,2.0375,1,0
-122.23,37.79,2.293,1,0
-122.22,37.79,2.1494,1,0
-122.23,37.79,1.6198,1,0
-122.23,37.79,1.3281,1,0
-122.22,37.79,3.5156,1,0
-122.22,37.79,3.9048,1,0
-122.21,37.79,3.0893,1,0
-122.22,37.79,2.6042,1,0
-122.22,37.79,2.5,1,0
-122.22,37.79,2.7969,1,0
-122.2,37.79,2.8321,1,0
-122.21,37.79,2.9583,1,0
-122.21,37.79,2.8365,1,0
-122.21,37.79,2.875,1,0
-122.21,37.8,3.0682,1,0
-122.21,37.8,3.0757,1,0
-122.2,37.8,4.9559,1,0
-122.2,37.8,4.7721,1,0
-122.21,37.8,3.4861,1,0
-122.2,37.8,5.1184,1,0
-122.21,37.8,4.0977,1,0
-122.19,37.8,4.744,1,0
-122.19,37.8,4.2727,1,0
-122.19,37.79,2.9844,1,0
-122.2,37.79,4.1739,1,0
-122.2,37.8,3.8487,1,0
-122.19,37.8,4.0114,1,0
-122.19,37.79,4.6563,1,0
-122.19,37.79,2.9297,1,0
-122.2,37.79,2.3036,1,0
-122.2,37.79,2.6667,1,0
-122.2,37.79,2.619,1,0
-122.21,37.79,2.4167,1,0
-122.2,37.79,2.7788,1,0
-122.21,37.78,2.7352,1,0
-122.21,37.78,1.8472,1,0
-122.21,37.78,2.6583,1,0
-122.21,37.78,3.0536,1,0
-122.22,37.78,2.3906,1,0
-122.21,37.78,1.7188,1,0
-122.21,37.78,2.625,1,0
-122.22,37.77,2.8015,1,0
-122.22,37.78,1.7276,1,0
-122.22,37.78,2.0801,1,0
-122.22,37.78,2.489,1,0
-122.21,37.76,1.7546,1,0
-122.21,37.77,4.0904,1,0
-122.21,37.77,2.6765,1,0
-122.2,37.77,2.4338,1,0
-122.21,37.77,2.3309,1,0
-122.21,37.77,2.2604,1,0
-122.19,37.77,1.8039,1,0
-122.2,37.77,2.2562,1,0
-122.2,37.77,2.0562,1,0
-122.2,37.78,3.5398,1,0
-122.2,37.78,3.1167,1,0
-122.2,37.78,2.5401,1,0
-122.2,37.77,2.898,1,0
-122.21,37.78,2.3125,1,0
-122.19,37.78,2.875,1,0
-122.19,37.77,3.3715,1,0
-122.19,37.77,3.5114,1,0
-122.19,37.78,4.3125,1,0
-122.19,37.78,3.22,1,0
-122.18,37.78,3.875,1,0
-122.19,37.78,5.2328,1,0
-122.19,37.78,3.7262,1,0
-122.2,37.78,4.5893,1,0
-122.18,37.79,5.2578,1,0
-122.18,37.79,7.0875,1,0
-122.18,37.79,3.9712,1,0
-122.19,37.79,2.9514,1,0
-122.19,37.79,2.6667,1,0
-122.18,37.81,5.4446,1,0
-122.18,37.8,6.2838,1,0
-122.18,37.8,6.7527,1,0
-122.13,37.77,7.0712,1,0
-122.16,37.79,5.9849,1,0
-122.17,37.78,3.6875,1,0
-122.17,37.77,2.875,1,0
-122.18,37.78,3.4205,1,0
-122.18,37.78,3.2984,1,0
-122.17,37.78,3.875,1,0
-122.17,37.78,4.175,1,0
-122.16,37.77,4.375,1,0
-122.16,37.77,4.7708,1,0
-122.16,37.77,3.5739,1,0
-122.16,37.77,3.0958,1,0
-122.17,37.77,3.3958,1,0
-122.17,37.77,1.871,1,0
-122.17,37.76,1.9356,1,0
-122.17,37.76,2.1842,1,0
-122.18,37.76,2.2917,1,0
-122.17,37.76,2.4333,1,0
-122.18,37.76,1.9479,1,0
-122.18,37.76,3.9063,1,0
-122.18,37.76,1.8407,1,0
-122.18,37.77,2.0786,1,0
-122.18,37.77,2.8125,1,0
-122.18,37.76,1.8913,1,0
-122.19,37.76,1.7056,1,0
-122.18,37.77,2.2768,1,0
-122.18,37.77,3.2552,1,0
-122.18,37.77,2.0556,1,0
-122.19,37.76,2.4659,1,0
-122.2,37.76,1.75,1,0
-122.19,37.77,2.0469,1,0
-122.19,37.77,2.7159,1,0
-122.19,37.76,1.2083,1,0
-122.19,37.76,1.925,1,0
-122.2,37.75,1.5809,1,0
-122.2,37.76,1.4097,1,0
-122.19,37.76,0.7683,1,0
-122.19,37.75,1.3194,1,0
-122.19,37.75,0.8012,1,0
-122.19,37.76,1.9479,1,0
-122.19,37.74,1.1765,1,0
-122.18,37.74,2.3456,1,0
-122.19,37.73,2.1538,1,0
-122.19,37.74,2.5139,1,0
-122.19,37.73,1.2625,1,0
-122.18,37.73,2.9063,1,0
-122.18,37.73,2.5192,1,0
-122.18,37.73,2.1111,1,0
-122.18,37.73,2.455,1,0
-122.17,37.74,2.4028,1,0
-122.17,37.74,2.15,1,0
-122.17,37.74,2.4776,1,0
-122.17,37.73,2.1587,1,0
-122.18,37.74,1.8438,1,0
-122.17,37.74,3.0298,1,0
-122.17,37.74,2.25,1,0
-122.18,37.74,2.2467,1,0
-122.18,37.75,4.0469,1,0
-122.18,37.75,1.325,1,0
-122.17,37.75,1.6196,1,0
-122.18,37.75,2.1731,1,0
-122.19,37.75,1.9167,1,0
-122.18,37.75,2.069,1,0
-122.18,37.75,1.712,1,0
-122.17,37.76,2.5625,1,0
-122.17,37.75,1.9821,1,0
-122.17,37.75,2.5043,1,0
-122.17,37.75,2.3281,1,0
-122.17,37.75,1.4375,1,0
-122.16,37.76,2.5122,1,0
-122.16,37.75,1.5625,1,0
-122.17,37.75,3.1587,1,0
-122.17,37.76,1.8426,1,0
-122.16,37.76,4.6696,1,0
-122.16,37.76,2.4598,1,0
-122.15,37.76,6.0749,1,0
-122.14,37.77,4.8304,1,0
-122.14,37.76,5.5701,1,0
-122.13,37.76,5.37,1,0
-122.12,37.75,6.86,1,0
-122.12,37.75,7.6923,1,0
-122.14,37.75,4.0313,1,0
-122.14,37.75,6.8323,1,0
-122.13,37.75,4.975,1,0
-122.13,37.75,5.3602,1,0
-122.13,37.74,5.0,1,0
-122.16,37.75,2.925,1,0
-122.15,37.75,3.8913,1,0
-122.15,37.75,3.225,1,0
-122.15,37.74,3.1458,1,0
-122.16,37.75,2.537,1,0
-122.16,37.75,2.5568,1,0
-122.15,37.74,3.5083,1,0
-122.15,37.74,3.3125,1,0
-122.16,37.75,1.8235,1,0
-122.16,37.75,3.8047,1,0
-122.17,37.74,2.2917,1,0
-122.17,37.75,2.4962,1,0
-122.16,37.74,4.0417,1,0
-122.16,37.74,3.4844,1,0
-122.16,37.74,4.1458,1,0
-122.16,37.74,2.625,1,0
-122.16,37.74,2.0227,1,0
-122.29,37.9,3.3333,1,0
-122.29,37.9,5.338,1,0
-122.29,37.89,3.4732,1,0
-122.3,37.9,3.5125,1,0
-122.29,37.89,3.1375,1,0
-122.3,37.89,2.8036,1,0
-122.3,37.9,4.5824,1,0
-122.3,37.89,3.0208,1,0
-122.3,37.89,4.0875,1,0
-122.33,37.89,4.5268,1,0
-122.34,37.88,1.7375,1,0
-122.29,37.89,3.1795,1,0
-122.29,37.88,3.8672,1,0
-122.29,37.89,5.1675,1,0
-122.29,37.89,5.1696,1,0
-122.28,37.88,4.2614,1,0
-122.29,37.89,5.0551,1,0
-122.27,37.9,5.6228,1,0
-122.26,37.9,7.8864,1,0
-122.27,37.9,7.9556,1,0
-122.27,37.9,6.174,1,0
-122.27,37.9,6.9414,1,0
-122.27,37.89,8.8342,1,0
-122.28,37.9,7.1754,1,0
-122.28,37.9,10.0825,1,0
-122.28,37.9,4.9083,1,0
-122.28,37.89,5.7912,1,0
-122.28,37.89,4.5893,1,0
-122.28,37.89,5.4171,1,0
-122.28,37.89,4.125,1,0
-122.27,37.89,7.266,1,0
-122.27,37.89,5.3989,1,0
-122.26,37.9,7.8336,1,0
-122.25,37.89,6.1593,1,0
-122.26,37.89,6.381,1,0
-122.26,37.89,6.6828,1,0
-122.25,37.89,7.5385,1,0
-122.25,37.89,6.7138,1,0
-122.26,37.88,6.2425,1,0
-122.26,37.88,5.7979,1,0
-122.27,37.88,4.2813,1,0
-122.27,37.88,3.5417,1,0
-122.27,37.88,3.0132,1,0
-122.28,37.88,4.1429,1,0
-122.28,37.88,4.1912,1,0
-122.28,37.88,3.9167,1,0
-122.29,37.88,3.8897,1,0
-122.29,37.88,3.1065,1,0
-122.29,37.88,2.9926,1,0
-122.29,37.88,3.556,1,0
-122.3,37.88,1.475,1,0
-122.3,37.88,1.6971,1,0
-122.3,37.87,2.1705,1,0
-122.3,37.86,2.75,1,0
-122.29,37.85,2.5682,1,0
-122.3,37.88,2.9,1,0
-122.3,37.87,2.2208,1,0
-122.28,37.88,3.2344,1,0
-122.28,37.87,3.5156,1,0
-122.28,37.87,1.9805,1,0
-122.29,37.87,2.6684,1,0
-122.29,37.87,3.875,1,0
-122.28,37.88,3.006,1,0
-122.28,37.87,2.543,1,0
-122.28,37.87,2.8676,1,0
-122.27,37.88,2.1907,1,0
-122.27,37.87,1.7778,1,0
-122.27,37.88,2.52,1,0
-122.26,37.88,4.2788,1,0
-122.26,37.88,2.944,1,0
-122.26,37.88,1.725,1,0
-122.25,37.87,5.2289,1,0
-122.25,37.87,2.5562,1,0
-122.25,37.87,0.949,1,0
-122.25,37.87,1.1696,1,0
-122.26,37.87,1.4012,1,0
-122.26,37.87,1.1859,1,0
-122.27,37.87,1.7464,1,0
-122.27,37.87,2.8846,1,0
-122.27,37.87,2.7372,1,0
-122.28,37.86,3.8594,1,0
-122.28,37.87,3.5625,1,0
-122.28,37.87,2.2788,1,0
-122.29,37.87,2.537,1,0
-122.29,37.87,2.525,1,0
-122.29,37.86,1.9946,1,0
-122.28,37.86,2.8214,1,0
-122.29,37.87,2.6165,1,0
-122.29,37.86,1.9483,1,0
-122.28,37.86,1.9327,1,0
-122.28,37.86,1.9798,1,0
-122.28,37.85,2.4167,1,0
-122.27,37.86,2.5417,1,0
-122.28,37.86,3.3906,1,0
-122.28,37.86,2.5652,1,0
-122.28,37.86,2.2845,1,0
-122.27,37.86,2.6071,1,0
-122.27,37.86,3.15,1,0
-122.27,37.86,2.6914,1,0
-122.27,37.86,1.8447,1,0
-122.26,37.86,1.6307,1,0
-122.26,37.86,2.9044,1,0
-122.26,37.86,2.9405,1,0
-122.26,37.86,3.3893,1,0
-122.25,37.86,3.0417,1,0
-122.25,37.86,7.0897,1,0
-122.25,37.86,5.0463,1,0
-122.25,37.86,1.7652,1,0
-122.24,37.86,7.8521,1,0
-122.24,37.85,9.3959,1,0
-122.25,37.86,5.3794,1,0
-122.26,37.85,3.2619,1,0
-122.27,37.85,2.7054,1,0
-122.27,37.85,2.2431,1,0
-122.27,37.85,1.9028,1,0
-122.27,37.85,1.5817,1,0
-122.27,37.85,2.2841,1,0
-122.27,37.85,1.3785,1,0
-122.28,37.85,2.9018,1,0
-122.28,37.85,1.73,1,0
-122.28,37.85,2.2625,1,0
-122.29,37.84,2.2106,1,0
-122.28,37.83,2.6997,1,0
-122.3,37.84,4.0018,1,0
-122.23,37.83,7.8772,1,0
-122.22,37.82,11.8603,1,0
-122.22,37.82,13.499,1,-1
-122.23,37.82,12.2138,1,0
-122.23,37.82,8.1872,1,0
-122.23,37.82,12.3804,1,0
-122.24,37.83,5.8948,1,0
-122.24,37.83,8.1194,1,0
-122.23,37.82,8.7477,1,0
-122.24,37.82,6.155,1,0
-122.25,37.82,5.883,1,0
-122.23,37.76,5.2128,1,0
-122.23,37.76,4.7188,1,0
-122.23,37.76,5.2915,1,0
-122.24,37.77,2.6411,1,0
-122.23,37.77,3.3214,1,0
-122.24,37.77,3.6417,1,0
-122.25,37.77,3.0161,1,0
-122.25,37.77,3.1771,1,0
-122.25,37.77,3.4531,1,0
-122.25,37.77,4.3098,1,0
-122.26,37.78,3.3438,1,0
-122.26,37.78,2.9213,1,0
-122.27,37.78,2.6806,1,0
-122.27,37.78,3.7708,1,0
-122.27,37.78,3.9444,1,0
-122.27,37.78,5.2601,1,0
-122.28,37.79,2.5444,1,0
-122.3,37.77,2.6447,1,0
-122.28,37.78,2.5762,1,0
-122.29,37.78,1.9427,1,0
-122.28,37.77,2.9688,1,0
-122.28,37.77,3.75,1,0
-122.29,37.76,5.1702,1,0
-122.28,37.78,2.5139,1,0
-122.26,37.77,2.9732,1,0
-122.27,37.77,5.5337,1,0
-122.27,37.77,4.1667,1,0
-122.27,37.77,2.7115,1,0
-122.27,37.77,3.3269,1,0
-122.25,37.77,3.2685,1,0
-122.26,37.77,4.7778,1,0
-122.26,37.77,4.226,1,0
-122.26,37.77,3.3571,1,0
-122.26,37.77,2.9899,1,0
-122.26,37.77,2.875,1,0
-122.24,37.77,2.3882,1,0
-122.25,37.77,2.975,1,0
-122.23,37.76,5.1039,1,0
-122.23,37.76,4.1458,1,0
-122.24,37.76,3.4762,1,0
-122.24,37.76,2.6833,1,0
-122.23,37.76,5.75,1,0
-122.23,37.75,3.9632,1,0
-122.24,37.75,4.9489,1,0
-122.24,37.75,4.8711,1,0
-122.24,37.76,3.0718,1,0
-122.24,37.76,3.6719,1,0
-122.24,37.76,4.6094,1,0
-122.24,37.73,4.5213,1,0
-122.25,37.74,4.4562,1,0
-122.24,37.72,7.611,1,0
-122.27,37.73,3.2689,1,0
-122.25,37.76,3.567,1,0
-122.27,37.74,3.6875,1,0
-122.27,37.77,4.7695,1,0
-122.28,37.75,3.1972,1,0
-122.06,37.77,7.2634,1,0
-122.06,37.73,7.0568,1,0
-122.06,37.71,4.635,1,0
-122.07,37.71,5.3015,1,0
-122.07,37.71,4.9801,1,0
-122.07,37.72,5.4834,1,0
-122.08,37.72,6.187,1,0
-122.08,37.72,5.6194,1,0
-122.08,37.71,5.4639,1,0
-122.09,37.71,5.1498,1,0
-122.1,37.72,5.8382,1,0
-122.11,37.71,4.65,1,0
-122.1,37.7,4.3819,1,0
-122.1,37.69,3.7222,1,0
-122.09,37.71,5.2855,1,0
-122.09,37.7,4.3375,1,0
-122.1,37.71,5.2131,1,0
-122.09,37.7,6.005,1,0
-122.08,37.71,5.0519,1,0
-122.08,37.71,4.8237,1,0
-122.08,37.7,5.2497,1,0
-122.07,37.7,4.125,1,0
-122.06,37.7,4.6005,1,0
-122.06,37.7,3.5187,1,0
-122.07,37.7,3.0,1,0
-122.08,37.7,3.4934,1,0
-122.09,37.7,2.9861,1,0
-122.07,37.69,2.5362,1,0
-122.08,37.69,3.3021,1,0
-122.07,37.69,3.0964,1,0
-122.08,37.69,2.8512,1,0
-122.08,37.69,3.3478,1,0
-122.08,37.68,2.3958,1,0
-122.08,37.68,3.5295,1,0
-122.09,37.69,4.8036,1,0
-122.15,37.74,3.851,1,0
-122.14,37.74,4.0662,1,0
-122.14,37.73,4.6042,1,0
-122.15,37.74,2.2,1,0
-122.16,37.73,4.1164,1,0
-122.15,37.74,3.95,1,0
-122.15,37.73,4.9135,1,0
-122.15,37.73,2.8355,1,0
-122.17,37.73,3.25,1,0
-122.16,37.73,2.8301,1,0
-122.17,37.73,3.7159,1,0
-122.16,37.73,2.5625,1,0
-122.18,37.72,3.8047,1,0
-122.18,37.71,3.375,1,0
-122.17,37.71,3.244,1,0
-122.18,37.7,4.0268,1,0
-122.18,37.7,3.3906,1,0
-122.19,37.71,5.5461,1,0
-122.17,37.72,3.371,1,0
-122.17,37.72,3.5313,1,0
-122.17,37.72,3.663,1,0
-122.16,37.72,2.875,1,0
-122.17,37.72,4.0202,1,0
-122.16,37.71,4.5553,1,0
-122.16,37.71,3.4643,1,0
-122.16,37.72,3.3431,1,0
-122.15,37.73,2.1898,1,0
-122.15,37.72,2.9097,1,0
-122.15,37.72,3.375,1,0
-122.15,37.72,2.8125,1,0
-122.14,37.73,5.0,1,0
-122.14,37.73,3.0673,1,0
-122.14,37.73,3.8125,1,0
-122.13,37.73,6.9096,1,0
-122.13,37.72,7.912,1,0
-122.13,37.72,3.8393,1,0
-122.12,37.71,4.0,1,0
-122.13,37.72,6.5095,1,0
-122.14,37.72,3.5156,1,0
-122.14,37.72,2.983,1,0
-122.13,37.72,3.524,1,0
-122.13,37.71,3.1103,1,0
-122.13,37.71,3.5781,1,0
-122.15,37.71,3.1682,1,0
-122.14,37.71,2.6101,1,0
-122.14,37.71,3.6932,1,0
-122.13,37.7,3.4583,1,0
-122.13,37.7,3.9032,1,0
-122.15,37.71,4.0208,1,0
-122.15,37.7,3.5547,1,0
-122.14,37.7,4.5859,1,0
-122.13,37.7,2.6321,1,0
-122.13,37.69,3.395,1,0
-122.14,37.7,3.9702,1,0
-122.16,37.7,5.0043,1,0
-122.14,37.69,4.4659,1,0
-122.15,37.69,3.6625,1,0
-122.15,37.69,3.8864,1,0
-122.15,37.7,3.4583,1,0
-122.16,37.69,3.7813,1,0
-122.16,37.7,2.9917,1,0
-122.16,37.7,4.4375,1,0
-122.17,37.7,4.0,1,0
-122.16,37.68,2.3869,1,0
-122.17,37.69,4.7609,1,0
-122.18,37.68,5.4858,1,0
-122.16,37.69,4.3971,1,0
-122.15,37.69,4.0109,1,0
-122.15,37.68,4.3864,1,0
-122.15,37.68,4.2841,1,0
-122.15,37.69,5.1312,1,0
-122.14,37.69,2.9958,1,0
-122.14,37.68,3.6364,1,0
-122.14,37.68,2.7955,1,0
-122.1,37.69,2.9507,1,0
-122.12,37.69,3.4375,1,0
-122.13,37.69,2.875,1,0
-122.12,37.71,3.0345,1,0
-122.12,37.7,2.679,1,0
-122.12,37.7,2.9922,1,0
-122.12,37.69,4.1042,1,0
-122.12,37.7,2.5833,1,0
-122.11,37.7,2.1552,1,0
-122.11,37.7,2.3274,1,0
-122.11,37.7,2.4206,1,0
-122.1,37.69,3.9063,1,0
-122.11,37.69,2.6464,1,0
-122.11,37.69,3.4643,1,0
-122.12,37.69,2.3973,1,0
-122.03,37.69,6.5,1,0
-121.97,37.64,6.0574,1,0
-122.02,37.63,3.8958,1,0
-122.04,37.63,4.7813,1,0
-122.05,37.63,3.2829,1,0
-122.04,37.66,5.3169,1,0
-122.04,37.65,6.2579,1,0
-122.05,37.68,5.1701,1,0
-122.07,37.68,3.25,1,0
-122.06,37.68,3.1796,1,0
-122.08,37.68,2.4196,1,0
-122.08,37.68,2.6563,1,0
-122.08,37.67,0.9637,1,0
-122.09,37.67,2.3357,1,0
-122.09,37.68,3.5114,1,0
-122.09,37.69,3.3125,1,0
-122.09,37.68,2.4042,1,0
-122.09,37.68,2.8322,1,0
-122.09,37.68,2.5156,1,0
-122.1,37.68,3.4032,1,0
-122.1,37.68,2.535,1,0
-122.11,37.68,2.5772,1,0
-122.1,37.68,3.0962,1,0
-122.1,37.67,2.9564,1,0
-122.1,37.68,3.125,1,0
-122.12,37.68,2.95,1,0
-122.12,37.68,4.38,1,0
-122.12,37.68,4.0417,1,0
-122.11,37.67,3.8,1,0
-122.12,37.68,3.4839,1,0
-122.13,37.68,4.0588,1,0
-122.13,37.68,4.1974,1,0
-122.13,37.68,3.6,1,0
-122.14,37.68,4.267,1,0
-122.14,37.67,4.2386,1,0
-122.15,37.67,5.5797,1,0
-122.14,37.67,4.0682,1,0
-122.13,37.67,3.1734,1,0
-122.14,37.67,4.7933,1,0
-122.14,37.67,4.8125,1,0
-122.13,37.67,3.8676,1,0
-122.12,37.67,3.9395,1,0
-122.13,37.67,3.2434,1,0
-122.11,37.67,3.0917,1,0
-122.11,37.67,3.0645,1,0
-122.09,37.67,2.7019,1,0
-122.09,37.67,3.1115,1,0
-122.09,37.66,3.4722,1,0
-122.09,37.66,2.2222,1,0
-122.05,37.68,6.1104,1,0
-122.06,37.67,4.2733,1,0
-122.07,37.67,3.2465,1,0
-122.07,37.67,3.2417,1,0
-122.07,37.67,3.875,1,0
-122.04,37.67,6.0501,1,0
-122.04,37.67,6.8233,1,0
-122.04,37.66,6.3501,1,0
-122.07,37.66,2.6719,1,0
-122.07,37.66,3.875,1,0
-122.08,37.66,2.5625,1,0
-122.07,37.65,3.016,1,0
-122.08,37.65,2.7694,1,0
-122.08,37.65,3.6818,1,0
-122.08,37.66,2.1382,1,0
-122.1,37.66,3.7303,1,0
-122.1,37.66,3.875,1,0
-122.1,37.66,3.0489,1,0
-122.09,37.65,2.8203,1,0
-122.09,37.65,4.3897,1,0
-122.09,37.65,4.7143,1,0
-122.1,37.66,4.6875,1,0
-122.11,37.66,3.2091,1,0
-122.1,37.66,4.275,1,0
-122.11,37.66,4.1302,1,0
-122.11,37.66,3.09,1,0
-122.1,37.65,4.5417,1,0
-122.1,37.64,4.6635,1,0
-122.1,37.65,4.4427,1,0
-122.1,37.65,4.5303,1,0
-122.12,37.65,2.375,1,0
-122.1,37.63,3.8171,1,0
-122.1,37.61,4.5281,1,0
-122.13,37.66,4.3456,1,0
-122.11,37.65,3.4861,1,0
-122.11,37.64,5.2312,1,0
-122.11,37.64,3.6708,1,0
-122.12,37.64,3.8875,1,0
-122.09,37.63,3.9167,1,0
-122.09,37.64,3.9063,1,0
-122.1,37.63,3.7895,1,0
-122.08,37.64,3.8,1,0
-122.08,37.64,5.7309,1,0
-122.09,37.64,4.1141,1,0
-122.09,37.64,5.2838,1,0
-122.08,37.64,3.3479,1,0
-122.08,37.64,3.142,1,0
-122.08,37.63,3.7614,1,0
-122.08,37.63,4.25,1,0
-122.08,37.64,3.9338,1,0
-122.07,37.64,2.5158,1,0
-122.07,37.63,2.4808,1,0
-122.07,37.64,4.7083,1,0
-122.06,37.64,4.1652,1,0
-122.06,37.64,3.5541,1,0
-122.06,37.65,3.8036,1,0
-122.06,37.64,3.8259,1,0
-122.04,37.63,3.2331,1,0
-122.03,37.62,4.7109,1,0
-122.03,37.62,4.2468,1,0
-122.04,37.62,6.396,1,0
-122.04,37.62,3.8125,1,0
-122.04,37.62,3.2857,1,0
-122.03,37.62,3.8929,1,0
-122.03,37.61,3.7262,1,0
-122.03,37.61,4.0125,1,0
-122.04,37.61,4.1719,1,0
-122.04,37.62,4.2857,1,0
-122.08,37.63,3.6458,1,0
-122.08,37.62,2.6875,1,0
-122.07,37.63,3.7292,1,0
-122.07,37.63,4.5913,1,0
-122.06,37.63,3.8625,1,0
-122.06,37.63,3.3611,1,0
-122.05,37.61,2.8971,1,0
-122.08,37.63,4.0326,1,0
-122.08,37.63,4.0682,1,0
-122.09,37.63,5.3644,1,0
-122.09,37.63,4.7019,1,0
-122.08,37.62,5.64,1,0
-122.08,37.61,3.7931,1,0
-121.99,37.61,4.6458,1,0
-122.02,37.6,3.694,1,0
-122.02,37.6,2.652,1,0
-122.02,37.6,3.5,1,0
-122.02,37.6,3.2386,1,0
-122.03,37.61,5.097,1,0
-122.04,37.6,4.3875,1,0
-122.06,37.6,4.625,1,0
-122.08,37.61,5.0406,1,0
-122.06,37.6,5.8704,1,0
-122.06,37.6,5.3226,1,0
-122.08,37.59,4.235,1,0
-122.07,37.59,4.825,1,0
-122.08,37.58,5.5218,1,0
-122.07,37.58,6.5116,1,0
-122.07,37.58,6.0661,1,0
-122.08,37.58,6.0074,1,0
-122.07,37.59,4.6211,1,0
-122.07,37.58,5.225,1,0
-122.04,37.59,5.3428,1,0
-122.05,37.59,3.7462,1,0
-122.03,37.6,4.5721,1,0
-122.02,37.59,3.6923,1,0
-122.03,37.59,4.6786,1,0
-122.01,37.59,2.875,1,0
-122.02,37.58,3.3617,1,0
-122.01,37.58,5.7579,1,0
-122.09,37.6,2.9706,1,0
-122.08,37.6,3.9022,1,0
-121.97,37.57,4.6146,1,0
-121.96,37.58,5.7192,1,0
-121.98,37.58,3.6832,1,0
-121.99,37.58,6.2073,1,0
-122.0,37.58,5.8151,1,0
-122.01,37.57,5.8322,1,0
-122.04,37.58,5.6277,1,0
-122.04,37.57,5.2879,1,0
-122.07,37.57,6.5615,1,0
-122.06,37.58,5.6758,1,0
-122.05,37.57,6.1047,1,0
-121.93,37.49,3.5714,1,0
-122.07,37.52,6.0824,1,0
-122.02,37.56,4.3594,1,0
-122.02,37.56,5.5737,1,0
-122.03,37.56,4.8962,1,0
-122.03,37.56,4.6978,1,0
-122.01,37.56,4.4259,1,0
-122.01,37.55,3.3008,1,0
-122.02,37.55,4.5687,1,0
-122.01,37.56,3.8179,1,0
-121.99,37.56,5.0,1,0
-121.99,37.56,4.3393,1,0
-121.96,37.55,4.1387,1,0
-121.97,37.56,4.8052,1,0
-121.97,37.54,4.6349,1,0
-121.97,37.55,3.168,1,0
-121.98,37.54,3.1326,1,0
-121.99,37.55,2.9074,1,0
-121.94,37.56,8.3996,1,0
-121.95,37.55,6.6478,1,0
-121.93,37.54,6.629,1,0
-121.94,37.54,6.2179,1,0
-121.94,37.53,5.761,1,0
-121.95,37.54,4.6641,1,0
-121.94,37.54,6.7599,1,0
-121.96,37.54,3.9909,1,0
-121.96,37.53,4.2955,1,0
-121.96,37.53,4.9615,1,0
-121.96,37.53,2.6198,1,0
-121.97,37.54,4.7135,1,0
-121.97,37.53,4.75,1,0
-121.97,37.53,5.4299,1,0
-121.98,37.53,4.6,1,0
-121.98,37.53,4.1947,1,0
-121.99,37.54,5.388,1,0
-121.99,37.54,3.9444,1,0
-121.99,37.54,5.3283,1,0
-121.99,37.55,4.8403,1,0
-122.0,37.54,5.1616,1,0
-122.01,37.55,4.9167,1,0
-122.0,37.55,4.1591,1,0
-122.01,37.54,5.0,1,0
-122.0,37.54,5.8325,1,0
-122.01,37.53,5.7057,1,0
-121.99,37.53,5.0423,1,0
-121.97,37.52,4.5317,1,0
-121.97,37.51,5.4359,1,0
-121.97,37.52,5.0824,1,0
-121.95,37.52,5.2308,1,0
-121.96,37.51,4.4107,1,0
-121.96,37.52,5.2396,1,0
-121.93,37.53,4.7478,1,0
-121.92,37.53,8.4045,1,0
-121.89,37.49,9.7194,1,0
-121.92,37.49,5.1643,1,0
-121.92,37.48,5.3813,1,0
-121.92,37.47,6.0878,1,0
-121.91,37.47,6.868,1,0
-122.03,37.55,6.992,1,0
-122.03,37.55,4.9118,1,0
-122.04,37.55,4.4357,1,0
-122.04,37.54,4.9464,1,0
-122.05,37.54,5.2882,1,0
-122.05,37.55,5.1321,1,0
-122.04,37.53,3.9667,1,0
-122.04,37.5,3.1696,1,0
-122.06,37.54,5.0838,1,0
-122.03,37.54,4.8214,1,0
-122.03,37.54,4.1406,1,0
-122.04,37.53,3.7364,1,0
-122.02,37.54,3.535,1,0
-122.03,37.54,5.0739,1,0
-122.03,37.53,3.256,1,0
-122.01,37.53,6.0667,1,0
-122.02,37.53,5.7072,1,0
-122.0,37.51,4.9867,1,0
-121.92,37.72,5.1437,1,0
-121.92,37.72,5.347,1,0
-121.91,37.71,5.7233,1,0
-121.93,37.72,4.4697,1,0
-121.93,37.72,4.9107,1,0
-121.93,37.71,4.2281,1,0
-121.94,37.71,5.0143,1,0
-121.96,37.71,7.2494,1,0
-121.92,37.64,5.1406,1,0
-121.93,37.66,8.3337,1,0
-121.92,37.69,7.316,1,0
-121.9,37.66,6.4994,1,0
-121.92,37.68,7.2211,1,0
-121.93,37.7,4.4087,1,0
-121.91,37.69,5.9345,1,0
-121.91,37.68,6.177,1,0
-121.91,37.68,5.817,1,0
-121.91,37.69,6.3132,1,0
-121.89,37.68,6.3373,1,0
-121.88,37.68,7.333,1,0
-121.89,37.68,6.2918,1,0
-121.88,37.67,6.5214,1,0
-121.88,37.67,6.4524,1,0
-121.89,37.67,6.0604,1,0
-121.89,37.67,6.5285,1,0
-121.9,37.67,7.2639,1,0
-121.9,37.67,7.4353,1,0
-121.88,37.66,3.1127,1,0
-121.87,37.66,2.4896,1,0
-121.87,37.66,5.0677,1,0
-121.89,37.66,2.1187,1,0
-121.88,37.64,10.9506,1,0
-121.87,37.57,7.0691,1,0
-121.87,37.67,5.5,1,0
-121.87,37.67,4.9879,1,0
-121.85,37.68,6.8132,1,0
-121.85,37.66,5.6399,1,0
-121.86,37.66,4.1597,1,0
-121.87,37.66,5.7519,1,0
-121.84,37.66,5.6417,1,0
-121.85,37.72,10.3203,1,0
-121.82,37.73,4.3472,1,0
-121.86,37.7,6.6827,1,0
-121.89,37.69,3.62,1,0
-121.77,37.65,7.3588,1,0
-121.62,37.61,5.7239,1,0
-121.61,37.77,4.2083,1,0
-121.72,37.7,6.1023,1,0
-121.73,37.71,3.9864,1,0
-121.75,37.71,4.8624,1,0
-121.77,37.74,9.1531,1,0
-121.8,37.7,4.7361,1,0
-121.8,37.69,5.4324,1,0
-121.82,37.69,4.9375,1,0
-121.76,37.69,3.3841,1,0
-121.77,37.68,3.5532,1,0
-121.78,37.69,3.3618,1,0
-121.78,37.69,4.3533,1,0
-121.79,37.69,4.5357,1,0
-121.76,37.7,5.7068,1,0
-121.75,37.69,3.7212,1,0
-121.75,37.68,5.2443,1,0
-121.76,37.68,4.2361,1,0
-121.76,37.68,3.1856,1,0
-121.73,37.68,5.4496,1,0
-121.78,37.68,3.0222,1,0
-121.77,37.68,2.6667,1,0
-121.76,37.68,3.7301,1,0
-121.77,37.68,4.6806,1,0
-121.77,37.67,5.7907,1,0
-121.76,37.67,6.3705,1,0
-121.78,37.67,5.2649,1,0
-121.79,37.67,6.0797,1,0
-121.78,37.67,4.8571,1,0
-121.78,37.66,3.8523,1,0
-121.79,37.66,5.98,1,0
-119.78,38.69,2.45,1,0
-119.93,38.72,2.2417,1,0
-120.0,38.52,3.15,1,0
-120.56,38.48,3.4609,1,0
-120.59,38.45,3.0,1,0
-120.55,38.46,3.2031,1,0
-120.55,38.45,2.5208,1,0
-120.55,38.43,2.3549,1,0
-120.25,38.55,3.0125,1,0
-120.79,38.54,2.05,1,0
-120.8,38.51,3.125,1,0
-120.65,38.5,2.65,1,0
-120.76,38.47,3.5,1,0
-120.88,38.45,2.5476,1,0
-120.79,38.43,3.9107,1,0
-120.69,38.44,4.2917,1,0
-120.93,38.5,3.3393,1,0
-120.97,38.42,4.3029,1,0
-120.87,38.37,2.8125,1,0
-120.98,38.34,3.5508,1,0
-120.88,38.32,3.2589,1,0
-120.93,38.26,3.2937,1,0
-120.72,38.42,3.0465,1,0
-120.77,38.38,2.3125,1,0
-120.72,38.38,2.525,1,0
-120.66,38.4,3.175,1,0
-120.65,38.42,2.6078,1,0
-120.62,38.39,2.7399,1,0
-120.69,38.36,2.7236,1,0
-120.71,38.34,4.4531,1,0
-120.8,38.31,3.2135,1,0
-121.83,39.76,3.1142,1,0
-121.82,39.76,3.0068,1,0
-121.86,39.78,3.0905,1,0
-121.85,39.77,1.9362,1,0
-121.84,39.76,2.3155,1,0
-121.86,39.76,2.0094,1,0
-121.89,39.76,3.07,1,0
-121.88,39.74,1.6785,1,0
-121.87,39.75,3.6625,1,0
-121.86,39.75,3.5046,1,0
-121.87,39.74,3.9,1,0
-121.85,39.75,1.8095,1,0
-121.85,39.74,2.2833,1,0
-121.85,39.74,1.5633,1,0
-121.85,39.73,3.4191,1,0
-121.85,39.73,0.9393,1,0
-121.86,39.74,1.1019,1,0
-121.84,39.75,1.7284,1,0
-121.84,39.74,2.2621,1,0
-121.83,39.74,2.575,1,0
-121.8,39.75,4.3309,1,0
-121.82,39.75,3.0253,1,0
-121.82,39.75,3.2016,1,0
-121.8,39.75,3.1125,1,0
-121.79,39.73,3.0625,1,0
-121.78,39.71,2.125,1,0
-121.82,39.73,2.2925,1,0
-121.84,39.73,1.6797,1,0
-121.84,39.73,1.5481,1,0
-121.84,39.73,0.987,1,0
-121.84,39.72,0.9566,1,0
-121.84,39.73,1.3672,1,0
-121.83,39.73,2.0064,1,0
-121.85,39.72,1.6911,1,0
-121.83,39.72,1.6827,1,0
-121.81,39.7,1.5863,1,0
-121.82,39.73,1.7426,1,0
-121.82,39.72,1.5064,1,0
-121.81,39.71,2.0288,1,0
-121.87,39.82,4.5032,1,0
-121.89,39.71,3.7007,1,0
-121.97,39.79,3.5735,1,0
-121.84,39.68,3.5375,1,0
-121.8,39.64,2.8306,1,0
-121.77,39.66,4.712,1,0
-121.74,39.59,2.3833,1,0
-121.9,39.59,3.0625,1,0
-121.75,39.88,2.7143,1,0
-121.68,39.82,3.5189,1,0
-121.54,40.06,2.4028,1,0
-121.51,39.97,2.3036,1,0
-121.59,39.86,2.8657,1,0
-121.58,39.83,2.2419,1,0
-121.6,39.8,2.4537,1,0
-121.62,39.79,2.5374,1,0
-121.59,39.82,2.3507,1,0
-121.6,39.83,2.3079,1,0
-121.63,39.82,2.6147,1,0
-121.6,39.79,2.567,1,0
-121.59,39.79,1.625,1,0
-121.59,39.78,1.4048,1,0
-121.59,39.78,2.1838,1,0
-121.6,39.77,1.875,1,0
-121.61,39.77,2.963,1,0
-121.63,39.78,2.6823,1,0
-121.57,39.8,2.1912,1,0
-121.57,39.78,2.0458,1,0
-121.59,39.77,2.3068,1,0
-121.58,39.79,2.7863,1,0
-121.57,39.76,2.0882,1,0
-121.58,39.76,3.1061,1,0
-121.58,39.76,1.7875,1,0
-121.59,39.75,2.2,1,0
-121.6,39.77,2.3403,1,0
-121.6,39.76,1.8245,1,0
-121.61,39.76,2.5428,1,0
-121.62,39.77,1.8125,1,0
-121.65,39.76,3.0,1,0
-121.63,39.76,2.8182,1,0
-121.62,39.76,1.7788,1,0
-121.62,39.75,1.0625,1,0
-121.63,39.75,1.8616,1,0
-121.64,39.74,2.3711,1,0
-121.71,39.71,3.066,1,0
-121.66,39.66,2.9625,1,0
-121.56,39.69,3.13,1,0
-121.57,39.74,2.4623,1,0
-121.59,39.74,2.3798,1,0
-121.6,39.75,1.9766,1,0
-121.6,39.68,2.3958,1,0
-121.5,39.83,1.6948,1,0
-121.41,39.72,2.3895,1,0
-121.39,39.61,2.8871,1,0
-121.24,39.65,2.3684,1,0
-121.19,39.55,1.4896,1,0
-121.36,39.52,2.3917,1,0
-121.56,39.52,1.7708,1,0
-121.56,39.52,1.7308,1,0
-121.56,39.53,1.5771,1,0
-121.54,39.6,2.1467,1,0
-121.46,39.54,2.9562,1,0
-121.49,39.52,3.9028,1,0
-121.44,39.5,3.0446,1,0
-121.47,39.49,3.2174,1,0
-121.47,39.51,2.6921,1,0
-121.53,39.53,4.5156,1,0
-121.53,39.52,2.4821,1,0
-121.53,39.52,2.9688,1,0
-121.54,39.51,2.502,1,0
-121.52,39.51,2.334,1,0
-121.55,39.51,2.0357,1,0
-121.55,39.51,0.8024,1,0
-121.55,39.51,1.1607,1,0
-121.56,39.51,1.3654,1,0
-121.56,39.51,1.6352,1,0
-121.57,39.5,1.5714,1,0
-121.58,39.52,1.9956,1,0
-121.58,39.51,1.6389,1,0
-121.58,39.5,2.1658,1,0
-121.62,39.5,1.6346,1,0
-121.61,39.52,1.8661,1,0
-121.65,39.53,1.4833,1,0
-121.57,39.48,0.8252,1,0
-121.55,39.5,1.0585,1,0
-121.54,39.5,1.3289,1,0
-121.53,39.49,1.5313,1,0
-121.54,39.48,1.8047,1,0
-121.54,39.47,2.4952,1,0
-121.55,39.48,2.2045,1,0
-121.49,39.49,2.9965,1,0
-121.52,39.5,3.2833,1,0
-121.52,39.49,2.6563,1,0
-121.52,39.48,2.0455,1,0
-121.55,39.45,1.3611,1,0
-121.53,39.44,2.6071,1,0
-121.55,39.44,1.7727,1,0
-121.52,39.43,2.3566,1,0
-121.46,39.4,2.425,1,0
-121.39,39.39,3.0208,1,0
-121.54,39.33,2.5313,1,0
-121.59,39.39,2.1776,1,0
-121.67,39.37,1.9943,1,0
-121.65,39.35,1.7552,1,0
-121.67,39.34,2.6607,1,0
-121.65,39.32,2.7891,1,0
-121.69,39.36,2.3224,1,0
-121.7,39.37,1.7885,1,0
-121.7,39.36,1.91,1,0
-121.7,39.36,2.0474,1,0
-121.69,39.36,1.8355,1,0
-121.74,39.38,2.3243,1,0
-121.8,39.33,2.5259,1,0
-121.71,39.42,2.2813,1,0
-121.71,39.41,2.1728,1,0
-121.75,39.4,2.4943,1,0
-121.79,39.48,3.3929,1,0
-120.46,38.15,2.3816,1,0
-120.55,38.12,2.5,1,0
-120.56,38.09,2.3654,1,0
-120.55,38.07,2.9063,1,0
-120.54,38.07,2.2875,1,0
-120.67,37.97,2.6528,1,0
-120.46,38.09,3.0,1,0
-120.79,38.24,2.9821,1,0
-120.9,38.2,2.0472,1,0
-120.88,38.16,4.0109,1,0
-120.91,38.11,3.636,1,0
-120.76,38.12,3.8488,1,0
-120.65,38.28,2.1382,1,0
-120.72,38.24,2.5473,1,0
-120.67,38.19,2.0417,1,0
-120.57,38.2,2.6417,1,0
-120.43,38.25,2.4583,1,0
-120.56,38.39,2.6667,1,0
-120.54,38.41,2.5667,1,0
-120.42,38.42,2.7344,1,0
-120.41,38.33,3.024,1,0
-120.55,38.31,1.625,1,0
-120.57,38.35,2.2604,1,0
-120.36,38.21,2.8208,1,0
-120.34,38.23,3.75,1,0
-120.33,38.26,4.4063,1,0
-120.34,38.25,2.9821,1,0
-120.37,38.23,2.6942,1,0
-120.37,38.25,2.5352,1,0
-120.27,38.29,3.3542,1,0
-120.27,38.31,3.075,1,0
-120.19,38.42,3.125,1,0
-121.91,39.03,2.7841,1,0
-122.0,38.99,2.9489,1,0
-122.13,39.0,2.2754,1,0
-121.99,39.15,2.7137,1,0
-122.04,39.22,3.2625,1,0
-122.08,39.25,3.017,1,0
-122.33,39.1,2.25,1,0
-122.2,39.15,3.125,1,0
-122.09,39.13,2.331,1,0
-122.05,39.34,2.875,1,0
-122.17,39.31,2.5625,1,0
-122.51,39.3,1.7463,1,0
-122.01,39.21,2.2679,1,0
-122.01,39.21,2.5556,1,0
-122.01,39.21,2.4559,1,0
-121.96,39.3,2.1845,1,0
-121.65,38.03,3.4402,1,0
-121.63,38.03,3.6694,1,0
-121.63,38.04,3.2619,1,0
-121.73,38.0,5.0016,1,0
-121.72,38.0,4.9618,1,0
-121.72,37.98,5.0468,1,0
-121.68,37.98,3.6411,1,0
-121.7,37.98,5.1041,1,0
-121.71,37.99,3.3558,1,0
-121.67,37.99,4.375,1,0
-121.68,37.93,1.6554,1,0
-121.7,37.94,2.8828,1,0
-121.69,37.95,3.8125,1,0
-121.7,37.96,3.2813,1,0
-121.66,37.93,4.7426,1,0
-121.7,37.91,4.8958,1,0
-121.7,37.93,2.2216,1,0
-121.74,37.95,5.7104,1,0
-121.7,37.93,4.6587,1,0
-121.6,37.91,5.1017,1,0
-121.6,37.9,6.9051,1,0
-121.61,37.86,3.691,1,0
-121.64,37.85,4.4583,1,0
-121.8,38.01,2.2532,1,0
-121.81,38.01,2.2361,1,0
-121.81,38.01,2.2639,1,0
-121.82,38.02,2.2361,1,0
-121.82,38.01,2.1719,1,0
-121.82,38.01,1.5988,1,0
-121.82,38.01,3.4722,1,0
-121.84,38.02,0.536,1,0
-121.78,38.01,4.4491,1,0
-121.79,38.01,3.1728,1,0
-121.79,38.0,3.6118,1,0
-121.8,38.01,2.7234,1,0
-121.8,38.01,3.5179,1,0
-121.78,38.0,5.3245,1,0
-121.77,38.01,3.9861,1,0
-121.81,37.99,4.8194,1,0
-121.81,37.99,5.1435,1,0
-121.82,37.98,5.0164,1,0
-121.82,38.01,2.6364,1,0
-121.82,38.0,2.8466,1,0
-121.81,38.0,2.905,1,0
-121.82,38.0,4.4583,1,0
-121.85,38.0,4.2647,1,0
-121.85,38.0,2.0411,1,0
-121.83,38.0,2.5495,1,0
-121.83,38.0,4.8359,1,0
-121.83,37.99,4.9167,1,0
-121.83,37.99,4.4853,1,0
-121.83,37.99,4.7566,1,0
-121.83,38.0,1.7161,1,0
-121.84,37.99,3.3625,1,0
-121.84,37.99,4.6029,1,0
-121.83,37.99,5.6779,1,0
-121.79,38.0,2.5893,1,0
-121.79,37.99,5.6506,1,0
-121.79,37.99,5.7321,1,0
-121.8,38.0,3.5368,1,0
-121.8,37.99,5.5,1,0
-121.77,37.99,5.4409,1,0
-121.88,38.03,4.1111,1,0
-121.9,38.04,1.2024,1,0
-121.86,38.04,1.3958,1,0
-121.87,38.02,2.7083,1,0
-121.88,38.03,2.0,1,0
-121.9,38.03,2.0034,1,0
-121.88,38.02,2.5737,1,0
-121.89,38.02,3.3371,1,0
-121.9,38.02,3.6154,1,0
-121.87,38.02,3.1389,1,0
-121.88,38.0,4.1947,1,0
-121.88,38.01,2.7374,1,0
-121.89,38.01,4.2227,1,0
-121.88,38.0,5.3098,1,0
-121.86,38.0,3.5857,1,0
-121.86,38.0,5.25,1,0
-121.89,37.99,4.1016,1,0
-121.88,37.99,5.5676,1,0
-121.87,38.0,4.8542,1,0
-121.87,37.99,4.9783,1,0
-121.89,38.01,3.0042,1,0
-121.9,38.02,2.1417,1,0
-121.9,38.01,4.6628,1,0
-121.92,38.02,5.102,1,0
-121.89,38.01,4.0972,1,0
-121.9,38.01,3.5129,1,0
-121.9,38.0,4.1094,1,0
-121.9,38.0,6.0497,1,0
-121.92,38.01,6.1237,1,0
-121.93,38.01,5.3363,1,0
-121.93,38.02,5.1337,1,0
-121.95,38.03,4.0767,1,0
-121.94,38.03,1.4871,1,0
-121.96,38.02,3.016,1,0
-121.95,38.02,2.1013,1,0
-121.94,38.02,2.7907,1,0
-121.92,38.03,3.5436,1,0
-121.92,38.02,4.2067,1,0
-121.91,38.02,3.4817,1,0
-121.97,38.04,2.5833,1,0
-121.97,38.03,3.7043,1,0
-121.98,38.05,3.3661,1,0
-122.02,38.02,4.8693,1,0
-122.0,38.03,6.0424,1,0
-122.14,38.02,2.0523,1,0
-122.14,38.03,2.5795,1,0
-122.13,38.02,2.9583,1,0
-122.13,38.01,1.8523,1,0
-122.14,38.01,4.5,1,0
-122.13,38.01,2.1974,1,0
-122.13,38.0,2.5481,1,0
-122.16,38.02,5.1265,1,0
-122.11,38.01,3.1711,1,0
-122.11,38.01,3.3831,1,0
-122.12,38.0,4.2042,1,0
-122.12,38.01,3.9519,1,0
-122.12,38.01,3.609,1,0
-122.12,38.01,4.1189,1,0
-122.09,38.02,3.8824,1,0
-122.1,38.02,3.6523,1,0
-122.07,38.0,3.625,1,0
-122.09,38.0,5.2015,1,0
-122.11,38.0,5.76,1,0
-122.08,37.99,5.0509,1,0
-122.09,37.99,5.4496,1,0
-122.11,37.99,5.1297,1,0
-122.11,37.99,4.3875,1,0
-122.08,37.97,6.6579,1,0
-122.09,37.97,6.9961,1,0
-122.11,37.98,6.135,1,0
-122.09,37.98,5.6875,1,0
-122.12,37.99,4.675,1,0
-122.1,37.97,5.6931,1,0
-122.1,37.96,4.3571,1,0
-122.1,37.96,6.3699,1,0
-122.07,37.99,4.5401,1,0
-122.07,37.98,4.0154,1,0
-122.07,37.97,3.7262,1,0
-122.07,37.96,5.0172,1,0
-122.06,37.96,4.2917,1,0
-122.08,37.96,6.0859,1,0
-122.06,37.95,4.7386,1,0
-122.07,37.95,4.5893,1,0
-122.08,37.95,5.0672,1,0
-122.08,37.95,4.8702,1,0
-122.07,37.96,5.0445,1,0
-122.06,37.96,3.9816,1,0
-122.05,37.95,4.175,1,0
-122.05,37.94,2.5459,1,0
-122.06,37.94,2.5268,1,0
-122.07,37.94,3.5057,1,0
-122.07,37.94,2.892,1,0
-122.08,37.93,5.0761,1,0
-122.08,37.94,4.725,1,0
-122.07,37.94,4.475,1,0
-122.09,37.95,6.0265,1,0
-122.09,37.94,6.1922,1,0
-122.04,38.0,3.2484,1,0
-122.04,37.99,3.2,1,0
-122.04,37.99,4.125,1,0
-122.05,37.97,6.1359,1,0
-122.06,37.99,2.8043,1,0
-122.06,37.99,1.8229,1,0
-122.05,38.0,3.7333,1,0
-122.05,38.0,2.3462,1,0
-122.03,37.98,1.3894,1,0
-122.04,37.97,2.3152,1,0
-122.03,38.0,5.7295,1,0
-122.03,38.01,4.5707,1,0
-122.04,37.99,3.8897,1,0
-122.03,37.98,3.6042,1,0
-122.02,38.0,4.6375,1,0
-122.03,37.99,4.9022,1,0
-122.02,37.99,4.45,1,0
-122.03,37.99,4.59,1,0
-122.03,37.98,3.4531,1,0
-122.01,37.98,3.5179,1,0
-122.01,37.98,4.317,1,0
-122.0,37.98,5.1118,1,0
-122.0,37.97,5.1021,1,0
-122.01,37.97,3.6449,1,0
-122.02,37.98,2.8456,1,0
-122.02,37.98,3.4187,1,0
-122.0,37.99,5.4607,1,0
-122.0,37.98,5.0915,1,0
-121.99,37.98,4.4536,1,0
-121.99,37.97,6.2135,1,0
-122.0,37.98,4.9219,1,0
-122.0,37.98,4.525,1,0
-122.01,37.98,4.0507,1,0
-122.01,37.99,3.7841,1,0
-121.95,37.96,6.1436,1,0
-121.97,37.97,6.1168,1,0
-121.97,37.97,5.0092,1,0
-121.97,37.96,4.7891,1,0
-121.96,37.96,5.2145,1,0
-121.96,37.95,3.6133,1,0
-121.98,37.96,3.65,1,0
-121.97,37.97,5.7512,1,0
-121.98,37.97,5.9617,1,0
-121.98,37.97,5.2442,1,0
-121.99,37.97,5.1333,1,0
-121.99,37.97,4.6071,1,0
-122.0,37.96,3.7,1,0
-122.0,37.96,4.5833,1,0
-121.96,37.95,3.0859,1,0
-121.97,37.95,5.431,1,0
-121.98,37.96,3.1573,1,0
-121.99,37.96,7.6166,1,0
-121.99,37.96,5.5872,1,0
-121.98,37.95,6.7371,1,0
-121.98,37.95,6.7821,1,0
-122.01,37.97,5.3794,1,0
-122.02,37.97,4.0,1,0
-122.03,37.97,3.25,1,0
-122.04,37.97,2.9861,1,0
-122.03,37.97,2.9915,1,0
-122.04,37.96,2.9097,1,0
-122.04,37.97,2.5841,1,0
-122.04,37.97,3.1968,1,0
-122.04,37.96,2.2411,1,0
-122.05,37.96,3.8456,1,0
-122.04,37.96,3.6964,1,0
-122.04,37.96,1.837,1,0
-122.05,37.95,3.1838,1,0
-122.05,37.95,5.4482,1,0
-122.01,37.95,6.0901,1,0
-122.02,37.96,6.6727,1,0
-122.03,37.96,2.1083,1,0
-122.03,37.95,3.1719,1,0
-122.02,37.95,2.4519,1,0
-122.03,37.95,4.9485,1,0
-122.02,37.95,5.6642,1,0
-122.02,37.94,4.2569,1,0
-122.01,37.94,6.7061,1,0
-122.02,37.94,4.125,1,0
-122.01,37.94,6.0704,1,0
-122.01,37.94,6.3809,1,0
-122.0,37.95,6.8145,1,0
-122.01,37.93,7.5898,1,0
-122.04,37.95,3.1406,1,0
-122.04,37.94,5.6292,1,0
-122.05,37.94,4.6602,1,0
-122.04,37.95,4.7188,1,0
-122.05,37.95,2.85,1,0
-122.03,37.94,5.5777,1,0
-122.03,37.93,6.0918,1,0
-122.05,37.93,4.0473,1,0
-122.05,37.93,4.45,1,0
-122.05,37.92,4.7094,1,0
-122.02,37.92,7.4713,1,0
-122.03,37.92,6.5847,1,0
-122.01,37.91,7.6877,1,0
-122.03,37.91,5.0362,1,0
-122.06,37.91,4.1612,1,0
-122.06,37.9,2.6998,1,0
-122.06,37.89,3.1002,1,0
-122.07,37.93,5.0255,1,0
-122.07,37.93,3.7433,1,0
-122.07,37.92,4.4312,1,0
-122.08,37.92,4.4561,1,0
-122.08,37.92,6.195,1,0
-122.07,37.91,5.0391,1,0
-122.07,37.91,3.6833,1,0
-122.08,37.9,5.0499,1,0
-122.09,37.91,7.0895,1,0
-122.07,37.89,4.3864,1,0
-122.08,37.89,6.2924,1,0
-122.08,37.9,5.1097,1,0
-122.07,37.89,5.5636,1,0
-122.07,37.89,5.6558,1,0
-122.06,37.88,6.5378,1,0
-122.05,37.87,6.7192,1,0
-122.05,37.9,2.9526,1,0
-122.05,37.9,4.6528,1,0
-122.05,37.89,4.2625,1,0
-122.04,37.89,7.5349,1,0
-122.05,37.9,4.8088,1,0
-122.04,37.9,5.6986,1,0
-122.02,37.89,7.5,1,0
-122.04,37.88,4.6424,1,0
-122.03,37.86,6.112,1,0
-122.04,37.85,9.5862,1,0
-121.94,37.73,6.2726,1,0
-121.94,37.73,6.1265,1,0
-121.93,37.73,6.2048,1,0
-121.93,37.73,3.375,1,0
-121.95,37.74,6.3325,1,0
-121.95,37.74,6.2631,1,0
-121.94,37.75,6.2781,1,0
-121.92,37.73,2.4821,1,0
-121.93,37.74,6.8806,1,0
-121.94,37.75,6.6204,1,0
-121.97,37.79,6.6131,1,0
-121.98,37.8,7.6473,1,0
-121.98,37.8,8.155,1,0
-121.98,37.81,5.5921,1,0
-121.96,37.81,8.3188,1,0
-121.97,37.8,7.9168,1,0
-121.94,37.8,7.8287,1,0
-121.97,37.79,6.7857,1,0
-121.95,37.78,6.3942,1,0
-121.96,37.76,9.7037,1,0
-121.94,37.76,4.6932,1,0
-121.93,37.76,10.3345,1,0
-121.92,37.74,12.5915,1,0
-121.93,37.78,3.1591,1,0
-121.96,37.74,15.0001,1,2
-121.97,37.76,6.7027,1,0
-121.97,37.77,7.2216,1,0
-121.98,37.74,7.9393,1,0
-122.02,37.84,7.7072,1,0
-122.01,37.83,6.5617,1,0
-122.0,37.82,4.6042,1,0
-121.99,37.82,3.375,1,0
-122.03,37.83,9.8708,1,0
-121.99,37.77,5.1755,1,0
-121.99,37.81,4.9018,1,0
-122.02,37.8,7.6518,1,0
-122.03,37.87,8.2673,1,0
-122.02,37.88,7.3732,1,0
-122.02,37.87,8.4352,1,0
-122.03,37.86,7.2655,1,0
-122.0,37.86,10.7372,1,0
-121.97,37.87,13.4883,1,-1
-121.96,37.84,7.5139,1,0
-122.0,37.84,9.5271,1,0
-121.96,37.85,12.2478,1,0
-121.99,37.83,8.0839,1,0
-121.98,37.82,8.003,1,0
-121.95,37.81,9.0776,1,0
-122.1,37.93,8.039,1,0
-122.12,37.94,10.4549,1,0
-122.1,37.9,6.5095,1,0
-122.14,37.9,10.3224,1,0
-122.12,37.91,8.3678,1,0
-122.09,37.89,6.8686,1,0
-122.1,37.89,5.2079,1,0
-122.11,37.89,4.3235,1,0
-122.11,37.88,6.4666,1,0
-122.12,37.88,8.0448,1,0
-122.12,37.89,4.125,1,0
-122.13,37.89,2.7411,1,0
-122.13,37.87,10.3713,1,0
-122.14,37.88,6.2275,1,0
-122.07,37.88,3.5536,1,0
-122.08,37.88,2.3971,1,0
-122.08,37.88,2.933,1,0
-122.08,37.87,2.9167,1,0
-122.06,37.85,3.6437,1,0
-122.07,37.86,3.12,1,0
-122.06,37.86,4.4551,1,0
-122.07,37.86,3.5893,1,0
-122.08,37.87,2.4896,1,0
-122.1,37.88,7.2315,1,0
-122.09,37.86,7.6202,1,0
-122.11,37.87,6.5814,1,0
-122.12,37.85,8.0074,1,0
-122.08,37.84,11.7064,1,0
-122.12,37.81,7.6717,1,0
-122.12,37.82,6.6657,1,0
-122.11,37.83,7.203,1,0
-122.08,37.82,11.3421,1,0
-122.14,37.86,4.5744,1,0
-122.14,37.85,7.3267,1,0
-122.14,37.84,5.6349,1,0
-122.16,37.83,7.52,1,0
-122.16,37.86,8.1586,1,0
-122.18,37.88,4.9,1,0
-122.18,37.86,8.9571,1,0
-122.16,37.89,8.7589,1,0
-122.17,37.88,7.6917,1,0
-122.17,37.88,7.6107,1,0
-122.17,37.87,6.917,1,0
-122.22,37.88,2.4444,1,0
-122.2,37.89,7.3195,1,0
-122.2,37.88,7.7736,1,0
-122.18,37.91,10.9405,1,0
-122.2,37.9,10.3416,1,0
-122.18,37.9,9.0064,1,0
-122.18,37.89,8.1489,1,0
-121.84,37.98,5.2699,1,0
-121.81,37.97,6.4753,1,0
-121.78,37.97,5.5601,1,0
-121.83,37.95,2.875,1,0
-121.94,37.83,10.5815,1,0
-121.89,37.82,13.2949,1,-1
-121.91,37.81,13.1499,1,-1
-121.82,37.81,8.3209,1,0
-121.96,37.99,2.9591,1,0
-121.96,37.94,5.1582,1,0
-121.96,37.95,4.1483,1,0
-121.95,37.94,6.8642,1,0
-121.97,37.93,6.6134,1,0
-122.01,37.92,8.3956,1,0
-122.01,37.92,8.1163,1,0
-121.99,37.92,9.0243,1,0
-121.93,37.89,7.3445,1,0
-121.92,37.96,5.2798,1,0
-121.94,37.95,7.1978,1,0
-121.91,37.93,8.7059,1,0
-121.94,37.94,6.2296,1,0
-121.94,37.93,7.5695,1,0
-121.93,37.93,6.299,1,0
-121.93,37.93,6.6049,1,0
-121.95,37.94,5.9346,1,0
-122.25,38.02,5.7001,1,0
-122.25,38.03,5.6293,1,0
-122.21,38.02,6.0224,1,0
-122.2,37.96,6.7741,1,0
-122.23,38.06,3.125,1,0
-122.23,38.05,2.5517,1,0
-122.21,38.06,3.6154,1,0
-122.2,38.04,5.6022,1,0
-122.26,38.03,4.4474,1,0
-122.27,38.04,2.3103,1,0
-122.26,38.03,3.9345,1,0
-122.26,38.04,2.694,1,0
-122.25,38.05,1.6767,1,0
-122.32,38.06,5.0969,1,0
-122.28,38.0,3.4471,1,0
-122.29,38.0,4.025,1,0
-122.36,38.03,4.3173,1,0
-122.3,38.0,4.4394,1,0
-122.31,38.0,4.621,1,0
-122.31,38.01,3.2759,1,0
-122.28,37.99,4.375,1,0
-122.26,37.98,5.1178,1,0
-122.27,37.99,5.8899,1,0
-122.27,37.98,6.0289,1,0
-122.26,38.02,5.0473,1,0
-122.24,38.01,5.7862,1,0
-122.24,38.01,6.0102,1,0
-122.25,38.0,6.5006,1,0
-122.26,38.0,4.2269,1,0
-122.26,38.0,5.2375,1,0
-122.27,38.0,5.8418,1,0
-122.27,38.0,6.1576,1,0
-122.26,38.0,6.2073,1,0
-122.29,37.98,5.1046,1,0
-122.28,37.96,5.5,1,0
-122.27,37.97,6.0666,1,0
-122.3,37.97,3.6393,1,0
-122.3,37.97,3.5353,1,0
-122.29,37.97,4.4911,1,0
-122.3,37.97,3.375,1,0
-122.29,37.94,4.4387,1,0
-122.32,37.95,4.45,1,0
-122.31,37.94,3.8343,1,0
-122.31,37.94,4.3958,1,0
-122.32,37.95,4.35,1,0
-122.31,37.99,4.2348,1,0
-122.3,37.98,3.6518,1,0
-122.32,37.97,3.9722,1,0
-122.32,38.01,4.6944,1,0
-122.33,38.0,2.9781,1,0
-122.31,38.0,4.3333,1,0
-122.32,37.99,4.2852,1,0
-122.32,38.0,4.0437,1,0
-122.34,37.99,2.6167,1,0
-122.33,37.98,6.0115,1,0
-122.33,37.99,3.911,1,0
-122.39,38.0,4.125,1,0
-122.36,37.96,0.716,1,0
-122.36,37.96,1.5347,1,0
-122.36,37.95,1.8333,1,0
-122.37,37.95,1.6023,1,0
-122.37,37.95,0.9797,1,0
-122.37,37.96,0.7403,1,0
-122.41,37.98,1.4583,1,0
-122.34,37.98,3.9773,1,0
-122.35,37.98,3.7562,1,0
-122.34,37.97,6.0426,1,0
-122.35,37.96,2.0353,1,0
-122.35,37.97,2.5863,1,0
-122.35,37.97,3.2188,1,0
-122.32,37.97,4.6937,1,0
-122.32,37.97,4.5,1,0
-122.33,37.97,3.3125,1,0
-122.33,37.98,4.4135,1,0
-122.33,37.97,3.5463,1,0
-122.34,37.97,2.3382,1,0
-122.33,37.96,3.9118,1,0
-122.35,37.96,2.5164,1,0
-122.35,37.96,1.875,1,0
-122.35,37.96,2.0724,1,0
-122.35,37.95,2.6328,1,0
-122.35,37.96,2.5461,1,0
-122.36,37.96,1.8664,1,0
-122.32,37.96,3.375,1,0
-122.32,37.96,4.0417,1,0
-122.32,37.95,2.5769,1,0
-122.33,37.95,2.1915,1,0
-122.34,37.96,2.1991,1,0
-122.34,37.96,2.5382,1,0
-122.32,37.94,3.7277,1,0
-122.32,37.94,5.5196,1,0
-122.32,37.93,3.9464,1,0
-122.33,37.95,3.7708,1,0
-122.33,37.94,2.8833,1,0
-122.33,37.94,3.5848,1,0
-122.33,37.94,3.1571,1,0
-122.33,37.94,3.9417,1,0
-122.33,37.94,4.0526,1,0
-122.34,37.95,3.6719,1,0
-122.33,37.95,3.0313,1,0
-122.33,37.95,4.0927,1,0
-122.34,37.95,3.0694,1,0
-122.34,37.95,2.875,1,0
-122.34,37.95,3.2333,1,0
-122.34,37.95,3.2833,1,0
-122.35,37.95,3.0737,1,0
-122.35,37.95,3.6094,1,0
-122.36,37.95,2.7714,1,0
-122.34,37.94,3.942,1,0
-122.34,37.94,2.7391,1,0
-122.34,37.94,1.681,1,0
-122.34,37.94,3.125,1,0
-122.35,37.94,2.3456,1,0
-122.35,37.94,1.6571,1,0
-122.35,37.94,2.8967,1,0
-122.36,37.95,1.5139,1,0
-122.36,37.94,3.0862,1,0
-122.36,37.94,0.9687,1,0
-122.36,37.94,1.3365,1,0
-122.36,37.94,1.822,1,0
-122.37,37.94,1.3167,1,0
-122.35,37.93,1.7865,1,0
-122.35,37.93,2.3352,1,0
-122.36,37.94,1.6,1,0
-122.36,37.93,3.05,1,0
-122.37,37.94,1.0521,1,0
-122.37,37.93,1.75,1,0
-122.38,37.91,5.0524,1,0
-122.42,37.93,4.016,1,0
-122.41,37.94,3.2875,1,0
-122.34,37.93,2.1287,1,0
-122.35,37.93,1.7257,1,0
-122.36,37.93,1.7727,1,0
-122.36,37.93,1.9375,1,0
-122.37,37.93,0.8641,1,0
-122.33,37.91,1.125,1,0
-122.35,37.92,1.9224,1,0
-122.36,37.92,1.3929,1,0
-122.35,37.91,4.2895,1,0
-122.33,37.93,2.3475,1,0
-122.33,37.93,3.0156,1,0
-122.34,37.93,1.4423,1,0
-122.34,37.93,2.64,1,0
-122.35,37.93,3.2222,1,0
-122.32,37.92,5.0187,1,0
-122.33,37.92,2.2301,1,0
-122.32,37.92,3.2674,1,0
-122.32,37.91,2.6399,1,0
-122.31,37.91,2.7628,1,0
-122.31,37.91,3.6417,1,0
-122.31,37.91,4.1146,1,0
-122.31,37.93,5.3433,1,0
-122.31,37.93,5.0399,1,0
-122.32,37.93,5.1067,1,0
-122.32,37.94,6.2712,1,0
-122.3,37.92,6.0677,1,0
-122.29,37.92,5.943,1,0
-122.29,37.92,6.516,1,0
-122.3,37.93,4.5,1,0
-122.31,37.93,3.5089,1,0
-122.32,37.93,2.675,1,0
-122.31,37.92,2.8456,1,0
-122.31,37.92,3.724,1,0
-122.31,37.92,2.5,1,0
-122.32,37.92,3.3594,1,0
-122.31,37.92,4.1587,1,0
-122.3,37.92,4.0804,1,0
-122.31,37.91,2.7243,1,0
-122.3,37.91,2.9441,1,0
-122.3,37.91,3.6321,1,0
-122.3,37.9,2.9219,1,0
-122.3,37.9,3.4091,1,0
-122.3,37.9,2.3946,1,0
-122.3,37.9,2.2672,1,0
-122.29,37.92,6.0,1,0
-122.29,37.91,5.1691,1,0
-122.29,37.91,4.0536,1,0
-122.29,37.91,5.5357,1,0
-122.29,37.9,4.4286,1,0
-122.28,37.91,6.5576,1,0
-122.28,37.9,6.3538,1,0
-122.28,37.9,4.1212,1,0
-122.28,37.91,5.828,1,0
-122.27,37.91,6.3669,1,0
-122.28,37.91,7.3089,1,0
-124.17,41.8,3.7557,1,-1
-124.3,41.8,1.9797,1,0
-124.23,41.75,2.4805,1,-1
-124.21,41.77,2.5795,1,-1
-124.19,41.78,1.6654,1,0
-124.22,41.73,1.7038,1,0
-124.21,41.75,2.0074,1,0
-124.17,41.76,2.4605,1,0
-124.16,41.74,2.1829,1,0
-124.14,41.95,2.275,1,0
-124.16,41.92,2.1336,1,0
-124.3,41.84,3.0313,1,-1
-124.15,41.81,2.2868,1,0
-123.91,41.68,2.9688,1,-1
-123.83,41.88,3.13,1,-1
-123.92,41.54,2.0202,1,0
-119.94,38.96,1.5536,1,0
-119.95,38.95,2.625,1,0
-119.95,38.95,2.02,1,0
-119.95,38.95,1.7245,1,0
-119.94,38.95,2.32,1,0
-119.95,38.94,2.5875,1,0
-119.93,38.94,2.4917,1,0
-119.97,38.94,1.9667,1,0
-119.97,38.93,3.1806,1,0
-119.98,38.96,3.5417,1,0
-119.96,38.94,2.2589,1,0
-119.96,38.94,1.8906,1,0
-119.96,38.93,2.83,1,0
-119.94,38.92,4.6,1,0
-119.98,38.94,1.9018,1,0
-119.98,38.94,4.0417,1,0
-119.99,38.94,3.1625,1,0
-119.99,38.94,3.0806,1,0
-119.99,38.93,2.9091,1,0
-119.98,38.93,2.3281,1,0
-119.98,38.93,2.6607,1,0
-119.98,38.92,3.15,1,0
-119.98,38.92,2.0708,1,0
-120.0,38.93,3.9722,1,0
-120.01,38.93,2.996,1,0
-120.0,38.92,3.3295,1,0
-120.0,38.92,3.5,1,0
-120.01,38.92,1.7188,1,0
-120.01,38.92,2.675,1,0
-120.02,38.91,2.2056,1,0
-120.02,38.92,3.2396,1,0
-120.01,38.91,2.0938,1,0
-120.01,38.91,1.9851,1,0
-120.01,38.89,3.0089,1,0
-120.0,38.9,1.9727,1,0
-119.99,38.88,2.7457,1,0
-119.98,38.9,3.5,1,0
-119.92,38.91,5.0718,1,0
-120.0,38.87,4.225,1,0
-119.96,38.84,3.5714,1,0
-120.02,38.76,4.3333,1,0
-120.04,38.86,3.7891,1,0
-120.03,38.89,3.8333,1,0
-120.02,38.86,3.017,1,0
-120.13,39.06,2.875,1,0
-120.16,39.04,4.0313,1,0
-120.16,39.01,4.975,1,0
-120.06,39.01,4.0714,1,0
-120.1,38.91,1.875,1,0
-120.97,38.91,4.8311,1,0
-121.04,38.81,3.93,1,0
-120.72,38.94,3.7625,1,0
-120.88,38.91,2.902,1,0
-120.92,38.86,3.2027,1,0
-120.87,38.83,2.8562,1,0
-120.84,38.81,3.1635,1,0
-120.81,38.89,2.9444,1,0
-120.79,38.83,1.7222,1,0
-120.71,38.85,3.4688,1,0
-120.5,38.87,4.9583,1,0
-120.3,38.9,0.9227,1,-1
-121.09,38.68,4.7083,1,0
-121.08,38.67,6.844,1,0
-121.07,38.66,4.6394,1,0
-121.06,38.7,6.314,1,0
-121.0,38.58,5.3344,1,0
-121.01,38.73,4.7276,1,0
-120.99,38.69,4.1163,1,0
-121.02,38.66,4.5246,1,0
-120.99,38.67,5.4413,1,0
-120.98,38.67,5.584,1,0
-120.98,38.66,3.225,1,0
-120.98,38.68,3.2964,1,0
-120.95,38.69,5.2032,1,0
-120.96,38.66,3.9036,1,0
-120.97,38.65,4.0714,1,0
-120.93,38.65,4.5568,1,0
-120.91,38.62,4.1843,1,0
-120.95,38.79,4.3981,1,0
-120.93,38.77,5.5111,1,0
-120.91,38.73,4.835,1,0
-120.87,38.71,4.0,1,0
-120.84,38.77,4.825,1,0
-120.86,38.75,2.5625,1,0
-120.83,38.74,2.2269,1,0
-120.84,38.73,2.8807,1,0
-120.81,38.73,2.5104,1,0
-120.78,38.74,2.1603,1,0
-120.81,38.74,2.3314,1,0
-120.76,38.76,2.6392,1,0
-120.76,38.73,1.5625,1,0
-120.78,38.73,2.9844,1,0
-120.81,38.73,2.7273,1,0
-120.78,38.72,3.6406,1,0
-120.67,38.76,2.1682,1,0
-120.7,38.75,2.9,1,0
-120.71,38.73,2.9219,1,0
-120.58,38.77,4.03,1,0
-120.58,38.77,2.3583,1,0
-120.6,38.76,3.0217,1,0
-120.59,38.76,1.7266,1,0
-120.63,38.75,2.7201,1,0
-120.7,38.69,4.0709,1,0
-120.63,38.73,4.0675,1,0
-120.62,38.71,4.0197,1,0
-120.63,38.68,3.0789,1,0
-120.54,38.75,3.9812,1,0
-120.76,38.6,2.5865,1,0
-120.66,38.61,2.5042,1,0
-120.72,38.57,2.6833,1,0
-120.59,38.53,3.6125,1,0
-120.44,38.61,3.5192,1,0
-120.32,38.71,3.5667,1,0
-120.08,38.8,4.625,1,0
-120.88,38.58,4.0827,1,0
-120.84,38.63,5.7373,1,0
-120.81,38.67,3.0565,1,0
-120.76,38.65,3.5511,1,0
-120.85,38.69,3.4872,1,0
-120.79,38.7,2.3319,1,0
-119.81,36.73,2.101,1,0
-119.81,36.73,1.372,1,0
-119.81,36.74,1.5625,1,0
-119.79,36.73,1.975,1,0
-119.8,36.73,1.7011,1,0
-119.8,36.72,0.9513,1,0
-119.81,36.72,1.5833,1,0
-119.81,36.73,2.2206,1,0
-119.77,36.73,2.1518,1,0
-119.77,36.72,1.4427,1,0
-119.78,36.73,1.2344,1,0
-119.77,36.73,1.7829,1,0
-119.77,36.75,1.5227,1,0
-119.77,36.74,1.5547,1,0
-119.78,36.74,2.5045,1,0
-119.78,36.75,1.2375,1,0
-119.78,36.75,1.2813,1,0
-119.79,36.74,1.0513,1,0
-119.79,36.74,2.1094,1,0
-119.8,36.74,0.799,1,0
-119.8,36.75,1.3527,1,0
-119.79,36.75,1.123,1,0
-119.82,36.74,1.8967,1,0
-119.82,36.72,1.6435,1,0
-119.82,36.72,2.6176,1,0
-119.83,36.73,2.4137,1,0
-119.83,36.72,4.35,1,0
-119.83,36.71,2.4167,1,0
-119.79,36.72,1.25,1,0
-119.8,36.71,2.0043,1,0
-119.81,36.71,1.5625,1,0
-119.8,36.72,1.0481,1,0
-119.8,36.72,1.0472,1,0
-119.79,36.7,1.3922,1,0
-119.8,36.7,1.3304,1,0
-119.81,36.7,1.2404,1,0
-119.78,36.72,2.1458,1,0
-119.79,36.72,1.3047,1,0
-119.78,36.71,1.3587,1,0
-119.74,36.71,2.1905,1,0
-119.76,36.71,1.5611,1,0
-119.76,36.72,2.875,1,0
-119.75,36.71,1.4577,1,0
-119.74,36.73,2.3269,1,0
-119.74,36.72,2.1304,1,0
-119.75,36.72,1.3343,1,0
-119.76,36.73,1.8723,1,0
-119.76,36.73,1.4419,1,0
-119.75,36.73,1.6325,1,0
-119.74,36.73,2.0536,1,0
-119.69,36.75,4.7463,1,0
-119.67,36.74,2.7813,1,0
-119.69,36.74,1.5449,1,0
-119.69,36.75,4.0027,1,0
-119.67,36.73,4.9196,1,0
-119.69,36.73,7.2211,1,-1
-119.69,36.74,3.5128,1,0
-119.69,36.71,4.4583,1,0
-119.67,36.72,2.6875,1,0
-119.73,36.73,1.4007,1,0
-119.72,36.73,1.4646,1,0
-119.72,36.72,6.8162,1,-1
-119.73,36.72,0.6991,1,0
-119.73,36.73,2.2437,1,0
-119.71,36.73,5.2608,1,0
-119.72,36.71,3.0179,1,0
-119.73,36.72,2.0294,1,0
-119.73,36.68,1.7986,1,0
-119.69,36.69,2.1563,1,0
-119.76,36.68,1.8355,1,0
-119.67,36.65,3.9211,1,0
-119.63,36.64,3.4107,1,0
-119.65,36.62,1.6607,1,0
-119.68,36.63,3.0139,1,0
-119.74,36.65,2.9013,1,0
-119.68,36.62,1.6602,1,0
-119.73,36.62,3.5781,1,0
-119.73,36.59,3.3438,1,0
-119.8,36.68,2.1691,1,0
-119.78,36.65,2.77,1,0
-119.82,36.64,2.2466,1,0
-119.8,36.65,1.7692,1,0
-119.89,36.73,2.6146,1,0
-119.87,36.72,2.0658,1,0
-119.89,36.7,2.5809,1,0
-119.85,36.74,3.5375,1,0
-119.84,36.77,1.4817,1,0
-119.83,36.76,1.976,1,0
-119.82,36.75,2.0781,1,0
-119.84,36.75,1.575,1,0
-119.83,36.75,1.3929,1,0
-119.81,36.76,2.9306,1,0
-119.81,36.76,2.2029,1,0
-119.81,36.75,1.7636,1,0
-119.82,36.76,1.8971,1,0
-119.82,36.76,1.4028,1,0
-119.8,36.76,1.6429,1,0
-119.8,36.75,1.7298,1,0
-119.81,36.76,2.4375,1,0
-119.8,36.76,2.3952,1,0
-119.79,36.76,1.175,1,0
-119.79,36.75,1.0,1,0
-119.8,36.75,1.5273,1,0
-119.79,36.76,2.1055,1,0
-119.78,36.76,1.7344,1,0
-119.78,36.75,1.2937,1,0
-119.78,36.75,1.4635,1,0
-119.78,36.76,1.75,1,0
-119.76,36.76,1.4766,1,0
-119.76,36.75,2.19,1,0
-119.76,36.75,1.2545,1,0
-119.77,36.76,1.2101,1,0
-119.77,36.76,1.869,1,0
-119.77,36.76,1.5174,1,0
-119.76,36.75,1.6548,1,0
-119.76,36.74,1.3029,1,0
-119.77,36.74,1.8667,1,0
-119.77,36.74,3.3125,1,0
-119.77,36.75,1.7083,1,0
-119.76,36.75,1.8641,1,0
-119.74,36.75,2.9545,1,0
-119.74,36.74,1.2065,1,0
-119.75,36.74,1.8958,1,0
-119.75,36.75,1.9955,1,0
-119.75,36.75,2.5111,1,0
-119.74,36.76,1.7994,1,0
-119.74,36.76,1.4766,1,0
-119.75,36.76,1.4107,1,0
-119.75,36.76,1.3278,1,0
-119.72,36.76,2.3006,1,0
-119.72,36.75,2.6611,1,0
-119.73,36.76,3.1,1,0
-119.72,36.75,3.9514,1,0
-119.73,36.74,1.6073,1,0
-119.73,36.75,3.1719,1,0
-119.7,36.75,2.4956,1,0
-119.71,36.74,2.4728,1,0
-119.71,36.76,2.3108,1,0
-119.7,36.8,3.8088,1,0
-119.71,36.79,3.6681,1,0
-119.71,36.77,2.1461,1,0
-119.73,36.8,3.1417,1,0
-119.72,36.8,2.1653,1,0
-119.72,36.8,3.1953,1,0
-119.71,36.8,3.9338,1,0
-119.71,36.8,3.25,1,0
-119.71,36.81,2.0536,1,0
-119.7,36.8,2.6932,1,0
-119.71,36.8,3.0,1,0
-119.72,36.8,2.625,1,0
-119.73,36.8,3.7578,1,0
-119.72,36.81,2.6767,1,0
-119.73,36.77,2.9406,1,0
-119.74,36.77,2.5737,1,0
-119.75,36.77,2.6726,1,0
-119.75,36.78,2.4405,1,0
-119.75,36.78,2.3333,1,0
-119.74,36.78,2.2467,1,0
-119.76,36.77,2.785,1,0
-119.76,36.77,2.1439,1,0
-119.77,36.77,2.0564,1,0
-119.77,36.78,2.5434,1,0
-119.77,36.78,1.9375,1,0
-119.77,36.77,1.2176,1,0
-119.78,36.77,2.3562,1,0
-119.78,36.78,1.9784,1,0
-119.79,36.77,2.0357,1,0
-119.8,36.77,3.8105,1,0
-119.8,36.78,2.2614,1,0
-119.79,36.78,2.319,1,0
-119.79,36.77,2.3967,1,0
-119.81,36.78,3.5972,1,0
-119.81,36.77,3.15,1,0
-119.81,36.77,2.5804,1,0
-119.81,36.77,3.4265,1,0
-119.81,36.78,3.625,1,0
-119.82,36.78,2.6127,1,0
-119.82,36.77,3.0568,1,0
-119.82,36.77,2.9081,1,0
-119.83,36.77,2.4286,1,0
-119.83,36.77,2.625,1,0
-119.83,36.78,2.8359,1,0
-119.87,36.79,3.6522,1,0
-119.87,36.79,3.0938,1,0
-119.89,36.79,3.7821,1,0
-119.87,36.78,3.4213,1,0
-119.85,36.78,2.7857,1,0
-119.86,36.78,2.9853,1,0
-119.85,36.77,2.0446,1,0
-119.85,36.77,2.9315,1,0
-119.85,36.76,1.8214,1,0
-119.85,36.75,2.8194,1,0
-119.87,36.76,2.875,1,0
-119.9,36.79,3.3125,1,0
-119.89,36.76,4.1719,1,0
-119.92,36.77,3.6204,1,0
-120.08,36.79,2.9808,1,0
-120.21,36.77,2.3194,1,0
-120.1,36.66,1.7,1,0
-119.98,36.74,3.4861,1,0
-120.0,36.7,2.6852,1,0
-120.04,36.74,1.6168,1,0
-120.05,36.72,1.8299,1,0
-120.08,36.72,3.6,1,0
-120.06,36.72,1.8,1,0
-120.07,36.74,3.087,1,0
-119.95,36.8,3.4297,1,0
-119.99,36.8,3.2813,1,0
-120.02,36.8,2.1618,1,0
-120.04,36.79,2.7917,1,0
-119.91,36.83,3.8056,1,0
-119.88,36.81,1.3221,1,0
-119.88,36.85,7.5,1,-1
-119.87,36.83,5.1781,1,0
-119.85,36.83,6.7181,1,-1
-119.85,36.83,4.8036,1,0
-119.86,36.82,4.7622,1,0
-119.85,36.82,3.3239,1,0
-119.85,36.82,5.5842,1,0
-119.85,36.82,5.5405,1,0
-119.88,36.83,4.2132,1,0
-119.86,36.81,3.3942,1,0
-119.87,36.81,4.6726,1,0
-119.85,36.81,3.755,1,0
-119.85,36.8,3.6563,1,0
-119.85,36.8,2.9565,1,0
-119.86,36.8,2.5595,1,0
-119.84,36.85,10.5144,1,-1
-119.85,36.84,8.9669,1,-1
-119.84,36.84,8.7716,1,-1
-119.84,36.83,6.8645,1,-1
-119.83,36.83,6.9903,1,-1
-119.82,36.83,5.3241,1,0
-119.84,36.83,7.4201,1,-1
-119.82,36.83,6.1175,1,0
-119.84,36.82,5.5357,1,0
-119.83,36.82,7.2909,1,-1
-119.82,36.82,5.2809,1,0
-119.82,36.81,5.0698,1,0
-119.84,36.81,7.7062,1,-1
-119.78,36.86,8.3608,1,-1
-119.77,36.86,8.2737,1,-1
-119.77,36.85,5.9897,1,0
-119.77,36.84,5.3886,1,0
-119.77,36.84,3.2569,1,0
-119.78,36.84,3.2147,1,0
-119.78,36.85,2.8274,1,0
-119.78,36.86,4.2071,1,0
-119.79,36.85,1.9511,1,0
-119.79,36.84,1.7926,1,0
-119.8,36.86,3.7656,1,0
-119.81,36.85,4.2304,1,0
-119.82,36.84,5.4868,1,0
-119.82,36.84,3.3229,1,0
-119.81,36.83,4.049,1,0
-119.81,36.83,5.6445,1,0
-119.78,36.83,2.3667,1,0
-119.79,36.82,3.2143,1,0
-119.8,36.83,4.3315,1,0
-119.79,36.83,2.2215,1,0
-119.79,36.82,3.4167,1,0
-119.78,36.82,1.7708,1,0
-119.8,36.82,3.4542,1,0
-119.81,36.81,5.4513,1,0
-119.8,36.8,6.3359,1,0
-119.81,36.8,6.1575,1,0
-119.83,36.8,3.8571,1,0
-119.82,36.8,2.9471,1,0
-119.81,36.8,3.5958,1,0
-119.83,36.8,3.125,1,0
-119.84,36.8,3.4074,1,0
-119.84,36.8,2.0469,1,0
-119.83,36.79,3.3272,1,0
-119.83,36.78,2.5223,1,0
-119.84,36.78,1.3385,1,0
-119.84,36.79,3.3447,1,0
-119.83,36.79,1.9575,1,0
-119.81,36.78,2.0324,1,0
-119.81,36.78,3.0,1,0
-119.82,36.78,2.6055,1,0
-119.82,36.79,2.6522,1,0
-119.82,36.79,1.6854,1,0
-119.81,36.79,2.9506,1,0
-119.79,36.79,1.9386,1,0
-119.79,36.78,2.03,1,0
-119.8,36.78,3.5542,1,0
-119.81,36.79,2.4167,1,0
-119.8,36.79,5.187,1,0
-119.79,36.81,3.069,1,0
-119.78,36.8,1.8514,1,0
-119.79,36.8,3.32,1,0
-119.79,36.81,4.25,1,0
-119.77,36.79,3.2642,1,0
-119.78,36.78,2.3293,1,0
-119.79,36.79,2.256,1,0
-119.79,36.79,1.5122,1,0
-119.78,36.79,2.9301,1,0
-119.76,36.79,2.1544,1,0
-119.76,36.78,2.1383,1,0
-119.77,36.79,2.9937,1,0
-119.76,36.79,3.3281,1,0
-119.74,36.79,2.1573,1,0
-119.75,36.78,2.293,1,0
-119.76,36.8,2.5893,1,0
-119.77,36.8,2.9244,1,0
-119.78,36.8,2.8994,1,0
-119.76,36.8,2.2094,1,0
-119.77,36.8,2.7222,1,0
-119.74,36.8,2.4678,1,0
-119.75,36.8,2.3333,1,0
-119.75,36.8,2.197,1,0
-119.76,36.81,1.2716,1,0
-119.77,36.81,3.4279,1,0
-119.76,36.82,2.3375,1,0
-119.77,36.81,3.567,1,0
-119.78,36.82,3.625,1,0
-119.78,36.83,4.2153,1,0
-119.76,36.83,4.5179,1,0
-119.76,36.83,5.2595,1,0
-119.77,36.83,4.7804,1,0
-119.77,36.83,5.0635,1,0
-119.76,36.83,4.0196,1,0
-119.75,36.83,4.9292,1,0
-119.74,36.83,4.1098,1,0
-119.77,36.91,5.3272,1,0
-119.75,36.87,5.0941,1,0
-119.74,36.85,3.9032,1,0
-119.7,36.94,2.4861,1,0
-119.71,36.88,6.9405,1,-1
-119.69,36.86,4.0,1,0
-119.69,36.85,4.5398,1,0
-119.67,36.89,5.308,1,0
-119.7,36.83,2.5904,1,0
-119.7,36.82,2.3173,1,0
-119.7,36.81,2.7159,1,0
-119.71,36.83,1.8061,1,0
-119.71,36.83,3.5078,1,0
-119.73,36.83,5.3478,1,0
-119.73,36.83,5.0828,1,0
-119.71,36.82,2.3381,1,0
-119.71,36.81,1.6618,1,0
-119.71,36.81,1.7969,1,0
-119.72,36.81,2.9453,1,0
-119.73,36.81,2.7778,1,0
-119.72,36.82,1.9483,1,0
-119.72,36.82,2.2639,1,0
-119.69,36.83,3.9943,1,0
-119.69,36.83,4.9327,1,0
-119.69,36.83,1.4913,1,0
-119.69,36.83,3.1814,1,0
-119.67,36.83,4.4356,1,0
-119.67,36.83,5.0864,1,0
-119.68,36.83,6.1133,1,0
-119.67,36.82,4.5577,1,0
-119.67,36.81,4.9432,1,0
-119.68,36.81,5.0253,1,0
-119.69,36.82,1.8021,1,0
-119.69,36.82,4.81,1,0
-119.68,36.81,3.9792,1,0
-119.69,36.81,2.5446,1,0
-119.69,36.81,4.4934,1,0
-119.68,36.8,4.2066,1,0
-119.69,36.8,3.2813,1,0
-119.67,36.8,6.011,1,0
-119.69,36.79,3.7697,1,0
-119.68,36.79,3.5417,1,0
-119.69,36.79,2.7404,1,0
-119.69,36.77,2.6875,1,0
-119.69,36.79,4.0993,1,0
-119.68,36.77,6.0132,1,0
-119.64,36.85,4.9904,1,0
-119.64,36.82,5.6739,1,0
-119.63,36.79,4.526,1,0
-119.63,36.76,4.925,1,0
-119.63,36.7,3.0833,1,0
-119.53,36.78,4.5625,1,0
-119.58,36.83,5.4895,1,0
-119.58,36.77,4.0227,1,0
-119.59,36.72,4.5375,1,0
-119.5,36.74,4.5938,1,0
-119.57,36.72,3.6161,1,0
-119.56,36.71,2.5741,1,0
-119.56,36.71,2.181,1,0
-119.57,36.71,2.6458,1,0
-119.57,36.7,2.6823,1,0
-119.56,36.7,2.1182,1,0
-119.55,36.7,2.3687,1,0
-119.57,36.7,3.1442,1,0
-119.57,36.7,3.7261,1,0
-119.58,36.69,1.9766,1,0
-119.55,36.69,1.7132,1,0
-119.54,36.7,2.2448,1,0
-119.55,36.71,1.9076,1,0
-119.55,36.72,2.1515,1,0
-119.52,36.71,2.59,1,0
-119.47,36.69,3.2917,1,0
-119.41,36.68,3.4044,1,0
-119.43,36.63,3.625,1,0
-119.39,36.64,2.3618,1,0
-119.4,36.59,3.5074,1,0
-119.49,37.1,2.3359,1,0
-119.61,36.94,4.2679,1,0
-119.57,37.02,3.332,1,0
-119.48,37.0,3.1736,1,0
-119.46,36.91,3.9141,1,0
-119.33,36.89,2.0,1,0
-119.21,37.25,4.1838,1,0
-118.94,37.13,4.1563,1,0
-119.4,37.09,3.3269,1,0
-119.34,37.12,3.875,1,0
-119.28,37.11,3.0729,1,0
-119.32,37.06,5.1314,1,0
-118.91,36.79,3.7857,0,0
-119.24,36.8,2.6902,1,0
-119.25,36.71,2.2202,1,0
-119.12,36.69,2.2278,1,0
-119.34,36.62,2.6058,1,0
-119.31,36.63,1.6486,1,0
-119.31,36.62,1.7292,1,0
-119.32,36.62,1.5642,1,0
-119.31,36.62,1.4481,1,0
-119.43,36.61,2.4219,1,0
-119.44,36.6,2.2863,1,0
-119.44,36.6,2.0417,1,0
-119.45,36.6,2.5,1,0
-119.46,36.61,3.625,1,0
-119.45,36.61,3.7917,1,0
-119.44,36.61,3.9073,1,0
-119.43,36.59,1.767,1,0
-119.44,36.59,2.825,1,0
-119.45,36.6,1.8975,1,0
-119.44,36.59,1.516,1,0
-119.46,36.6,3.9844,1,0
-119.45,36.59,1.6875,1,0
-119.44,36.58,2.5234,1,0
-119.45,36.58,3.7813,1,0
-119.45,36.59,3.825,1,0
-119.55,36.6,2.309,1,0
-119.54,36.61,1.4937,1,0
-119.55,36.61,1.586,1,0
-119.5,36.62,2.2206,1,0
-119.49,36.58,1.9913,1,0
-119.52,36.61,1.8958,1,0
-119.53,36.61,1.5625,1,0
-119.6,36.66,1.6094,1,0
-119.59,36.64,3.0521,1,0
-119.53,36.65,2.5562,1,0
-119.63,36.6,1.9676,1,0
-119.62,36.58,2.6858,1,0
-119.59,36.57,3.5987,1,0
-119.6,36.58,2.8287,1,0
-119.61,36.58,2.6974,1,0
-119.62,36.59,4.0197,1,0
-119.61,36.59,2.2727,1,0
-119.6,36.57,2.5556,1,0
-119.6,36.57,1.8333,1,0
-119.61,36.57,1.5833,1,0
-119.63,36.58,1.2647,1,0
-119.6,36.56,1.4415,1,0
-119.64,36.56,2.0658,1,0
-119.61,36.56,1.625,1,0
-119.62,36.56,1.8878,1,0
-119.53,36.55,3.2917,1,0
-119.54,36.52,4.2045,1,0
-119.55,36.51,2.2132,1,0
-119.56,36.51,1.6635,1,0
-119.56,36.51,2.5033,1,0
-119.55,36.52,3.0294,1,0
-119.56,36.53,3.2019,1,0
-119.73,36.56,3.0469,1,0
-119.67,36.57,2.1908,1,0
-119.65,36.51,3.1333,1,0
-119.59,36.52,3.3214,1,0
-119.73,36.52,2.5921,1,0
-119.77,36.44,3.2083,1,0
-119.69,36.46,2.8125,1,0
-119.69,36.43,1.7813,1,0
-119.87,36.54,2.4044,1,0
-119.79,36.55,2.0216,1,0
-119.81,36.51,2.7321,1,0
-119.84,36.54,2.4375,1,0
-119.83,36.54,2.5208,1,0
-119.89,36.64,2.975,1,0
-119.97,36.57,2.0313,1,0
-119.9,36.58,2.4814,1,0
-119.81,36.6,2.4006,1,0
-119.86,36.45,2.4474,1,0
-119.86,36.43,1.7176,1,0
-119.85,36.43,2.8913,1,0
-119.97,36.44,2.1771,1,0
-120.08,36.34,2.1153,1,0
-120.1,36.16,2.3295,1,0
-120.1,36.21,1.5086,1,0
-120.09,36.19,1.4191,1,0
-120.27,36.29,2.4398,1,0
-120.43,36.18,2.1458,1,0
-120.37,36.16,3.0658,1,0
-120.36,36.14,1.8264,1,0
-120.38,36.15,2.7461,1,0
-120.37,36.13,3.2639,1,0
-120.37,36.15,4.381,1,0
-120.35,36.16,2.7792,1,0
-120.35,36.14,1.7075,1,0
-120.36,36.13,3.0134,1,0
-120.31,36.65,2.25,1,0
-120.25,36.65,2.4937,1,0
-120.18,36.59,2.3026,1,0
-120.19,36.61,2.293,1,0
-120.19,36.6,1.5536,1,0
-120.22,36.49,2.4786,1,0
-120.41,36.77,1.947,1,0
-120.67,36.72,2.5,1,0
-120.51,36.55,1.9417,1,0
-120.39,36.78,1.7184,1,0
-120.38,36.75,1.9056,1,0
-120.38,36.76,1.8125,1,0
-120.38,36.76,1.4038,1,0
-120.46,36.87,1.3386,1,0
-120.45,36.86,2.3523,1,0
-120.44,36.84,2.8182,1,0
-120.45,36.85,2.1759,1,0
-120.51,36.86,2.4414,1,0
-120.55,36.97,2.3295,1,0
-120.69,36.84,2.2083,1,0
-119.55,36.51,4.125,1,0
-119.54,36.51,4.625,1,0
-122.2,39.75,2.0192,1,0
-122.18,39.75,1.6948,1,0
-122.16,39.74,3.0469,1,0
-122.19,39.74,2.3507,1,0
-122.25,39.79,3.0469,1,0
-122.16,39.78,2.325,1,0
-122.13,39.74,2.2569,1,0
-122.18,39.7,3.35,1,0
-122.23,39.75,1.9375,1,0
-122.74,39.71,1.6607,1,0
-122.38,39.68,2.3851,1,0
-122.14,39.65,3.6429,1,0
-122.18,39.55,3.25,1,0
-122.53,39.5,2.4861,1,0
-122.19,39.53,2.165,1,0
-122.2,39.53,2.3566,1,0
-122.23,39.53,1.3708,1,0
-122.22,39.51,2.1,1,0
-122.2,39.52,2.0625,1,0
-122.2,39.51,2.8333,1,0
-122.19,39.5,2.1705,1,0
-122.04,39.72,2.5625,1,0
-122.05,39.6,2.8466,1,0
-122.1,39.47,2.4917,1,0
-121.94,39.45,1.832,1,0
-122.01,39.74,2.1746,1,0
-124.17,40.8,0.957,1,0
-124.16,40.8,1.7308,1,0
-124.16,40.79,1.7778,1,0
-124.17,40.8,1.585,1,0
-124.17,40.8,1.8529,1,0
-124.16,40.79,2.2566,1,0
-124.16,40.78,2.5417,1,0
-124.17,40.78,1.6369,1,0
-124.19,40.78,1.8242,1,0
-124.18,40.79,1.745,1,0
-124.18,40.79,1.4668,1,0
-124.17,40.79,1.9688,1,0
-124.16,40.78,2.9038,1,0
-124.16,40.77,2.8529,1,0
-124.17,40.77,2.2227,1,0
-124.18,40.78,2.5536,1,0
-124.18,40.78,2.5096,1,0
-124.18,40.78,2.1607,1,0
-124.17,40.75,4.8516,1,-1
-124.17,40.76,2.8056,1,0
-124.19,40.77,2.442,1,0
-124.15,40.81,1.75,1,0
-124.14,40.8,2.5,1,0
-124.15,40.8,1.755,1,0
-124.16,40.8,1.6111,1,0
-124.16,40.8,1.1386,1,0
-124.14,40.79,2.4896,1,0
-124.15,40.78,3.1711,1,0
-124.16,40.78,3.8,1,0
-124.16,40.79,2.1135,1,0
-124.15,40.79,3.0216,1,0
-124.14,40.78,3.4219,1,0
-124.14,40.77,2.9143,1,0
-124.15,40.76,3.375,1,0
-124.15,40.78,3.3984,1,0
-124.11,40.81,2.5536,1,0
-124.13,40.78,2.1101,1,0
-124.13,40.8,2.2478,1,0
-124.13,40.79,2.8833,1,0
-124.13,40.79,3.5833,1,0
-124.06,40.86,3.2216,1,0
-124.05,40.85,3.5156,1,0
-124.02,40.8,3.9792,1,0
-124.08,40.86,1.1157,1,0
-124.09,40.86,1.1742,1,0
-124.09,40.87,1.1576,1,0
-124.07,40.87,2.2138,1,0
-124.08,40.87,1.1479,1,0
-124.09,40.88,2.2188,1,0
-124.07,40.87,0.7684,1,0
-124.15,40.88,1.725,1,0
-124.1,40.88,2.0657,1,0
-124.09,40.88,1.5326,1,0
-124.09,40.88,2.4321,1,0
-124.1,40.9,2.7321,1,0
-124.23,40.81,3.3462,1,0
-124.06,40.88,2.5667,1,0
-123.74,40.66,3.0469,1,0
-124.08,40.91,1.6667,1,0
-123.76,41.03,2.0644,1,0
-123.85,41.32,1.0486,1,0
-123.72,41.09,1.8208,1,0
-123.63,41.11,1.4911,1,0
-123.66,41.3,1.8065,1,0
-123.52,41.01,2.1542,1,0
-124.08,41.36,2.0156,1,0
-124.06,41.13,2.4708,1,0
-124.14,41.06,3.0208,1,0
-124.1,41.04,1.9741,1,0
-124.01,40.97,3.538,1,0
-124.0,40.92,2.9485,1,0
-124.01,40.89,2.4559,1,0
-123.98,40.88,2.6923,1,0
-123.88,40.93,3.2891,1,0
-124.16,41.02,2.1726,1,0
-124.08,40.99,2.6847,1,0
-124.16,40.95,3.1406,1,0
-124.11,40.95,2.96,1,0
-124.09,40.95,2.5893,1,0
-124.11,40.93,3.5076,1,0
-124.11,40.93,2.7639,1,0
-124.08,40.94,2.3147,1,0
-124.09,40.92,2.8182,1,0
-124.05,40.94,5.0329,1,-1
-124.1,40.95,1.8993,1,0
-124.07,40.81,2.9911,1,0
-124.02,40.72,3.8095,1,0
-124.1,40.73,3.9659,1,0
-124.17,40.74,4.0357,1,0
-124.14,40.72,2.8446,1,0
-124.14,40.67,4.2054,1,0
-124.19,40.73,3.5363,1,0
-124.21,40.75,1.6528,1,0
-124.27,40.69,2.5179,1,0
-124.18,40.62,3.0536,1,0
-124.17,40.62,2.8958,1,0
-124.13,40.62,2.5804,1,0
-124.16,40.6,2.4519,1,0
-124.15,40.59,2.0938,1,0
-124.14,40.6,4.025,1,0
-124.14,40.59,1.5625,1,0
-124.14,40.59,2.178,1,0
-124.05,40.59,3.4408,1,0
-124.09,40.55,2.7644,1,0
-123.96,40.57,2.3167,1,0
-123.73,40.48,1.7153,1,0
-124.14,40.58,2.6987,1,0
-124.14,40.57,2.1354,1,0
-124.11,40.57,2.4896,1,0
-124.13,40.55,3.25,1,0
-124.1,40.5,2.2357,1,0
-124.1,40.5,1.7574,1,0
-124.09,40.44,2.3947,1,0
-124.1,40.47,3.5345,1,0
-124.03,40.45,2.6094,1,0
-124.26,40.58,2.3571,1,0
-124.23,40.54,3.0806,1,0
-124.35,40.54,3.0147,1,0
-124.25,40.28,1.9417,1,0
-124.08,40.06,2.625,1,0
-124.0,40.22,1.319,1,0
-123.84,40.28,2.0962,1,0
-123.68,40.24,1.725,1,0
-123.82,40.16,1.2227,1,0
-123.82,40.12,2.087,1,0
-123.75,40.11,1.9625,1,0
-123.78,40.05,2.1864,1,0
-115.52,33.12,1.8793,0,0
-115.52,33.13,2.163,0,0
-115.51,33.12,2.101,0,0
-115.46,33.19,1.0,0,0
-115.51,33.24,1.6552,0,0
-115.6,33.2,2.4511,0,0
-115.73,33.09,2.9,0,0
-115.62,33.04,2.0463,0,0
-115.62,33.04,2.2969,0,0
-115.6,33.04,3.3472,0,0
-115.41,32.99,3.4038,0,0
-115.59,32.96,3.1979,0,0
-115.52,32.98,1.4583,0,0
-115.52,32.98,2.2054,0,0
-115.53,32.99,1.7159,0,0
-115.51,32.99,1.9088,0,0
-115.54,32.99,1.5372,0,0
-115.54,32.98,1.9464,0,0
-115.54,32.99,4.3523,0,0
-115.55,32.98,3.2593,0,0
-115.54,32.97,3.0091,0,0
-115.53,32.97,2.4063,0,0
-115.55,32.98,5.4349,0,-1
-115.56,32.96,3.8177,0,0
-115.53,32.97,1.5217,0,0
-115.52,32.97,1.975,0,0
-115.52,32.97,1.9911,0,0
-115.32,32.82,3.6528,0,0
-115.39,32.76,6.2558,0,-1
-115.4,32.86,3.3182,0,0
-115.37,32.81,2.3594,0,0
-115.37,32.82,1.9375,0,0
-115.37,32.82,3.5735,0,0
-115.38,32.82,1.9939,0,0
-115.38,32.81,1.8958,0,0
-115.37,32.81,1.7604,0,0
-115.57,32.85,3.2396,0,0
-115.57,32.85,1.7411,0,0
-115.57,32.84,1.9531,0,0
-115.57,32.83,3.5282,0,0
-115.59,32.85,4.875,0,-1
-115.6,32.87,4.1293,0,0
-115.49,32.87,3.3583,0,0
-115.64,32.8,3.1667,0,0
-115.69,32.79,2.1792,0,0
-115.73,32.8,2.2083,0,0
-115.72,32.75,2.0938,0,0
-115.64,32.75,1.625,0,0
-115.58,32.81,4.475,0,-1
-115.55,32.82,2.5664,0,0
-115.58,32.81,3.6597,0,0
-115.57,32.8,1.7188,0,0
-115.57,32.8,1.1853,0,0
-115.57,32.8,1.875,0,0
-115.48,32.8,2.6172,0,0
-115.52,32.77,2.2417,0,0
-115.53,32.73,1.735,0,0
-115.52,32.73,2.3571,0,0
-115.5,32.75,3.4107,0,0
-115.55,32.8,2.1136,0,0
-115.55,32.79,1.2083,0,0
-115.54,32.79,1.6607,0,0
-115.54,32.79,1.275,0,0
-115.55,32.79,1.6351,0,0
-115.57,32.8,4.5714,0,-1
-115.56,32.8,2.1979,0,0
-115.56,32.8,1.5987,0,0
-115.56,32.8,1.3882,0,0
-115.56,32.79,1.3373,0,0
-115.56,32.78,3.2083,0,0
-115.56,32.79,1.1707,0,0
-115.57,32.79,1.6667,0,0
-115.56,32.78,3.0603,0,0
-115.56,32.78,4.6154,0,-1
-115.57,32.78,5.128,0,-1
-115.56,32.78,3.1597,0,0
-115.55,32.78,2.8025,0,0
-115.58,32.78,5.7843,0,-1
-115.59,32.79,6.3814,0,-1
-115.58,32.79,1.6635,0,0
-115.57,32.79,3.6042,0,0
-115.57,32.78,4.0375,0,0
-115.57,32.78,6.2715,0,-1
-115.57,32.78,4.3021,0,0
-115.56,32.76,4.4821,0,-1
-115.59,32.69,2.5769,0,0
-115.49,32.69,1.899,0,0
-115.4,32.7,1.6838,0,0
-115.49,32.67,1.375,0,0
-115.49,32.67,1.4828,0,0
-115.48,32.68,2.3319,0,0
-115.5,32.68,1.5931,0,0
-115.5,32.67,2.1776,0,0
-115.49,32.67,1.1311,0,0
-115.51,32.68,2.625,0,0
-115.52,32.67,2.0625,0,0
-116.05,33.33,1.7292,0,0
-116.0,33.19,1.2639,0,0
-115.88,32.93,4.0208,0,0
-116.0,32.74,1.4338,0,0
-115.9,32.69,1.5417,0,0
-116.01,33.41,2.8684,0,0
-115.99,33.4,2.0109,0,0
-115.94,33.38,2.7,0,0
-115.98,33.32,1.4688,0,0
-115.91,33.36,0.922,0,0
-115.9,33.34,1.7857,0,0
-115.96,33.3,1.125,0,0
-115.95,33.28,1.8958,0,0
-115.8,33.26,5.3374,0,-1
-114.73,33.43,0.8964,0,-1
-114.98,33.07,3.1607,0,0
-115.73,33.36,1.7727,0,0
-115.73,33.35,1.2132,0,0
-114.65,32.79,0.8571,0,-1
-114.55,32.8,1.275,0,-1
-114.63,32.76,0.8585,0,-1
-114.66,32.74,1.2049,0,-1
-118.18,37.35,2.1212,0,-1
-118.43,37.4,4.1576,0,-1
-118.6,37.39,3.2132,1,-1
-118.45,37.25,3.0817,0,-1
-118.45,37.37,4.337,0,-1
-118.42,37.35,4.375,0,-1
-118.42,37.36,1.7388,0,-1
-118.4,37.36,1.9722,0,-1
-118.39,37.37,1.8325,0,-1
-118.39,37.36,2.3261,0,-1
-118.3,37.17,2.75,0,-1
-117.9,36.95,1.7292,0,-1
-118.31,36.94,2.325,0,-1
-118.05,36.64,2.0357,0,-1
-118.18,36.63,2.2574,0,-1
-117.69,36.13,1.7868,0,-1
-117.02,36.4,2.1,0,-1
-116.22,36.0,1.1471,0,-1
-119.02,35.42,2.7583,0,0
-119.03,35.42,2.5703,0,0
-119.03,35.42,2.6094,0,0
-119.03,35.45,4.3162,0,0
-119.05,35.44,3.0268,0,0
-119.02,35.44,4.0125,0,0
-119.02,35.43,3.1736,0,0
-119.02,35.42,2.2727,0,0
-119.02,35.42,1.8472,0,0
-119.02,35.42,1.4598,0,0
-119.03,35.42,1.6286,0,0
-119.03,35.41,1.7857,0,0
-119.04,35.42,1.8403,0,0
-119.05,35.42,2.8393,0,0
-119.05,35.42,2.325,0,0
-119.02,35.41,2.0575,0,0
-119.02,35.41,1.97,0,0
-119.03,35.41,2.0331,0,0
-119.04,35.41,3.0625,0,0
-119.02,35.41,1.3222,0,0
-119.03,35.4,2.1818,0,0
-119.04,35.41,1.3587,0,0
-119.08,35.42,5.5261,0,0
-119.07,35.42,2.6812,0,0
-119.09,35.41,5.6235,0,0
-119.11,35.42,10.0263,0,-1
-119.09,35.43,4.8571,0,0
-119.05,35.4,3.8611,0,0
-119.08,35.39,5.575,0,0
-119.01,35.4,1.7109,0,0
-119.01,35.39,1.8289,0,0
-119.01,35.38,1.4427,0,0
-119.02,35.39,1.3527,0,0
-118.99,35.4,4.0208,0,0
-118.99,35.4,3.5714,0,0
-119.0,35.4,4.3906,0,0
-119.0,35.39,3.7708,0,0
-119.0,35.39,2.8295,0,0
-118.97,35.41,3.996,0,0
-118.97,35.4,3.1906,0,0
-118.98,35.4,2.8393,0,0
-118.98,35.4,2.9821,0,0
-118.98,35.4,3.4205,0,0
-118.98,35.41,3.875,0,0
-118.96,35.4,3.2325,0,0
-118.96,35.41,2.947,0,0
-118.95,35.4,3.6875,0,0
-118.96,35.4,3.5524,0,0
-118.96,35.39,3.1297,0,0
-118.96,35.38,3.6734,0,0
-118.95,35.38,3.5938,0,0
-118.96,35.38,3.0568,0,0
-118.94,35.38,3.7533,0,0
-118.95,35.38,3.725,0,0
-118.92,35.38,3.8307,0,0
-118.95,35.41,3.875,0,0
-118.94,35.4,4.2214,0,0
-118.94,35.39,5.4592,0,0
-118.94,35.39,7.7751,0,-1
-118.9,35.41,3.0938,0,0
-118.94,35.41,6.3639,0,-1
-118.91,35.4,2.569,0,0
-118.87,35.37,3.5441,0,0
-118.91,35.37,3.3462,0,0
-118.88,35.34,2.1111,0,0
-118.92,35.37,2.4919,0,0
-118.93,35.37,2.6903,0,0
-118.94,35.37,2.0643,0,0
-118.94,35.37,1.8523,0,0
-118.95,35.37,2.1588,0,0
-118.94,35.37,2.875,0,0
-118.95,35.37,1.6728,0,0
-118.96,35.37,1.7467,0,0
-118.96,35.37,1.365,0,0
-118.97,35.39,2.774,0,0
-118.97,35.38,1.625,0,0
-118.98,35.38,1.0648,0,0
-118.97,35.38,0.9951,0,0
-118.97,35.37,1.8819,0,0
-118.97,35.38,1.375,0,0
-118.99,35.38,1.4024,0,0
-118.99,35.38,1.3451,0,0
-118.98,35.39,1.4146,0,0
-118.98,35.38,1.4786,0,0
-118.98,35.38,1.625,0,0
-118.98,35.38,0.8639,0,0
-118.99,35.39,1.6009,0,0
-118.99,35.39,1.8319,0,0
-118.99,35.39,2.5083,0,0
-118.98,35.39,1.1875,0,0
-118.98,35.39,1.2618,0,0
-119.0,35.37,2.2212,0,0
-118.99,35.37,1.4773,0,0
-118.99,35.37,1.7292,0,0
-118.98,35.37,1.1638,0,0
-118.97,35.37,1.4125,0,0
-119.01,35.38,1.1944,0,0
-119.01,35.38,1.075,0,0
-119.01,35.37,1.9125,0,0
-119.01,35.37,1.4779,0,0
-119.02,35.38,0.8054,0,0
-119.02,35.38,1.1875,0,0
-119.02,35.39,2.0455,0,0
-119.01,35.37,1.7321,0,0
-119.03,35.38,3.0,0,0
-119.03,35.38,2.7312,0,0
-119.03,35.37,1.6786,0,0
-119.04,35.37,2.875,0,0
-119.03,35.39,2.9821,0,0
-119.04,35.36,1.8362,0,0
-119.05,35.36,3.6548,0,0
-119.05,35.36,3.3261,0,0
-119.07,35.36,4.6705,0,0
-119.08,35.36,4.5791,0,0
-119.06,35.36,4.3482,0,0
-119.03,35.37,2.6513,0,0
-119.03,35.36,3.9097,0,0
-119.04,35.36,3.0435,0,0
-119.04,35.37,2.1818,0,0
-119.02,35.37,1.7213,0,0
-119.02,35.36,2.2827,0,0
-119.02,35.36,2.5062,0,0
-119.03,35.36,1.9671,0,0
-119.01,35.37,1.8801,0,0
-119.01,35.36,1.6797,0,0
-119.01,35.36,1.2157,0,0
-119.01,35.36,1.056,0,0
-119.01,35.37,1.2469,0,0
-119.0,35.36,0.9407,0,0
-119.0,35.36,1.25,0,0
-119.0,35.35,1.4015,0,0
-119.0,35.36,1.7375,0,0
-118.98,35.37,0.9675,0,0
-118.98,35.36,1.6981,0,0
-118.98,35.36,1.2617,0,0
-118.99,35.36,1.1136,0,0
-118.99,35.36,1.2232,0,0
-118.94,35.36,3.1281,0,0
-118.95,35.36,2.1078,0,0
-118.96,35.37,1.9612,0,0
-118.96,35.36,2.4848,0,0
-118.97,35.37,1.7197,0,0
-118.97,35.36,1.5743,0,0
-118.95,35.32,3.2738,0,0
-118.98,35.35,1.7614,0,0
-118.99,35.35,1.6632,0,0
-118.99,35.33,1.6786,0,0
-118.99,35.32,0.9288,0,0
-119.0,35.35,2.2155,0,0
-118.99,35.35,1.1786,0,0
-119.01,35.35,2.1875,0,0
-119.01,35.34,3.0208,0,0
-119.02,35.35,1.983,0,0
-119.01,35.35,1.9125,0,0
-119.02,35.35,2.2407,0,0
-119.02,35.34,2.3125,0,0
-119.03,35.34,2.7256,0,0
-119.03,35.35,2.6875,0,0
-119.04,35.35,2.5644,0,0
-119.04,35.35,3.1753,0,0
-119.06,35.35,2.575,0,0
-119.05,35.34,2.6637,0,0
-119.05,35.33,2.9438,0,0
-119.05,35.34,4.0529,0,0
-119.07,35.35,2.4123,0,0
-119.07,35.34,4.8839,0,0
-119.12,35.33,5.1036,0,0
-119.1,35.35,4.0327,0,0
-119.08,35.34,10.5941,0,-1
-119.08,35.35,7.1837,0,-1
-119.09,35.35,8.5325,0,-1
-119.08,35.34,5.4449,0,0
-119.08,35.34,4.1528,0,0
-119.1,35.33,6.759,0,-1
-119.08,35.32,5.0012,0,0
-119.09,35.33,4.997,0,0
-119.06,35.32,3.569,0,0
-119.07,35.33,3.406,0,0
-119.06,35.33,3.8117,0,0
-119.02,35.34,3.4286,0,0
-119.02,35.33,2.1553,0,0
-119.03,35.33,2.7083,0,0
-119.03,35.34,3.0486,0,0
-119.01,35.34,1.5625,0,0
-119.01,35.33,1.5429,0,0
-119.0,35.33,1.9417,0,0
-119.01,35.33,2.4234,0,0
-119.02,35.33,2.75,0,0
-119.02,35.34,1.5357,0,0
-118.99,35.32,1.6575,0,0
-118.99,35.3,2.9402,0,0
-119.0,35.31,1.6522,0,0
-119.09,35.3,3.6852,0,0
-119.04,35.32,1.2,0,0
-119.05,35.32,3.4827,0,0
-119.04,35.31,4.1957,0,0
-119.03,35.32,2.5575,0,0
-119.02,35.32,3.3529,0,0
-119.05,35.3,4.0631,0,0
-119.03,35.3,4.1484,0,0
-119.02,35.3,3.6369,0,0
-119.01,35.32,2.596,0,0
-119.01,35.31,2.1006,0,0
-119.01,35.3,3.9054,0,0
-119.07,35.27,2.5804,0,0
-119.13,35.22,5.1457,0,0
-119.01,35.24,3.125,0,0
-119.01,35.28,2.7659,0,0
-118.99,35.24,2.35,0,0
-118.99,35.27,1.1528,0,0
-118.93,34.82,3.5,0,0
-118.95,34.83,2.9891,0,0
-118.95,34.81,3.1364,0,0
-119.15,34.83,4.5724,0,0
-119.16,34.95,3.0882,0,0
-118.93,34.82,4.0332,0,0
-119.4,35.06,2.9187,0,0
-119.45,35.07,2.6389,0,0
-119.42,35.19,4.15,0,0
-119.5,35.27,3.0742,0,0
-119.48,35.17,3.125,0,0
-119.45,35.16,2.3912,0,0
-119.46,35.17,2.8323,0,0
-119.46,35.14,2.5313,0,0
-119.47,35.14,3.9929,0,0
-119.45,35.15,3.1592,0,0
-119.45,35.13,2.3013,0,0
-119.46,35.13,2.1955,0,0
-119.47,35.13,2.9952,0,0
-119.47,35.4,1.9718,0,0
-119.42,35.4,2.8452,0,0
-119.12,35.41,4.4561,0,0
-119.11,35.39,3.25,0,0
-119.12,35.39,4.5903,0,0
-119.19,35.41,4.4125,0,0
-119.2,35.37,5.3119,0,0
-119.12,35.38,4.4196,0,0
-119.11,35.38,2.9453,0,0
-119.12,35.37,4.8266,0,0
-119.18,35.5,2.1635,0,0
-119.28,35.52,2.2321,0,0
-119.27,35.49,2.3533,0,0
-119.26,35.5,4.2375,0,0
-119.27,35.5,2.8269,0,0
-119.27,35.51,3.2279,0,0
-119.28,35.5,2.4044,0,0
-119.28,35.5,1.6944,0,0
-119.27,35.5,1.7105,0,0
-119.38,35.49,2.2071,0,0
-119.34,35.6,2.4961,0,0
-119.36,35.55,2.7,0,0
-119.35,35.58,1.1903,0,0
-119.34,35.59,2.3934,0,0
-119.34,35.6,1.9362,0,0
-119.33,35.6,1.4619,0,0
-119.35,35.59,3.176,0,0
-119.33,35.59,1.7868,0,0
-119.69,35.62,2.1186,0,0
-119.77,35.65,2.6066,0,0
-119.14,35.76,2.5625,0,0
-119.29,35.76,2.1295,0,0
-119.19,35.64,2.6726,0,0
-119.24,35.68,2.5208,0,0
-119.22,35.68,1.8843,0,0
-119.24,35.67,2.0025,0,0
-119.25,35.78,2.7411,0,0
-119.25,35.77,1.6786,0,0
-119.25,35.76,1.6045,0,0
-119.25,35.75,1.517,0,0
-119.25,35.79,1.7418,0,0
-119.25,35.78,2.2981,0,0
-119.23,35.78,2.1806,0,0
-119.23,35.79,2.3125,0,0
-119.24,35.77,1.7813,0,0
-119.23,35.77,2.4044,0,0
-119.23,35.74,2.033,0,0
-119.23,35.77,4.1917,0,0
-118.92,35.47,6.2885,0,-1
-119.01,35.44,2.5806,0,0
-118.93,35.44,6.1563,0,-1
-118.31,35.74,1.8419,0,0
-118.06,35.68,2.25,0,0
-118.44,35.75,2.6288,0,0
-118.47,35.72,2.0694,0,0
-118.5,35.7,1.5957,0,0
-118.59,35.72,1.4205,0,0
-118.87,35.65,3.4792,0,0
-118.23,35.48,1.8369,0,0
-118.33,35.64,1.5667,0,0
-118.41,35.63,2.3125,0,0
-118.45,35.62,1.4141,0,0
-118.47,35.64,1.3023,0,0
-118.48,35.61,1.6236,0,0
-118.45,35.58,1.8819,0,0
-118.61,35.47,2.5474,0,0
-117.73,35.73,3.625,0,-1
-117.66,35.63,2.0441,0,0
-117.67,35.65,2.8,0,0
-117.68,35.65,3.3269,0,0
-117.69,35.65,4.0167,0,-1
-117.7,35.64,5.8625,0,-1
-117.68,35.64,5.2043,0,-1
-117.67,35.64,6.1935,0,-1
-117.67,35.63,3.0687,0,0
-117.68,35.63,6.0653,0,-1
-117.69,35.63,5.5773,0,-1
-117.7,35.62,3.5931,0,0
-117.68,35.61,3.5988,0,0
-117.68,35.6,6.0532,0,-1
-117.7,35.6,3.858,0,-1
-117.68,35.62,2.1458,0,0
-117.64,35.61,4.25,0,0
-117.66,35.62,4.15,0,0
-117.66,35.61,4.8494,0,0
-117.66,35.6,2.5812,0,0
-117.76,35.63,3.9261,0,-1
-117.68,35.55,5.5551,0,-1
-117.81,35.65,1.8984,0,0
-117.87,35.73,4.1518,0,0
-117.84,35.54,5.0762,0,0
-117.74,35.65,3.1755,0,-1
-117.84,35.35,1.9962,0,0
-118.0,35.05,3.4015,0,0
-117.82,35.03,3.3693,0,0
-117.76,35.22,1.625,0,0
-117.79,35.21,2.375,0,0
-118.01,35.12,3.3889,0,0
-117.98,35.13,3.5391,0,0
-117.95,35.13,4.25,0,0
-117.95,35.08,4.875,0,0
-117.98,35.1,4.5724,0,0
-117.99,35.16,2.875,0,0
-118.27,34.92,2.9583,0,0
-118.34,34.86,2.8097,0,0
-117.68,35.03,3.4338,0,0
-117.68,34.99,4.2292,0,0
-117.65,35.0,1.9107,0,0
-118.15,34.86,2.6149,0,0
-118.17,34.87,3.0184,0,0
-118.19,34.87,5.0553,0,0
-118.17,34.86,2.7361,0,0
-118.15,35.06,2.0441,0,0
-118.16,35.05,2.5875,0,0
-118.19,35.05,3.7452,0,0
-118.15,35.04,2.16,0,0
-118.51,35.16,4.625,0,0
-118.66,35.2,4.0581,0,0
-118.34,35.27,2.3917,0,0
-118.48,35.14,3.6949,0,0
-118.61,35.08,3.4911,0,0
-118.61,34.99,3.8917,0,0
-118.46,35.13,2.6417,0,0
-118.46,35.12,3.2405,0,0
-118.43,35.12,3.2632,0,0
-118.44,35.13,1.7917,0,0
-118.44,35.13,1.8636,0,0
-118.91,35.3,2.7845,0,0
-118.95,35.26,4.0,0,0
-118.83,35.27,2.6302,0,0
-118.92,35.13,1.9236,0,0
-118.85,35.23,1.7656,0,0
-118.82,35.23,1.9688,0,0
-118.83,35.2,2.1357,0,0
-118.82,35.2,2.1136,0,0
-118.85,35.2,1.9907,0,0
-118.91,35.27,2.0921,0,0
-118.9,35.26,1.9066,0,0
-118.92,35.26,2.0174,0,0
-118.91,35.24,1.7716,0,0
-119.69,36.41,2.2885,1,0
-119.57,36.44,3.4926,1,0
-119.55,36.37,3.0375,1,0
-119.69,36.38,3.3214,1,0
-119.78,36.37,3.1406,1,0
-119.83,36.37,2.7159,1,0
-119.87,36.34,2.9167,1,0
-119.93,36.32,2.0285,1,0
-119.79,36.32,3.0667,1,0
-119.77,36.32,3.9926,1,0
-119.78,36.31,3.1667,1,0
-119.77,36.31,2.6218,1,0
-119.79,36.31,2.2937,1,0
-119.77,36.3,2.1038,1,0
-119.78,36.3,2.1681,1,0
-119.79,36.3,4.3438,1,0
-119.79,36.29,4.2917,1,0
-119.82,36.32,2.0673,1,0
-119.78,36.33,3.2386,1,0
-119.78,36.27,4.5714,1,0
-119.8,36.29,5.1728,1,0
-119.81,36.28,3.1071,1,0
-119.72,36.34,3.2019,1,0
-119.72,36.32,2.2721,1,0
-119.7,36.32,2.6477,1,0
-119.73,36.31,2.8281,1,0
-119.7,36.3,2.2895,1,0
-119.67,36.35,4.9432,1,0
-119.65,36.37,3.5486,1,0
-119.65,36.35,4.3911,1,0
-119.65,36.35,2.8788,1,0
-119.66,36.35,3.1094,1,0
-119.64,36.36,5.2134,1,0
-119.64,36.35,3.8108,1,0
-119.63,36.35,4.2396,1,0
-119.62,36.35,2.6145,1,0
-119.64,36.35,2.8125,1,0
-119.63,36.34,3.5536,1,0
-119.63,36.33,1.8385,1,0
-119.61,36.33,3.0139,1,0
-119.63,36.32,2.2333,1,0
-119.66,36.34,2.6397,1,0
-119.65,36.34,1.8529,1,0
-119.65,36.34,3.0846,1,0
-119.64,36.34,1.8606,1,0
-119.64,36.33,1.4524,1,0
-119.65,36.33,2.3523,1,0
-119.65,36.33,1.3882,1,0
-119.68,36.32,1.7596,1,0
-119.67,36.33,2.9375,1,0
-119.66,36.33,4.0909,1,0
-119.66,36.33,1.4194,1,0
-119.66,36.32,2.3256,1,0
-119.68,36.32,2.5833,1,0
-119.68,36.31,2.9936,1,0
-119.66,36.3,3.3681,1,0
-119.65,36.32,1.5433,1,0
-119.64,36.32,1.3569,1,0
-119.65,36.3,2.3466,1,0
-119.64,36.31,1.5909,1,0
-119.61,36.31,1.8839,1,0
-119.57,36.27,2.625,1,0
-119.69,36.25,2.395,1,0
-119.63,36.18,2.4286,1,0
-119.59,36.11,2.25,0,0
-119.57,36.09,2.3889,0,0
-119.58,36.1,1.3967,0,0
-119.56,36.1,1.5313,0,0
-119.56,36.1,2.13,0,0
-119.56,36.09,3.2847,0,0
-119.56,36.09,1.85,0,0
-119.56,36.08,1.6607,0,0
-119.58,36.11,2.2169,0,0
-119.57,36.1,1.5727,0,0
-119.57,36.1,3.5313,0,0
-119.57,36.1,2.0595,0,0
-119.74,36.15,2.4688,1,0
-119.9,36.2,1.875,1,0
-119.82,36.19,2.0221,1,0
-119.99,36.09,0.4999,1,-1
-119.96,35.99,2.0976,1,0
-119.8,36.02,3.05,1,0
-120.14,36.04,2.9708,1,0
-120.12,36.01,2.2167,1,0
-120.14,36.0,2.0335,1,0
-120.12,35.99,2.25,1,0
-120.13,35.87,2.375,1,0
-120.0,35.91,3.125,1,0
-122.89,39.42,0.4999,1,-1
-122.9,39.23,3.9519,1,0
-122.91,39.18,2.0208,1,0
-122.91,39.17,4.35,1,0
-122.9,39.17,2.575,1,0
-122.88,39.14,2.2188,1,0
-123.07,39.12,3.8333,1,0
-122.95,39.13,3.25,1,0
-122.89,39.11,2.2551,1,0
-122.9,39.09,1.9141,1,0
-122.92,39.08,4.0,1,0
-122.94,39.1,2.8906,1,0
-122.99,39.02,3.45,1,0
-122.91,39.07,2.4423,1,0
-122.91,39.06,1.939,1,0
-122.92,39.05,3.5652,1,0
-122.91,39.05,3.2216,1,0
-122.92,39.05,2.5457,1,0
-122.91,39.05,3.7667,1,0
-122.91,39.03,1.3532,1,0
-122.7,39.14,3.3929,1,0
-122.87,39.13,1.6369,1,0
-122.86,39.08,2.0417,1,0
-122.83,39.09,1.4679,1,0
-122.79,39.09,1.625,1,0
-122.8,39.08,1.4676,1,0
-122.79,39.08,1.5208,1,0
-122.78,39.05,2.6181,1,0
-122.53,39.09,1.3,1,0
-122.69,39.04,2.7639,1,0
-122.73,39.04,1.9833,1,0
-122.69,39.02,2.1094,1,0
-122.66,39.03,1.165,1,0
-122.66,39.02,1.7446,1,0
-122.7,39.0,2.3125,1,0
-122.7,38.99,2.3558,1,0
-122.65,38.99,1.8571,1,0
-122.52,38.99,1.6607,1,0
-122.68,38.98,2.1838,1,0
-122.65,38.97,1.1912,1,0
-122.63,38.96,1.75,1,0
-122.62,38.95,1.6865,1,0
-122.62,38.94,2.3179,1,0
-122.61,38.93,4.3897,1,0
-122.6,38.93,1.4767,1,0
-122.62,38.96,2.0577,1,0
-122.63,38.96,2.3083,1,0
-122.65,38.96,1.6769,1,0
-122.64,38.96,1.7273,1,0
-122.64,38.95,1.2029,1,0
-122.63,38.95,1.7083,1,0
-122.63,38.94,1.7566,1,0
-122.63,38.94,1.125,1,0
-122.62,38.94,1.5455,1,0
-122.7,38.97,3.2375,1,0
-122.75,39.01,3.4187,1,0
-122.79,39.02,1.8833,1,0
-122.78,38.97,3.0466,1,0
-122.69,38.94,3.125,1,0
-122.71,38.91,1.375,1,0
-122.86,39.05,2.5326,1,0
-122.85,39.0,1.8704,1,0
-122.83,38.99,1.6833,1,0
-122.83,38.98,1.6164,1,0
-122.84,38.98,1.7196,1,0
-122.92,38.97,2.9934,1,0
-122.89,38.93,2.7188,1,0
-122.83,38.96,1.8692,1,0
-122.77,38.92,4.0119,1,0
-122.83,38.89,3.4514,1,0
-122.72,38.88,1.9906,1,0
-122.74,38.83,3.3531,1,0
-122.48,38.9,2.1964,1,0
-122.59,38.92,2.1953,1,0
-122.6,38.9,2.9583,1,0
-122.62,38.92,1.8417,1,0
-122.65,38.92,4.125,1,0
-122.64,38.87,1.5739,1,0
-122.5,38.82,2.5625,1,0
-122.51,38.76,4.0435,1,0
-122.55,38.81,3.8831,1,0
-122.59,38.78,3.375,1,0
-122.66,38.81,3.4375,1,0
-122.68,38.76,2.3125,1,0
-122.62,38.73,2.1474,1,0
-122.64,38.71,2.625,1,0
-122.52,38.7,0.536,1,0
-121.11,41.07,2.7188,1,-1
-120.96,41.12,2.5,1,-1
-121.07,40.85,3.6641,1,-1
-120.38,40.98,1.6833,1,-1
-120.35,40.63,3.625,1,-1
-120.77,40.65,1.7214,1,0
-121.02,40.51,3.3036,1,-1
-120.96,40.28,2.5,1,0
-121.03,40.35,2.1833,1,0
-120.67,40.5,3.5962,1,-1
-120.57,40.43,2.6902,1,0
-120.66,40.42,2.5074,1,0
-120.65,40.42,2.1875,1,0
-120.66,40.41,2.2992,1,0
-120.64,40.41,1.5066,1,-1
-120.71,40.36,3.5536,1,-1
-120.58,40.37,2.2661,1,0
-120.42,40.38,2.4757,1,0
-120.36,40.45,1.7333,1,0
-120.51,40.41,5.5179,1,-1
-120.54,40.29,3.4028,1,-1
-120.49,40.31,3.4643,1,-1
-120.37,40.17,2.1198,1,0
-120.2,40.26,2.6765,1,0
-120.09,39.92,1.7267,1,0
-118.27,34.27,6.1946,0,0
-118.28,34.26,4.9833,0,0
-118.29,34.26,4.008,0,0
-118.3,34.26,3.5568,0,0
-118.3,34.26,4.81,0,0
-118.28,34.25,3.5214,0,0
-118.28,34.25,2.6036,0,0
-118.29,34.25,2.4727,0,0
-118.29,34.25,3.0795,0,0
-118.27,34.25,5.0234,0,0
-118.27,34.25,4.4485,0,0
-118.27,34.24,6.3688,0,0
-118.27,34.25,4.6635,0,0
-118.27,34.25,4.4375,0,0
-118.28,34.24,4.45,0,0
-118.28,34.24,5.6184,0,0
-118.3,34.25,3.1523,0,0
-118.33,34.24,4.2639,0,0
-118.35,34.22,5.997,0,0
-118.35,34.22,4.1302,0,0
-118.35,34.21,3.275,0,0
-118.35,34.21,3.75,0,0
-118.31,34.28,5.1145,0,0
-118.31,34.27,6.0808,0,0
-118.3,34.26,3.599,0,0
-118.3,34.26,4.1964,0,0
-118.31,34.26,4.2685,0,0
-118.31,34.26,3.0583,0,0
-118.31,34.26,4.1339,0,0
-118.32,34.26,4.4875,0,0
-118.35,34.28,4.6944,0,0
-118.33,34.27,3.1349,0,0
-118.35,34.27,6.2037,0,0
-118.34,34.26,5.2661,0,0
-118.35,34.25,6.1464,0,0
-118.36,34.26,6.838,0,0
-118.3,34.26,3.1607,0,0
-118.3,34.25,4.5833,0,0
-118.31,34.26,5.76,0,0
-118.31,34.26,3.8,0,0
-118.32,34.26,4.4375,0,0
-118.39,34.28,4.4818,0,0
-118.38,34.28,4.7932,0,0
-118.4,34.28,3.3304,0,0
-118.38,34.27,2.8214,0,0
-118.41,34.29,3.35,0,0
-118.41,34.29,4.2969,0,0
-118.42,34.28,4.125,0,0
-118.41,34.28,3.7566,0,0
-118.4,34.28,2.6652,0,0
-118.42,34.28,3.2865,0,0
-118.42,34.28,2.8,0,0
-118.42,34.27,1.6295,0,0
-118.42,34.27,3.3214,0,0
-118.42,34.27,2.6667,0,0
-118.43,34.28,3.0132,0,0
-118.43,34.27,4.2353,0,0
-118.43,34.27,3.024,0,0
-118.42,34.27,3.225,0,0
-118.43,34.26,3.5104,0,0
-118.43,34.26,3.2583,0,0
-118.44,34.27,3.4,0,0
-118.43,34.26,2.9519,0,0
-118.42,34.25,3.6791,0,0
-118.43,34.25,2.9205,0,0
-118.42,34.26,2.1062,0,0
-118.41,34.26,2.5313,0,0
-118.42,34.26,3.4519,0,0
-118.42,34.26,3.9,0,0
-118.41,34.27,2.9219,0,0
-118.42,34.27,1.4867,0,0
-118.4,34.26,4.2538,0,0
-118.4,34.25,2.2019,0,0
-118.41,34.25,1.95,0,0
-118.41,34.25,2.6429,0,0
-118.41,34.25,3.6016,0,0
-118.41,34.25,3.2284,0,0
-118.42,34.24,2.525,0,0
-118.42,34.25,3.6292,0,0
-118.43,34.32,4.233,0,0
-118.43,34.33,5.901,0,0
-118.44,34.32,4.1724,0,0
-118.42,34.31,3.9583,0,0
-118.42,34.3,3.6548,0,0
-118.41,34.32,5.2987,0,0
-118.41,34.3,5.1668,0,0
-118.42,34.32,4.3409,0,0
-118.44,34.31,4.0301,0,0
-118.44,34.31,2.7472,0,0
-118.44,34.3,3.4,0,0
-118.45,34.31,4.0556,0,0
-118.45,34.32,4.26,0,0
-118.46,34.32,4.1514,0,0
-118.45,34.31,4.4773,0,0
-118.46,34.3,4.0337,0,0
-118.46,34.31,4.2708,0,0
-118.47,34.32,4.8988,0,0
-118.48,34.33,6.0891,0,0
-118.48,34.31,3.0,0,0
-118.47,34.3,3.6736,0,0
-118.46,34.29,3.0526,0,0
-118.47,34.29,4.2935,0,0
-118.49,34.29,9.2873,0,0
-118.49,34.28,6.8695,0,0
-118.49,34.28,6.6458,0,0
-118.49,34.31,7.0598,0,0
-118.52,34.32,8.1248,0,0
-118.51,34.3,7.5078,0,0
-118.51,34.28,6.3911,0,0
-118.51,34.29,6.4171,0,0
-118.52,34.29,7.7464,0,0
-118.52,34.3,8.8467,0,0
-118.45,34.3,4.3047,0,0
-118.45,34.3,3.4812,0,0
-118.54,34.28,6.7248,0,0
-118.55,34.28,8.1125,0,0
-118.54,34.28,10.8805,0,0
-118.54,34.3,8.2159,0,0
-118.57,34.29,7.0808,0,0
-118.45,34.28,3.5714,0,0
-118.46,34.28,5.5931,0,0
-118.47,34.27,5.1408,0,0
-118.48,34.28,5.3107,0,0
-118.48,34.28,5.5608,0,0
-118.47,34.27,2.7353,0,0
-118.47,34.27,5.741,0,0
-118.48,34.27,4.9323,0,0
-118.48,34.27,4.9955,0,0
-118.45,34.27,3.705,0,0
-118.45,34.27,5.1296,0,0
-118.46,34.27,4.8015,0,0
-118.46,34.27,2.6193,0,0
-118.44,34.27,3.5347,0,0
-118.44,34.27,3.3603,0,0
-118.45,34.26,4.8359,0,0
-118.45,34.25,4.3839,0,0
-118.45,34.26,4.175,0,0
-118.46,34.26,5.0947,0,0
-118.46,34.26,4.9485,0,0
-118.46,34.25,4.2143,0,0
-118.46,34.25,3.6989,0,0
-118.47,34.26,3.8875,0,0
-118.47,34.26,5.5792,0,0
-118.48,34.26,5.749,0,0
-118.49,34.26,4.6591,0,0
-118.47,34.25,4.1492,0,0
-118.48,34.25,5.1619,0,0
-118.48,34.25,4.9688,0,0
-118.48,34.25,5.1068,0,0
-118.49,34.25,4.3333,0,0
-118.49,34.27,5.5714,0,0
-118.49,34.27,4.58,0,0
-118.5,34.27,4.869,0,0
-118.51,34.28,5.4065,0,0
-118.52,34.28,7.8193,0,0
-118.51,34.27,4.055,0,0
-118.51,34.27,4.1042,0,0
-118.52,34.27,5.5649,0,0
-118.53,34.27,5.3847,0,0
-118.53,34.26,8.176,0,0
-118.54,34.26,5.6912,0,0
-118.54,34.27,6.7415,0,0
-118.53,34.27,5.634,0,0
-118.54,34.26,10.9052,0,0
-118.55,34.26,8.203,0,0
-118.55,34.27,8.1356,0,0
-118.5,34.26,4.8316,0,0
-118.52,34.26,3.7816,0,0
-118.51,34.26,5.5433,0,0
-118.52,34.25,4.6625,0,0
-118.49,34.26,3.5497,0,0
-118.49,34.25,5.0,0,0
-118.57,34.27,9.6047,0,0
-118.59,34.26,7.167,0,0
-118.61,34.24,6.0137,0,0
-118.63,34.24,4.8333,0,0
-118.62,34.26,6.3249,0,0
-118.6,34.26,5.6392,0,0
-118.61,34.25,5.5111,0,0
-118.63,34.22,6.5146,0,0
-118.64,34.22,6.8643,0,0
-118.66,34.23,6.1288,0,0
-118.61,34.23,6.1419,0,0
-118.61,34.22,7.3252,0,0
-118.6,34.23,3.2564,0,0
-118.59,34.23,3.0347,0,0
-118.56,34.25,8.565,0,0
-118.56,34.24,8.1714,0,0
-118.57,34.25,5.6149,0,0
-118.58,34.24,3.2426,0,0
-118.59,34.25,3.6231,0,0
-118.57,34.25,8.7471,0,0
-118.58,34.25,5.521,0,0
-118.56,34.23,5.5126,0,0
-118.56,34.23,4.6944,0,0
-118.57,34.23,4.9676,0,0
-118.58,34.23,4.1023,0,0
-118.59,34.23,3.4091,0,0
-118.58,34.23,4.8929,0,0
-118.58,34.22,4.875,0,0
-118.59,34.22,4.0077,0,0
-118.51,34.25,8.8612,0,0
-118.51,34.24,8.6454,0,0
-118.51,34.23,7.2772,0,0
-118.52,34.24,3.0926,0,0
-118.52,34.23,8.3841,0,0
-118.53,34.25,3.3892,0,0
-118.54,34.24,3.0977,0,0
-118.53,34.24,2.9076,0,0
-118.54,34.23,4.375,0,0
-118.53,34.23,3.2404,0,0
-118.54,34.25,6.2788,0,0
-118.55,34.24,4.3458,0,0
-118.55,34.23,2.8727,0,0
-118.51,34.23,4.7926,0,0
-118.52,34.22,3.2289,0,0
-118.53,34.23,3.0321,0,0
-118.54,34.22,3.6187,0,0
-118.54,34.23,4.125,0,0
-118.45,34.25,5.2801,0,0
-118.46,34.24,3.8583,0,0
-118.47,34.25,4.5417,0,0
-118.47,34.24,2.3111,0,0
-118.48,34.24,6.6537,0,0
-118.49,34.25,5.0232,0,0
-118.49,34.24,5.2939,0,0
-118.49,34.24,6.0965,0,0
-118.5,34.25,4.8164,0,0
-118.5,34.25,6.155,0,0
-118.5,34.24,5.9401,0,0
-118.5,34.23,4.5167,0,0
-118.49,34.23,5.2668,0,0
-118.49,34.22,5.0325,0,0
-118.47,34.23,2.5008,0,0
-118.48,34.23,4.7583,0,0
-118.48,34.23,6.5268,0,0
-118.48,34.23,4.5484,0,0
-118.46,34.23,2.7121,0,0
-118.46,34.23,3.0187,0,0
-118.43,34.25,3.4514,0,0
-118.42,34.24,4.7228,0,0
-118.43,34.24,4.0208,0,0
-118.42,34.24,4.5833,0,0
-118.41,34.23,4.5909,0,0
-118.41,34.24,3.125,0,0
-118.44,34.26,4.0792,0,0
-118.44,34.26,3.9167,0,0
-118.43,34.25,3.6384,0,0
-118.44,34.26,5.5124,0,0
-118.44,34.25,3.7,0,0
-118.45,34.25,3.9833,0,0
-118.45,34.24,3.5082,0,0
-118.45,34.23,2.3584,0,0
-118.45,34.24,3.0865,0,0
-118.44,34.25,4.8958,0,0
-118.43,34.24,3.7143,0,0
-118.43,34.24,4.4688,0,0
-118.44,34.24,4.095,0,0
-118.44,34.24,3.725,0,0
-118.42,34.23,5.6629,0,0
-118.42,34.22,5.3767,0,0
-118.43,34.23,4.4432,0,0
-118.43,34.24,4.6827,0,0
-118.42,34.23,4.5375,0,0
-118.43,34.23,3.4013,0,0
-118.43,34.23,3.9615,0,0
-118.43,34.24,4.0057,0,0
-118.44,34.23,4.0368,0,0
-118.43,34.22,3.66,0,0
-118.44,34.22,3.8083,0,0
-118.44,34.22,3.325,0,0
-118.44,34.23,4.5278,0,0
-118.46,34.22,2.6299,0,0
-118.46,34.22,3.9625,0,0
-118.46,34.22,2.871,0,0
-118.45,34.22,2.0699,0,0
-118.45,34.23,2.5833,0,0
-118.45,34.22,2.7714,0,0
-118.46,34.23,2.585,0,0
-118.44,34.22,3.4612,0,0
-118.44,34.21,4.8703,0,0
-118.44,34.21,2.875,0,0
-118.44,34.22,2.825,0,0
-118.43,34.22,4.2656,0,0
-118.43,34.21,2.425,0,0
-118.43,34.22,3.6618,0,0
-118.4,34.22,3.6442,0,0
-118.4,34.21,2.9803,0,0
-118.41,34.21,4.0167,0,0
-118.4,34.21,4.8194,0,0
-118.4,34.22,3.6591,0,0
-118.4,34.23,4.0049,0,0
-118.38,34.25,4.8816,0,0
-118.37,34.24,4.1121,0,0
-118.37,34.23,3.6,0,0
-118.37,34.22,3.5521,0,0
-118.38,34.24,1.3594,0,0
-118.4,34.24,4.775,0,0
-118.39,34.23,3.0083,0,0
-118.39,34.23,2.1518,0,0
-118.4,34.23,4.1181,0,0
-118.41,34.21,5.35,0,0
-118.41,34.21,5.592,0,0
-118.39,34.22,3.695,0,0
-118.39,34.22,5.0818,0,0
-118.39,34.21,3.6845,0,0
-118.39,34.21,2.6667,0,0
-118.38,34.22,2.375,0,0
-118.38,34.21,3.7708,0,0
-118.38,34.21,3.0833,0,0
-118.42,34.22,4.1857,0,0
-118.42,34.21,5.1586,0,0
-118.42,34.2,1.0,0,0
-118.42,34.23,5.6687,0,0
-118.37,34.21,3.1563,0,0
-118.37,34.21,4.2875,0,0
-118.37,34.21,3.7143,0,0
-118.37,34.22,2.9028,0,0
-118.38,34.22,2.2679,0,0
-118.36,34.23,2.8333,0,0
-118.36,34.22,3.7663,0,0
-118.35,34.22,3.025,0,0
-118.36,34.21,1.8929,0,0
-118.38,34.21,3.8,0,0
-118.38,34.2,3.0125,0,0
-118.39,34.2,2.0348,0,0
-118.37,34.21,3.7455,0,0
-118.37,34.2,2.9861,0,0
-118.38,34.21,2.3182,0,0
-118.37,34.2,2.8917,0,0
-118.36,34.19,4.1445,0,0
-118.36,34.18,2.9583,0,0
-118.36,34.18,2.8784,0,0
-118.37,34.18,3.1629,0,0
-118.37,34.19,2.6696,0,0
-118.39,34.19,3.0491,0,0
-118.39,34.19,2.0968,0,0
-118.39,34.2,2.2234,0,0
-118.37,34.19,2.1,0,0
-118.38,34.19,2.4375,0,0
-118.38,34.2,2.4306,0,0
-118.4,34.2,3.6875,0,0
-118.4,34.19,3.625,0,0
-118.4,34.2,2.8424,0,0
-118.4,34.19,3.0395,0,0
-118.41,34.19,4.1429,0,0
-118.41,34.2,3.5164,0,0
-118.42,34.2,1.9549,0,0
-118.41,34.19,3.9792,0,0
-118.42,34.19,3.338,0,0
-118.42,34.2,2.2377,0,0
-118.43,34.2,3.0221,0,0
-118.42,34.19,2.2589,0,0
-118.42,34.19,2.6165,0,0
-118.42,34.18,3.1551,0,0
-118.42,34.18,3.6745,0,0
-118.42,34.18,3.3594,0,0
-118.43,34.18,3.9099,0,0
-118.43,34.18,3.8906,0,0
-118.42,34.18,5.7143,0,0
-118.41,34.19,3.6625,0,0
-118.41,34.18,4.7171,0,0
-118.41,34.18,3.0119,0,0
-118.41,34.19,2.8021,0,0
-118.4,34.19,4.1125,0,0
-118.4,34.19,3.6007,0,0
-118.4,34.18,3.5711,0,0
-118.4,34.17,3.4013,0,0
-118.39,34.19,2.9982,0,0
-118.39,34.18,2.9327,0,0
-118.39,34.17,3.3516,0,0
-118.39,34.18,3.3906,0,0
-118.39,34.19,2.4167,0,0
-118.4,34.16,2.3333,0,0
-118.4,34.16,3.8056,0,0
-118.4,34.16,4.2989,0,0
-118.41,34.16,6.3703,0,0
-118.41,34.17,4.692,0,0
-118.38,34.19,2.7379,0,0
-118.38,34.18,3.0061,0,0
-118.38,34.18,2.1449,0,0
-118.38,34.18,2.4792,0,0
-118.38,34.17,2.8208,0,0
-118.39,34.17,3.6563,0,0
-118.37,34.18,2.9728,0,0
-118.37,34.18,3.3958,0,0
-118.38,34.18,3.3125,0,0
-118.38,34.19,1.9866,0,0
-118.37,34.18,2.9228,0,0
-118.38,34.18,2.5603,0,0
-118.36,34.18,2.3056,0,0
-118.36,34.17,2.5234,0,0
-118.37,34.17,3.2596,0,0
-118.41,34.18,3.9038,0,0
-118.41,34.17,3.875,0,0
-118.41,34.18,4.375,0,0
-118.43,34.17,3.4449,0,0
-118.43,34.17,5.451,0,0
-118.43,34.17,5.9275,0,0
-118.43,34.16,4.0347,0,0
-118.43,34.16,3.4208,0,0
-118.43,34.16,4.569,0,0
-118.42,34.15,5.1496,0,0
-118.42,34.17,6.1359,0,0
-118.42,34.16,3.9028,0,0
-118.41,34.16,4.1875,0,0
-118.42,34.16,3.6641,0,0
-118.4,34.17,2.2652,0,0
-118.4,34.17,3.3545,0,0
-118.39,34.17,3.2052,0,0
-118.39,34.17,3.1929,0,0
-118.39,34.16,5.1169,0,0
-118.39,34.16,5.1584,0,0
-118.38,34.17,2.7708,0,0
-118.38,34.16,3.3177,0,0
-118.38,34.16,3.7312,0,0
-118.36,34.17,2.3851,0,0
-118.37,34.17,2.3784,0,0
-118.37,34.17,2.4107,0,0
-118.37,34.17,2.2756,0,0
-118.37,34.17,0.8198,0,0
-118.37,34.16,2.7231,0,0
-118.37,34.16,3.6128,0,0
-118.37,34.16,3.6375,0,0
-118.37,34.16,4.4122,0,0
-118.36,34.16,2.4835,0,0
-118.36,34.16,4.0764,0,0
-118.37,34.16,3.5051,0,0
-118.37,34.16,3.1106,0,0
-118.36,34.16,5.1423,0,0
-118.36,34.16,4.3542,0,0
-118.35,34.15,4.1544,0,0
-118.43,34.2,2.773,0,0
-118.43,34.21,4.125,0,0
-118.44,34.2,2.9219,0,0
-118.44,34.21,3.2448,0,0
-118.45,34.21,2.1888,0,0
-118.45,34.2,2.9688,0,0
-118.46,34.2,3.5255,0,0
-118.46,34.21,3.5,0,0
-118.47,34.21,2.9735,0,0
-118.47,34.2,2.9025,0,0
-118.48,34.21,3.3864,0,0
-118.48,34.2,2.8974,0,0
-118.48,34.22,2.1974,0,0
-118.49,34.21,1.3565,0,0
-118.49,34.19,3.1667,0,0
-118.49,34.2,5.2118,0,0
-118.5,34.2,3.915,0,0
-118.48,34.2,2.4375,0,0
-118.48,34.2,2.6957,0,0
-118.48,34.19,2.8646,0,0
-118.48,34.19,3.8833,0,0
-118.47,34.2,2.7118,0,0
-118.47,34.19,3.892,0,0
-118.45,34.2,2.5562,0,0
-118.45,34.2,2.5842,0,0
-118.46,34.2,3.0893,0,0
-118.45,34.19,2.4667,0,0
-118.46,34.19,2.7237,0,0
-118.46,34.19,6.1142,0,0
-118.43,34.2,3.1118,0,0
-118.44,34.2,2.7375,0,0
-118.44,34.2,2.5197,0,0
-118.44,34.2,2.936,0,0
-118.43,34.19,4.125,0,0
-118.44,34.19,5.0,0,0
-118.44,34.19,2.6709,0,0
-118.44,34.19,2.4583,0,0
-118.43,34.18,2.6364,0,0
-118.44,34.18,2.2326,0,0
-118.44,34.19,2.891,0,0
-118.44,34.18,2.1977,0,0
-118.45,34.19,2.2264,0,0
-118.45,34.18,2.0192,0,0
-118.46,34.18,3.0877,0,0
-118.47,34.19,5.0929,0,0
-118.45,34.18,3.7171,0,0
-118.45,34.18,3.6875,0,0
-118.46,34.18,4.5081,0,0
-118.46,34.18,3.4583,0,0
-118.44,34.18,2.2461,0,0
-118.44,34.17,3.8081,0,0
-118.45,34.18,3.6019,0,0
-118.43,34.18,2.6238,0,0
-118.44,34.18,4.375,0,0
-118.43,34.17,2.6979,0,0
-118.43,34.17,4.4464,0,0
-118.43,34.17,11.2093,0,0
-118.44,34.17,3.2763,0,0
-118.43,34.16,4.0474,0,0
-118.44,34.16,4.1218,0,0
-118.44,34.16,4.0391,0,0
-118.45,34.16,3.7105,0,0
-118.45,34.17,3.2386,0,0
-118.45,34.17,4.3333,0,0
-118.46,34.17,4.1875,0,0
-118.46,34.17,3.1478,0,0
-118.45,34.16,4.475,0,0
-118.46,34.16,4.4423,0,0
-118.46,34.16,4.3839,0,0
-118.54,34.21,2.875,0,0
-118.54,34.21,3.9886,0,0
-118.54,34.22,4.6731,0,0
-118.54,34.2,4.1597,0,0
-118.54,34.19,4.1319,0,0
-118.51,34.22,4.3462,0,0
-118.5,34.21,4.9643,0,0
-118.5,34.21,5.5675,0,0
-118.51,34.22,4.185,0,0
-118.51,34.21,4.7,0,0
-118.51,34.22,4.8646,0,0
-118.52,34.22,5.0282,0,0
-118.52,34.22,5.5209,0,0
-118.52,34.21,4.3261,0,0
-118.52,34.21,5.1265,0,0
-118.53,34.22,4.6607,0,0
-118.53,34.21,2.9389,0,0
-118.55,34.21,5.0623,0,0
-118.56,34.22,4.4271,0,0
-118.56,34.21,3.5333,0,0
-118.56,34.22,4.3194,0,0
-118.55,34.21,3.8247,0,0
-118.56,34.21,3.7313,0,0
-118.52,34.2,4.3571,0,0
-118.53,34.2,3.225,0,0
-118.5,34.21,4.5125,0,0
-118.51,34.2,4.1806,0,0
-118.51,34.2,4.0924,0,0
-118.52,34.21,4.5648,0,0
-118.5,34.2,2.2304,0,0
-118.51,34.2,4.2344,0,0
-118.51,34.2,3.7049,0,0
-118.51,34.19,5.3028,0,0
-118.51,34.19,4.2865,0,0
-118.5,34.2,4.1304,0,0
-118.5,34.19,5.0796,0,0
-118.5,34.19,4.0,0,0
-118.52,34.2,2.6437,0,0
-118.52,34.2,4.9102,0,0
-118.53,34.2,2.8701,0,0
-118.55,34.2,3.6905,0,0
-118.55,34.19,3.1106,0,0
-118.55,34.2,3.5313,0,0
-118.52,34.19,2.9511,0,0
-118.52,34.19,3.8516,0,0
-118.52,34.19,4.8295,0,0
-118.53,34.19,2.625,0,0
-118.52,34.18,4.2143,0,0
-118.53,34.18,4.2083,0,0
-118.56,34.2,4.175,0,0
-118.56,34.2,4.0789,0,0
-118.56,34.19,5.4548,0,0
-118.56,34.19,3.9615,0,0
-118.56,34.19,4.433,0,0
-118.56,34.18,4.8264,0,0
-118.54,34.19,2.5739,0,0
-118.54,34.18,3.9632,0,0
-118.55,34.19,4.675,0,0
-118.55,34.19,4.3654,0,0
-118.58,34.21,3.0187,0,0
-118.59,34.21,2.9974,0,0
-118.59,34.2,5.2149,0,0
-118.58,34.2,5.015,0,0
-118.57,34.22,3.7798,0,0
-118.57,34.21,5.8798,0,0
-118.57,34.22,4.1359,0,0
-118.58,34.21,4.0313,0,0
-118.58,34.22,5.6345,0,0
-118.58,34.21,4.7125,0,0
-118.59,34.21,5.0462,0,0
-118.59,34.21,4.8333,0,0
-118.6,34.21,2.8039,0,0
-118.61,34.21,5.6407,0,0
-118.62,34.22,5.6356,0,0
-118.62,34.21,6.1074,0,0
-118.62,34.22,4.0909,0,0
-118.61,34.21,3.3534,0,0
-118.61,34.2,3.6296,0,0
-118.61,34.21,5.4527,0,0
-118.62,34.2,5.7613,0,0
-118.63,34.21,5.5709,0,0
-118.64,34.22,8.4438,0,0
-118.65,34.21,9.6465,0,0
-118.65,34.2,6.9223,0,0
-118.62,34.2,5.0025,0,0
-118.63,34.2,6.7785,0,0
-118.59,34.21,2.5797,0,0
-118.59,34.2,2.754,0,0
-118.6,34.2,3.2297,0,0
-118.6,34.21,2.6159,0,0
-118.56,34.2,5.0483,0,0
-118.57,34.21,4.1181,0,0
-118.57,34.2,3.1818,0,0
-118.58,34.2,3.5,0,0
-118.56,34.19,4.1111,0,0
-118.57,34.2,4.5568,0,0
-118.57,34.2,5.223,0,0
-118.58,34.2,5.1463,0,0
-118.58,34.2,4.233,0,0
-118.56,34.19,4.8125,0,0
-118.58,34.19,3.8839,0,0
-118.58,34.19,3.3125,0,0
-118.58,34.19,2.85,0,0
-118.58,34.18,5.6159,0,0
-118.62,34.2,5.0309,0,0
-118.62,34.18,6.4044,0,0
-118.62,34.19,5.5101,0,0
-118.61,34.2,5.5191,0,0
-118.61,34.19,4.1154,0,0
-118.61,34.19,4.3125,0,0
-118.6,34.19,2.8312,0,0
-118.63,34.19,5.1529,0,0
-118.63,34.18,6.6689,0,0
-118.64,34.19,6.0094,0,0
-118.64,34.19,5.6163,0,0
-118.64,34.18,5.1641,0,0
-118.64,34.19,4.4167,0,0
-118.65,34.18,4.925,0,0
-118.65,34.19,5.2016,0,0
-118.66,34.19,7.642,0,0
-118.63,34.17,5.5798,0,0
-118.64,34.17,7.7846,0,0
-118.57,34.18,6.5304,0,0
-118.57,34.17,6.0928,0,0
-118.58,34.17,6.2064,0,0
-118.59,34.18,4.2009,0,0
-118.61,34.17,3.8819,0,0
-118.62,34.17,3.0404,0,0
-118.62,34.17,6.8482,0,0
-118.63,34.18,6.7977,0,0
-118.65,34.18,7.4918,0,0
-118.66,34.18,8.3912,0,0
-118.61,34.17,4.0,0,0
-118.61,34.15,4.9102,0,0
-118.61,34.16,6.8107,0,0
-118.63,34.16,6.0192,0,0
-118.63,34.16,7.457,0,0
-118.62,34.15,7.9814,0,0
-118.57,34.17,3.1875,0,0
-118.58,34.17,5.6327,0,0
-118.59,34.17,5.4847,0,0
-118.6,34.16,4.1656,0,0
-118.6,34.16,6.0794,0,0
-118.57,34.15,10.9201,0,0
-118.58,34.15,8.4196,0,0
-118.59,34.15,6.7694,0,0
-118.6,34.15,6.14,0,0
-118.59,34.14,10.5511,0,0
-118.49,34.18,4.8984,0,0
-118.51,34.18,4.8036,0,0
-118.51,34.17,3.1885,0,0
-118.52,34.18,3.675,0,0
-118.52,34.18,3.6534,0,0
-118.52,34.18,3.1923,0,0
-118.53,34.17,3.855,0,0
-118.54,34.17,6.1274,0,0
-118.55,34.18,5.0605,0,0
-118.56,34.18,5.4088,0,0
-118.54,34.18,3.0943,0,0
-118.53,34.18,3.1887,0,0
-118.54,34.17,5.6738,0,0
-118.54,34.17,2.8528,0,0
-118.55,34.17,7.8392,0,0
-118.56,34.17,7.1322,0,0
-118.52,34.17,3.2154,0,0
-118.52,34.16,5.17,0,0
-118.53,34.16,3.6141,0,0
-118.51,34.16,5.4609,0,0
-118.48,34.16,8.7172,0,0
-118.49,34.16,6.4958,0,0
-118.5,34.16,7.139,0,0
-118.5,34.15,13.4196,0,-1
-118.5,34.17,4.1429,0,0
-118.49,34.15,10.3587,0,0
-118.49,34.14,10.6796,0,0
-118.49,34.13,11.2979,0,0
-118.51,34.14,12.8879,0,-1
-118.53,34.14,9.2189,0,0
-118.54,34.15,10.2292,0,0
-118.56,34.14,10.4399,0,0
-118.43,34.15,3.2241,0,0
-118.43,34.15,7.672,0,0
-118.43,34.15,3.7125,0,0
-118.43,34.15,2.8448,0,0
-118.44,34.15,3.415,0,0
-118.44,34.15,10.0549,0,0
-118.44,34.15,4.6375,0,0
-118.44,34.15,3.2813,0,0
-118.44,34.15,2.9352,0,0
-118.45,34.16,3.6171,0,0
-118.45,34.15,4.1727,0,0
-118.45,34.15,4.5656,0,0
-118.46,34.16,3.4698,0,0
-118.46,34.16,3.8273,0,0
-118.47,34.15,4.642,0,0
-118.47,34.16,4.6,0,0
-118.47,34.15,8.2269,0,0
-118.48,34.15,5.4591,0,0
-118.48,34.16,6.7082,0,0
-118.48,34.14,10.3599,0,0
-118.46,34.14,8.8115,0,0
-118.47,34.14,8.153,0,0
-118.47,34.14,7.629,0,0
-118.43,34.14,10.9237,0,0
-118.43,34.13,8.2954,0,0
-118.45,34.14,7.9625,0,0
-118.35,34.15,9.042,0,0
-118.36,34.15,4.3,0,0
-118.36,34.15,3.6202,0,0
-118.37,34.15,3.1373,0,0
-118.37,34.15,3.3669,0,0
-118.38,34.16,3.1289,0,0
-118.38,34.15,4.3036,0,0
-118.39,34.15,4.2031,0,0
-118.39,34.15,3.4612,0,0
-118.39,34.16,3.2388,0,0
-118.4,34.15,3.0398,0,0
-118.41,34.15,4.3468,0,0
-118.42,34.15,4.615,0,0
-118.42,34.15,4.3214,0,0
-118.42,34.15,5.2853,0,0
-118.42,34.16,4.0208,0,0
-118.42,34.16,0.536,0,0
-118.4,34.15,4.3889,0,0
-118.4,34.15,5.0754,0,0
-118.41,34.15,4.1656,0,0
-118.41,34.15,6.083,0,0
-118.36,34.14,3.6823,0,0
-118.37,34.14,3.5714,0,0
-118.37,34.14,3.7986,0,0
-118.38,34.14,7.7112,0,0
-118.39,34.14,5.5683,0,0
-118.39,34.15,3.1146,0,0
-118.35,34.13,4.3333,0,0
-118.34,34.12,4.2415,0,0
-118.36,34.13,8.0499,0,0
-118.37,34.14,3.5096,0,0
-118.37,34.13,8.5677,0,0
-118.39,34.14,6.5533,0,0
-118.38,34.14,6.0876,0,0
-118.4,34.13,10.5575,0,0
-118.4,34.14,6.0678,0,0
-118.4,34.14,5.1377,0,0
-118.41,34.14,5.738,0,0
-118.42,34.14,4.0439,0,0
-118.42,34.13,12.7823,0,-1
-118.22,34.14,5.5291,0,0
-118.22,34.14,3.7404,0,0
-118.2,34.14,5.5524,0,0
-118.19,34.14,3.6058,0,0
-118.19,34.14,5.2962,0,0
-118.23,34.14,2.3958,0,0
-118.22,34.14,5.5456,0,0
-118.22,34.13,5.7794,0,0
-118.2,34.14,4.0909,0,0
-118.21,34.14,3.2222,0,0
-118.21,34.14,2.2267,0,0
-118.2,34.14,3.9375,0,0
-118.19,34.14,4.3359,0,0
-118.19,34.13,3.925,0,0
-118.2,34.13,3.5349,0,0
-118.21,34.13,3.25,0,0
-118.22,34.13,2.7098,0,0
-118.22,34.13,3.3542,0,0
-118.18,34.13,3.5341,0,0
-118.18,34.12,1.9219,0,0
-118.18,34.12,4.21,0,0
-118.17,34.12,2.9154,0,0
-118.18,34.12,2.369,0,0
-118.17,34.12,3.7813,0,0
-118.19,34.13,3.1287,0,0
-118.19,34.12,4.2344,0,0
-118.19,34.12,2.3071,0,0
-118.19,34.12,4.0417,0,0
-118.19,34.12,2.7012,0,0
-118.2,34.13,4.0052,0,0
-118.2,34.13,3.3438,0,0
-118.2,34.12,3.3326,0,0
-118.2,34.12,2.9194,0,0
-118.21,34.12,3.4625,0,0
-118.21,34.12,3.6845,0,0
-118.21,34.12,2.5139,0,0
-118.2,34.11,4.0625,0,0
-118.2,34.11,2.5211,0,0
-118.2,34.11,3.0,0,0
-118.2,34.12,2.8125,0,0
-118.19,34.12,2.987,0,0
-118.19,34.11,2.1667,0,0
-118.19,34.12,2.4932,0,0
-118.18,34.11,2.6591,0,0
-118.18,34.11,2.3984,0,0
-118.19,34.11,2.286,0,0
-118.19,34.11,3.4227,0,0
-118.19,34.1,3.2121,0,0
-118.2,34.11,2.1793,0,0
-118.2,34.11,1.9355,0,0
-118.2,34.1,2.07,0,0
-118.21,34.11,4.3812,0,0
-118.21,34.1,5.2723,0,0
-118.21,34.1,3.0377,0,0
-118.22,34.1,4.1213,0,0
-118.23,34.1,2.712,0,0
-118.23,34.1,2.2788,0,0
-118.21,34.1,3.7437,0,0
-118.21,34.09,2.7708,0,0
-118.22,34.1,4.0469,0,0
-118.23,34.1,2.1687,0,0
-118.22,34.09,2.5213,0,0
-118.22,34.09,2.48,0,0
-118.22,34.09,2.8194,0,0
-118.23,34.09,2.0476,0,0
-118.23,34.13,4.6528,0,0
-118.23,34.13,3.5893,0,0
-118.22,34.13,4.825,0,0
-118.23,34.13,4.5766,0,0
-118.23,34.13,4.2891,0,0
-118.23,34.13,2.975,0,0
-118.22,34.12,3.0919,0,0
-118.21,34.12,3.5638,0,0
-118.22,34.11,5.2083,0,0
-118.22,34.12,5.2049,0,0
-118.23,34.12,2.2843,0,0
-118.24,34.12,3.1806,0,0
-118.23,34.12,4.5089,0,0
-118.23,34.11,5.5051,0,0
-118.23,34.11,3.3389,0,0
-118.25,34.12,2.8889,0,0
-118.24,34.12,2.6111,0,0
-118.24,34.12,0.8907,0,0
-118.24,34.11,2.7679,0,0
-118.24,34.11,2.2167,0,0
-118.23,34.11,3.133,0,0
-118.26,34.12,3.1306,0,0
-118.26,34.11,3.6667,0,0
-118.25,34.11,2.8667,0,0
-118.25,34.11,2.7466,0,0
-118.25,34.11,3.015,0,0
-118.24,34.1,3.1691,0,0
-118.25,34.11,3.4375,0,0
-118.25,34.1,2.625,0,0
-118.25,34.1,3.7184,0,0
-118.26,34.11,3.5673,0,0
-118.27,34.14,2.7685,0,0
-118.27,34.13,2.1071,0,0
-118.27,34.13,2.9392,0,0
-118.27,34.11,3.0521,0,0
-118.27,34.11,4.4094,0,0
-118.28,34.11,3.6181,0,0
-118.28,34.11,3.1445,0,0
-118.28,34.12,12.8763,0,-1
-118.26,34.12,2.7348,0,0
-118.26,34.12,3.8393,0,0
-118.27,34.12,3.575,0,0
-118.29,34.11,5.296,0,0
-118.29,34.11,3.0461,0,0
-118.29,34.1,2.9417,0,0
-118.29,34.1,3.5172,0,0
-118.29,34.11,2.3789,0,0
-118.29,34.11,12.9591,0,-1
-118.29,34.11,3.2333,0,0
-118.3,34.11,3.5806,0,0
-118.3,34.1,2.0672,0,0
-118.3,34.11,8.4389,0,0
-118.3,34.11,6.9391,0,0
-118.31,34.11,5.8659,0,0
-118.31,34.12,8.0073,0,0
-118.31,34.13,7.2692,0,0
-118.32,34.12,4.15,0,0
-118.32,34.11,4.0833,0,0
-118.32,34.11,3.2462,0,0
-118.32,34.11,2.3974,0,0
-118.33,34.11,2.2148,0,0
-118.33,34.11,3.0642,0,0
-118.33,34.11,8.2335,0,0
-118.32,34.13,4.0833,0,0
-118.33,34.12,6.0352,0,0
-118.34,34.13,6.6739,0,0
-118.32,34.14,4.0965,0,0
-118.34,34.11,3.6974,0,0
-118.35,34.1,3.358,0,0
-118.36,34.1,2.976,0,0
-118.36,34.1,3.0179,0,0
-118.35,34.1,2.8036,0,0
-118.35,34.1,2.6458,0,0
-118.35,34.1,3.9044,0,0
-118.35,34.1,2.325,0,0
-118.35,34.1,1.845,0,0
-118.34,34.11,4.3571,0,0
-118.34,34.1,1.8209,0,0
-118.34,34.1,1.5429,0,0
-118.34,34.1,2.5434,0,0
-118.33,34.1,1.51,0,0
-118.33,34.1,1.3157,0,0
-118.31,34.1,1.6903,0,0
-118.32,34.1,1.7306,0,0
-118.3,34.1,1.9354,0,0
-118.3,34.1,1.6112,0,0
-118.31,34.1,1.5328,0,0
-118.31,34.1,1.705,0,0
-118.33,34.1,1.625,0,0
-118.33,34.1,2.0888,0,0
-118.32,34.1,1.4005,0,0
-118.32,34.09,1.6331,0,0
-118.33,34.09,2.1403,0,0
-118.33,34.1,2.1866,0,0
-118.31,34.1,1.625,0,0
-118.31,34.09,1.8214,0,0
-118.31,34.09,1.8977,0,0
-118.31,34.09,1.8576,0,0
-118.32,34.09,2.0341,0,0
-118.32,34.09,2.5556,0,0
-118.32,34.1,1.7325,0,0
-118.32,34.09,2.0557,0,0
-118.32,34.1,1.5284,0,0
-118.32,34.1,1.8277,0,0
-118.32,34.1,2.2311,0,0
-118.3,34.1,1.7083,0,0
-118.3,34.09,1.8156,0,0
-118.31,34.09,1.2412,0,0
-118.3,34.1,1.7641,0,0
-118.3,34.1,1.9297,0,0
-118.29,34.09,1.7514,0,0
-118.3,34.09,2.2612,0,0
-118.29,34.1,2.7054,0,0
-118.29,34.09,2.3317,0,0
-118.28,34.09,3.0357,0,0
-118.29,34.09,1.9835,0,0
-118.29,34.09,1.9766,0,0
-118.29,34.09,2.0467,0,0
-118.29,34.09,2.0132,0,0
-118.29,34.09,1.8056,0,0
-118.29,34.09,1.9063,0,0
-118.3,34.09,2.1927,0,0
-118.3,34.09,1.4497,0,0
-118.3,34.09,2.0307,0,0
-118.31,34.09,2.1524,0,0
-118.31,34.09,2.0,0,0
-118.31,34.09,1.5195,0,0
-118.32,34.09,1.676,0,0
-118.32,34.09,2.0044,0,0
-118.32,34.09,1.879,0,0
-118.33,34.09,3.6953,0,0
-118.33,34.09,1.4375,0,0
-118.33,34.09,1.9911,0,0
-118.34,34.09,2.3568,0,0
-118.34,34.09,2.2,0,0
-118.34,34.08,3.1078,0,0
-118.34,34.09,3.2946,0,0
-118.34,34.08,10.3661,0,0
-118.35,34.09,2.8021,0,0
-118.35,34.08,3.8472,0,0
-118.35,34.08,3.8141,0,0
-118.35,34.09,2.5982,0,0
-118.35,34.08,4.5833,0,0
-118.36,34.08,3.2824,0,0
-118.32,34.08,3.125,0,0
-118.33,34.08,3.5083,0,0
-118.33,34.08,3.2426,0,0
-118.31,34.08,2.2422,0,0
-118.31,34.08,1.7542,0,0
-118.32,34.08,2.4196,0,0
-118.31,34.08,2.7543,0,0
-118.32,34.08,3.37,0,0
-118.32,34.08,4.1429,0,0
-118.3,34.08,1.8771,0,0
-118.3,34.08,2.1766,0,0
-118.31,34.08,2.8971,0,0
-118.31,34.08,2.7038,0,0
-118.29,34.08,1.525,0,0
-118.29,34.08,1.8495,0,0
-118.3,34.08,1.5685,0,0
-118.3,34.08,2.3846,0,0
-118.29,34.08,2.4,0,0
-118.29,34.08,1.9286,0,0
-118.37,34.12,11.615,0,0
-118.36,34.12,8.5136,0,0
-118.35,34.11,4.1717,0,0
-118.36,34.11,6.5195,0,0
-118.38,34.11,7.1134,0,0
-118.37,34.11,8.5842,0,0
-118.36,34.1,2.5588,0,0
-118.37,34.1,15.0001,0,1
-118.38,34.1,9.3092,0,0
-118.39,34.1,8.944,0,0
-118.39,34.09,4.3214,0,0
-118.36,34.09,2.9643,0,0
-118.36,34.08,1.9937,0,0
-118.37,34.08,3.9783,0,0
-118.37,34.08,3.2149,0,0
-118.37,34.09,2.8942,0,0
-118.36,34.08,3.3864,0,0
-118.37,34.08,5.7524,0,0
-118.37,34.08,6.0338,0,0
-118.26,34.1,3.6579,0,0
-118.26,34.1,4.0721,0,0
-118.27,34.1,6.4459,0,0
-118.27,34.1,5.7778,0,0
-118.27,34.11,2.978,0,0
-118.28,34.11,4.2019,0,0
-118.28,34.11,5.4122,0,0
-118.28,34.11,4.5781,0,0
-118.28,34.1,4.0602,0,0
-118.27,34.1,4.7132,0,0
-118.28,34.1,3.0958,0,0
-118.28,34.1,2.3421,0,0
-118.28,34.1,2.7875,0,0
-118.27,34.09,4.1667,0,0
-118.27,34.09,3.9674,0,0
-118.28,34.09,2.3333,0,0
-118.27,34.09,3.7847,0,0
-118.26,34.09,3.6434,0,0
-118.26,34.09,3.8448,0,0
-118.27,34.09,4.625,0,0
-118.27,34.09,2.9709,0,0
-118.26,34.08,2.3816,0,0
-118.26,34.08,2.4375,0,0
-118.26,34.08,3.5039,0,0
-118.27,34.08,2.3913,0,0
-118.26,34.07,2.0214,0,0
-118.26,34.07,2.625,0,0
-118.27,34.07,1.7016,0,0
-118.27,34.08,2.5521,0,0
-118.27,34.08,2.7179,0,0
-118.28,34.08,2.9423,0,0
-118.28,34.08,2.6178,0,0
-118.27,34.08,3.2386,0,0
-118.27,34.07,1.87,0,0
-118.28,34.08,3.1607,0,0
-118.28,34.09,2.4429,0,0
-118.28,34.08,2.875,0,0
-118.28,34.08,2.7366,0,0
-118.28,34.09,2.4677,0,0
-118.23,34.07,1.9722,0,0
-118.23,34.07,3.1944,0,0
-118.24,34.08,4.9844,0,0
-118.24,34.08,4.025,0,0
-118.23,34.09,2.6442,0,0
-118.23,34.09,2.6923,0,0
-118.23,34.09,2.6051,0,0
-118.25,34.09,3.5603,0,0
-118.25,34.09,3.75,0,0
-118.25,34.08,2.1108,0,0
-118.25,34.08,2.6136,0,0
-118.25,34.09,2.6336,0,0
-118.25,34.09,2.935,0,0
-118.26,34.08,1.7945,0,0
-118.26,34.08,2.5428,0,0
-118.25,34.09,3.1864,0,0
-118.26,34.08,1.9209,0,0
-118.26,34.07,2.4038,0,0
-118.26,34.07,2.7625,0,0
-118.25,34.07,1.9028,0,0
-118.25,34.07,2.0,0,0
-118.25,34.06,1.5491,0,0
-118.24,34.07,1.6136,0,0
-118.25,34.07,2.2545,0,0
-118.25,34.07,2.3942,0,0
-118.22,34.09,1.875,0,0
-118.22,34.08,1.8173,0,0
-118.22,34.08,1.9704,0,0
-118.19,34.08,2.3409,0,0
-118.2,34.08,2.4375,0,0
-118.2,34.07,1.9937,0,0
-118.2,34.07,2.2708,0,0
-118.21,34.08,2.2907,0,0
-118.21,34.08,1.9495,0,0
-118.2,34.09,2.5343,0,0
-118.2,34.08,2.2222,0,0
-118.19,34.1,4.239,0,0
-118.21,34.08,2.6806,0,0
-118.21,34.09,1.6118,0,0
-118.21,34.09,2.4632,0,0
-118.21,34.09,1.9881,0,0
-118.22,34.07,2.0133,0,0
-118.22,34.07,1.7463,0,0
-118.21,34.07,2.1333,0,0
-118.21,34.07,2.4135,0,0
-118.21,34.07,1.7292,0,0
-118.21,34.07,2.3859,0,0
-118.21,34.07,1.9375,0,0
-118.21,34.06,1.8781,0,0
-118.16,34.09,2.1696,0,0
-118.17,34.1,3.1146,0,0
-118.17,34.1,1.3125,0,0
-118.17,34.09,3.3977,0,0
-118.18,34.09,2.6226,0,0
-118.18,34.09,3.3785,0,0
-118.19,34.09,1.9706,0,0
-118.18,34.1,4.875,0,0
-118.18,34.1,4.975,0,0
-118.18,34.1,4.7853,0,0
-118.18,34.1,4.9231,0,0
-118.18,34.08,2.9167,0,0
-118.19,34.08,1.9038,0,0
-118.19,34.07,3.0241,0,0
-118.19,34.07,3.375,0,0
-118.19,34.06,2.5132,0,0
-118.16,34.09,2.375,0,0
-118.16,34.09,3.1442,0,0
-118.17,34.09,2.5523,0,0
-118.17,34.09,2.2348,0,0
-118.18,34.08,2.9939,0,0
-118.18,34.08,2.3281,0,0
-118.16,34.08,3.2031,0,0
-118.17,34.08,3.2279,0,0
-118.17,34.08,3.375,0,0
-118.18,34.07,2.6842,0,0
-118.17,34.07,3.4952,0,0
-118.16,34.07,3.5769,0,0
-118.17,34.07,3.875,0,0
-118.18,34.06,2.6083,0,0
-118.19,34.06,1.9762,0,0
-118.19,34.06,1.1868,0,0
-118.2,34.06,2.2961,0,0
-118.2,34.06,2.1136,0,0
-118.2,34.05,2.4886,0,0
-118.19,34.05,1.6667,0,0
-118.2,34.05,2.0885,0,0
-118.19,34.05,3.2125,0,0
-118.2,34.06,2.1029,0,0
-118.21,34.06,2.3611,0,0
-118.22,34.06,10.2264,0,0
-118.22,34.05,1.0714,0,0
-118.21,34.06,2.095,0,0
-118.22,34.06,2.2344,0,0
-118.22,34.05,3.1654,0,0
-118.22,34.05,1.6122,0,0
-118.21,34.05,1.3846,0,0
-118.21,34.05,2.52,0,0
-118.21,34.05,1.9271,0,0
-118.21,34.05,2.121,0,0
-118.2,34.05,1.9615,0,0
-118.2,34.05,1.9205,0,0
-118.2,34.05,1.7054,0,0
-118.2,34.05,2.02,0,0
-118.2,34.05,2.625,0,0
-118.19,34.05,2.7708,0,0
-118.19,34.05,2.1058,0,0
-118.2,34.05,2.29,0,0
-118.19,34.04,2.1806,0,0
-118.19,34.04,1.9688,0,0
-118.19,34.03,2.1071,0,0
-118.19,34.03,3.2639,0,0
-118.2,34.04,2.07,0,0
-118.2,34.04,3.7619,0,0
-118.2,34.03,2.3716,0,0
-118.2,34.04,1.8224,0,0
-118.2,34.04,2.181,0,0
-118.2,34.04,1.6888,0,0
-118.2,34.04,1.0333,0,0
-118.21,34.04,2.1862,0,0
-118.21,34.04,2.2454,0,0
-118.21,34.04,2.8,0,0
-118.21,34.05,1.6319,0,0
-118.21,34.04,2.1923,0,0
-118.22,34.05,1.9402,0,0
-118.21,34.05,2.5455,0,0
-118.22,34.04,1.4189,0,0
-118.22,34.05,1.2,0,0
-118.22,34.04,1.5163,0,0
-118.21,34.04,1.9405,0,0
-118.21,34.04,2.2788,0,0
-118.22,34.03,1.8125,0,0
-118.21,34.03,2.6573,0,0
-118.21,34.03,2.5268,0,0
-118.21,34.03,2.2083,0,0
-118.21,34.03,2.2656,0,0
-118.2,34.03,1.925,0,0
-118.2,34.02,2.75,0,0
-118.2,34.03,2.3472,0,0
-118.2,34.03,2.7266,0,0
-118.2,34.03,1.4115,0,0
-118.21,34.02,2.6875,0,0
-118.19,34.02,2.3575,0,0
-118.2,34.02,2.3944,0,0
-118.2,34.02,1.625,0,0
-118.2,34.02,3.7543,0,0
-118.21,34.02,7.5752,0,0
-118.21,34.02,1.3615,0,0
-118.23,34.05,2.5313,0,0
-118.24,34.05,0.8288,0,0
-118.24,34.04,1.0769,0,0
-118.24,34.06,1.1979,0,0
-118.24,34.06,1.0227,0,0
-118.24,34.06,1.7395,0,0
-118.25,34.05,0.6775,0,0
-118.25,34.05,0.8131,0,0
-118.25,34.06,5.3081,0,0
-118.26,34.05,4.0972,0,0
-118.26,34.04,2.462,0,0
-118.25,34.06,1.7763,0,0
-118.26,34.06,1.4886,0,0
-118.26,34.06,1.8625,0,0
-118.26,34.07,1.8438,0,0
-118.26,34.07,2.2607,0,0
-118.26,34.07,2.5227,0,0
-118.26,34.06,2.345,0,0
-118.26,34.06,1.5854,0,0
-118.27,34.07,2.3438,0,0
-118.27,34.06,1.5885,0,0
-118.27,34.07,2.3438,0,0
-118.27,34.07,2.1135,0,0
-118.27,34.06,1.9818,0,0
-118.27,34.07,2.3981,0,0
-118.28,34.07,1.9233,0,0
-118.28,34.07,2.4632,0,0
-118.28,34.07,2.2552,0,0
-118.28,34.07,2.3636,0,0
-118.28,34.07,2.0173,0,0
-118.28,34.06,1.1642,0,0
-118.28,34.06,1.7199,0,0
-118.27,34.06,1.1346,0,0
-118.27,34.06,1.3241,0,0
-118.27,34.06,1.494,0,0
-118.27,34.06,1.4904,0,0
-118.26,34.06,1.7238,0,0
-118.27,34.05,2.7634,0,0
-118.27,34.05,0.9563,0,0
-118.28,34.06,1.6184,0,0
-118.28,34.06,1.1122,0,0
-118.28,34.06,1.2254,0,0
-118.27,34.05,1.7866,0,0
-118.27,34.05,1.5727,0,0
-118.28,34.05,1.4615,0,0
-118.28,34.05,1.6355,0,0
-118.28,34.05,1.4413,0,0
-118.28,34.05,1.3,0,0
-118.28,34.05,1.4801,0,0
-118.27,34.05,1.3169,0,0
-118.27,34.04,1.7038,0,0
-118.27,34.05,1.8304,0,0
-118.27,34.05,1.2012,0,0
-118.32,34.07,8.8062,0,0
-118.33,34.06,15.0001,0,1
-118.33,34.07,15.0001,0,1
-118.33,34.07,15.0001,0,1
-118.34,34.06,7.4574,0,0
-118.34,34.06,3.4812,0,0
-118.29,34.08,1.6806,0,0
-118.29,34.07,2.5386,0,0
-118.29,34.06,2.0185,0,0
-118.29,34.07,1.6406,0,0
-118.29,34.07,2.3567,0,0
-118.29,34.08,1.925,0,0
-118.3,34.07,2.4348,0,0
-118.3,34.07,1.8238,0,0
-118.3,34.07,2.3375,0,0
-118.3,34.07,3.425,0,0
-118.31,34.07,2.2364,0,0
-118.31,34.08,2.6218,0,0
-118.31,34.07,2.2653,0,0
-118.32,34.07,11.2185,0,0
-118.31,34.06,0.8804,0,0
-118.32,34.06,5.7393,0,0
-118.32,34.07,3.5909,0,0
-118.32,34.06,15.0001,0,1
-118.31,34.07,2.3105,0,0
-118.31,34.06,1.6987,0,0
-118.3,34.07,2.2708,0,0
-118.31,34.07,2.3674,0,0
-118.3,34.06,2.2094,0,0
-118.31,34.06,1.9038,0,0
-118.29,34.07,1.7365,0,0
-118.3,34.07,1.8829,0,0
-118.3,34.06,1.6953,0,0
-118.29,34.06,1.5553,0,0
-118.29,34.06,1.5954,0,0
-118.29,34.06,2.1637,0,0
-118.3,34.06,1.468,0,0
-118.29,34.06,1.9309,0,0
-118.3,34.06,2.0332,0,0
-118.3,34.06,1.8214,0,0
-118.3,34.06,1.7896,0,0
-118.31,34.06,2.8202,0,0
-118.31,34.06,1.6725,0,0
-118.31,34.06,2.0547,0,0
-118.31,34.06,2.1435,0,0
-118.31,34.06,2.0278,0,0
-118.31,34.06,1.9949,0,0
-118.32,34.05,3.5517,0,0
-118.32,34.06,4.125,0,0
-118.32,34.06,4.5918,0,0
-118.33,34.06,8.3617,0,0
-118.33,34.05,3.375,0,0
-118.33,34.05,2.5284,0,0
-118.33,34.05,2.1736,0,0
-118.32,34.05,1.5882,0,0
-118.32,34.05,1.9923,0,0
-118.31,34.05,2.5313,0,0
-118.31,34.05,3.1406,0,0
-118.3,34.05,1.9152,0,0
-118.3,34.05,1.721,0,0
-118.31,34.05,2.2937,0,0
-118.3,34.05,2.1414,0,0
-118.3,34.05,2.2684,0,0
-118.29,34.05,1.3867,0,0
-118.29,34.05,1.5972,0,0
-118.3,34.05,1.9323,0,0
-118.3,34.05,2.096,0,0
-118.29,34.05,1.847,0,0
-118.29,34.05,2.3864,0,0
-118.29,34.05,2.053,0,0
-118.35,34.08,4.6838,0,0
-118.35,34.07,4.89,0,0
-118.35,34.07,4.1328,0,0
-118.34,34.07,5.8632,0,0
-118.34,34.08,10.586,0,0
-118.34,34.08,15.0001,0,1
-118.34,34.07,6.2223,0,0
-118.34,34.07,4.1618,0,0
-118.34,34.08,5.5871,0,0
-118.35,34.08,3.2645,0,0
-118.36,34.08,3.1765,0,0
-118.36,34.08,2.9621,0,0
-118.35,34.07,3.6111,0,0
-118.35,34.07,3.3594,0,0
-118.35,34.07,4.0179,0,0
-118.35,34.07,3.5719,0,0
-118.36,34.07,2.3375,0,0
-118.36,34.07,4.7019,0,0
-118.37,34.07,4.3667,0,0
-118.36,34.07,3.4265,0,0
-118.37,34.07,4.25,0,0
-118.37,34.07,5.24,0,0
-118.37,34.07,3.201,0,0
-118.37,34.07,3.1677,0,0
-118.37,34.07,3.4286,0,0
-118.38,34.08,3.3989,0,0
-118.38,34.07,3.3725,0,0
-118.38,34.07,3.5573,0,0
-118.34,34.07,3.1766,0,0
-118.35,34.06,2.4722,0,0
-118.34,34.06,7.1669,0,0
-118.34,34.05,3.9167,0,0
-118.34,34.06,3.5481,0,0
-118.34,34.06,3.7167,0,0
-118.35,34.06,3.2411,0,0
-118.35,34.06,3.7167,0,0
-118.35,34.06,5.3819,0,0
-118.35,34.05,2.6781,0,0
-118.35,34.06,3.2279,0,0
-118.36,34.06,3.25,0,0
-118.36,34.06,2.9605,0,0
-118.37,34.06,4.5192,0,0
-118.37,34.06,5.5596,0,0
-118.38,34.06,3.1475,0,0
-118.38,34.06,2.7824,0,0
-118.38,34.06,2.8233,0,0
-118.38,34.06,3.5556,0,0
-118.37,34.05,3.0862,0,0
-118.37,34.04,3.825,0,0
-118.37,34.05,4.005,0,0
-118.37,34.05,2.9883,0,0
-118.37,34.06,5.0858,0,0
-118.37,34.05,4.0583,0,0
-118.37,34.05,3.625,0,0
-118.37,34.06,4.0217,0,0
-118.36,34.05,3.3824,0,0
-118.36,34.05,4.0625,0,0
-118.36,34.05,3.2813,0,0
-118.36,34.04,2.7917,0,0
-118.36,34.05,3.3333,0,0
-118.36,34.05,3.0833,0,0
-118.38,34.05,3.0707,0,0
-118.39,34.05,5.7509,0,0
-118.38,34.05,4.2404,0,0
-118.38,34.05,4.4191,0,0
-118.38,34.05,4.8958,0,0
-118.38,34.05,3.238,0,0
-118.38,34.05,3.0956,0,0
-118.35,34.05,2.5806,0,0
-118.35,34.05,2.0984,0,0
-118.36,34.05,2.8793,0,0
-118.36,34.05,2.5658,0,0
-118.35,34.05,2.8841,0,0
-118.34,34.05,3.1944,0,0
-118.34,34.05,2.2725,0,0
-118.35,34.05,3.6435,0,0
-118.34,34.05,2.6654,0,0
-118.32,34.04,2.532,0,0
-118.32,34.04,2.2554,0,0
-118.32,34.04,2.3526,0,0
-118.33,34.04,2.913,0,0
-118.33,34.05,2.0706,0,0
-118.33,34.04,3.6373,0,0
-118.34,34.05,2.7409,0,0
-118.34,34.04,2.5955,0,0
-118.34,34.04,2.2254,0,0
-118.34,34.04,1.7014,0,0
-118.35,34.04,1.8685,0,0
-118.35,34.04,3.0856,0,0
-118.35,34.04,2.1711,0,0
-118.36,34.04,2.3214,0,0
-118.36,34.04,3.5161,0,0
-118.35,34.04,2.3687,0,0
-118.36,34.03,2.1078,0,0
-118.37,34.03,3.0694,0,0
-118.36,34.04,2.0538,0,0
-118.35,34.04,2.4635,0,0
-118.35,34.03,1.9,0,0
-118.35,34.04,2.5625,0,0
-118.34,34.04,2.6,0,0
-118.34,34.03,1.6581,0,0
-118.34,34.04,1.9408,0,0
-118.35,34.03,1.975,0,0
-118.33,34.04,2.5927,0,0
-118.33,34.03,1.7377,0,0
-118.33,34.04,2.628,0,0
-118.32,34.04,1.8333,0,0
-118.32,34.04,2.0259,0,0
-118.32,34.04,2.8654,0,0
-118.32,34.03,2.1046,0,0
-118.33,34.03,1.9018,0,0
-118.32,34.03,3.0132,0,0
-118.32,34.03,2.8971,0,0
-118.32,34.03,3.1731,0,0
-118.32,34.02,2.6098,0,0
-118.32,34.02,2.0304,0,0
-118.32,34.02,2.0042,0,0
-118.33,34.02,1.8783,0,0
-118.33,34.02,2.1979,0,0
-118.33,34.03,1.6429,0,0
-118.34,34.02,4.2218,0,0
-118.34,34.02,3.5357,0,0
-118.35,34.03,1.89,0,0
-118.35,34.03,2.2273,0,0
-118.35,34.02,3.25,0,0
-118.35,34.03,1.9928,0,0
-118.36,34.03,2.1324,0,0
-118.36,34.03,1.8316,0,0
-118.36,34.03,2.2368,0,0
-118.36,34.03,1.6452,0,0
-118.36,34.03,2.0879,0,0
-118.37,34.03,3.3636,0,0
-118.34,34.03,2.4444,0,0
-118.34,34.02,2.5156,0,0
-118.34,34.02,3.1442,0,0
-118.34,34.03,3.4306,0,0
-118.34,34.03,1.3444,0,0
-118.36,34.02,1.7159,0,0
-118.37,34.03,3.9732,0,0
-118.37,34.02,2.6154,0,0
-118.28,34.05,1.5565,0,0
-118.28,34.04,2.1696,0,0
-118.29,34.04,2.0817,0,0
-118.29,34.05,1.8571,0,0
-118.29,34.04,2.4359,0,0
-118.3,34.04,1.7225,0,0
-118.3,34.05,2.4297,0,0
-118.3,34.05,1.2786,0,0
-118.31,34.05,1.9336,0,0
-118.31,34.05,2.1162,0,0
-118.31,34.05,2.3536,0,0
-118.31,34.04,2.4048,0,0
-118.31,34.04,2.0658,0,0
-118.31,34.03,0.8351,0,0
-118.32,34.03,1.9531,0,0
-118.31,34.04,2.5833,0,0
-118.3,34.04,1.7109,0,0
-118.3,34.04,2.006,0,0
-118.31,34.04,1.767,0,0
-118.29,34.04,2.0405,0,0
-118.3,34.03,1.78,0,0
-118.3,34.04,2.1518,0,0
-118.29,34.04,2.1542,0,0
-118.29,34.04,2.1471,0,0
-118.29,34.03,1.9167,0,0
-118.28,34.03,2.0673,0,0
-118.29,34.03,1.2875,0,0
-118.29,34.03,1.0219,0,0
-118.29,34.03,2.0848,0,0
-118.29,34.03,0.7473,0,0
-118.29,34.03,2.135,0,0
-118.31,34.03,2.025,0,0
-118.31,34.03,2.8295,0,0
-118.31,34.02,2.45,0,0
-118.31,34.02,1.4712,0,0
-118.31,34.02,2.4519,0,0
-118.31,34.02,1.2434,0,0
-118.3,34.03,2.1571,0,0
-118.3,34.03,2.7125,0,0
-118.31,34.03,1.23,0,0
-118.3,34.03,1.8564,0,0
-118.31,34.03,2.1173,0,0
-118.31,34.02,1.3187,0,0
-118.31,34.02,2.2981,0,0
-118.3,34.02,1.85,0,0
-118.29,34.02,2.087,0,0
-118.3,34.02,1.631,0,0
-118.3,34.02,1.5781,0,0
-118.28,34.02,0.4999,0,0
-118.27,34.03,1.7546,0,0
-118.27,34.03,1.7115,0,0
-118.28,34.04,1.6089,0,0
-118.28,34.04,1.2969,0,0
-118.28,34.04,1.4167,0,0
-118.28,34.04,2.1806,0,0
-118.28,34.05,1.6037,0,0
-118.28,34.03,1.8539,0,0
-118.28,34.03,1.7976,0,0
-118.28,34.04,2.2232,0,0
-118.27,34.02,1.875,0,0
-118.28,34.02,1.9375,0,0
-118.27,34.02,0.9234,0,0
-118.28,34.03,0.844,0,0
-118.28,34.03,1.2989,0,0
-118.25,34.02,2.1944,0,0
-118.24,34.03,1.8333,0,0
-118.26,34.03,1.2096,0,0
-118.25,34.03,2.1905,0,0
-118.25,34.02,1.6302,0,0
-118.26,34.02,1.5652,0,0
-118.26,34.02,2.131,0,0
-118.26,34.02,1.8382,0,0
-118.26,34.02,2.1667,0,0
-118.26,34.02,1.3134,0,0
-118.26,34.02,2.0703,0,0
-118.26,34.02,1.5603,0,0
-118.26,34.02,2.2356,0,0
-118.25,34.02,1.913,0,0
-118.25,34.02,2.1957,0,0
-118.25,34.01,1.2396,0,0
-118.25,34.02,2.3304,0,0
-118.24,34.02,1.8485,0,0
-118.24,34.01,2.375,0,0
-118.24,34.01,1.8929,0,0
-118.25,34.01,2.1466,0,0
-118.24,34.01,1.7813,0,0
-118.25,34.01,1.0898,0,0
-118.25,34.01,1.2857,0,0
-118.25,34.01,1.3287,0,0
-118.25,34.01,1.7425,0,0
-118.25,34.01,1.4464,0,0
-118.26,34.01,1.4653,0,0
-118.26,34.01,1.5089,0,0
-118.26,34.01,1.9074,0,0
-118.27,34.01,1.4524,0,0
-118.26,34.01,2.1776,0,0
-118.27,34.02,2.319,0,0
-118.27,34.01,1.8652,0,0
-118.27,34.01,1.2206,0,0
-118.27,34.01,1.4327,0,0
-118.27,34.01,2.0817,0,0
-118.27,34.0,2.148,0,0
-118.27,34.0,1.7052,0,0
-118.27,34.0,1.75,0,0
-118.26,34.01,1.8641,0,0
-118.26,34.0,1.6221,0,0
-118.25,34.0,1.7237,0,0
-118.25,34.0,1.6382,0,0
-118.25,34.0,1.5781,0,0
-118.25,34.0,1.303,0,0
-118.25,34.0,1.4792,0,0
-118.24,34.0,1.2056,0,0
-118.24,34.0,0.9463,0,0
-118.25,34.0,2.2813,0,0
-118.24,34.0,1.7132,0,0
-118.24,33.99,1.875,0,0
-118.24,33.99,1.6731,0,0
-118.25,33.99,1.5556,0,0
-118.25,33.99,2.1793,0,0
-118.26,34.0,0.8941,0,0
-118.26,34.0,1.9208,0,0
-118.27,34.0,1.852,0,0
-118.27,34.0,1.3403,0,0
-118.27,34.0,1.8917,0,0
-118.26,33.99,1.8242,0,0
-118.26,33.99,1.6901,0,0
-118.27,33.99,1.9531,0,0
-118.27,33.99,1.4886,0,0
-118.27,33.99,1.8086,0,0
-118.28,34.01,1.8824,0,0
-118.28,34.02,2.1382,0,0
-118.29,34.01,1.1667,0,0
-118.3,34.01,1.9152,0,0
-118.3,34.02,1.2446,0,0
-118.29,34.02,1.1563,0,0
-118.3,34.02,1.6699,0,0
-118.3,34.01,1.7961,0,0
-118.31,34.01,1.7386,0,0
-118.31,34.02,1.6667,0,0
-118.31,34.02,1.6955,0,0
-118.31,34.01,2.0417,0,0
-118.31,34.02,1.6851,0,0
-118.31,34.01,2.5263,0,0
-118.31,34.01,1.8214,0,0
-118.31,34.01,3.0759,0,0
-118.29,34.01,2.3942,0,0
-118.29,34.01,1.6505,0,0
-118.3,34.0,1.6875,0,0
-118.3,34.01,2.5885,0,0
-118.3,34.01,2.0625,0,0
-118.28,34.01,1.7143,0,0
-118.28,34.0,2.3403,0,0
-118.29,34.0,1.4639,0,0
-118.29,34.01,1.6036,0,0
-118.29,34.01,1.0539,0,0
-118.28,34.01,1.8656,0,0
-118.28,34.0,1.2065,0,0
-118.28,34.01,1.2175,0,0
-118.28,34.01,2.3309,0,0
-118.28,34.0,2.125,0,0
-118.28,34.0,2.0938,0,0
-118.28,34.0,1.2778,0,0
-118.28,34.0,1.432,0,0
-118.28,34.0,2.1607,0,0
-118.29,34.0,2.1354,0,0
-118.29,34.0,1.2347,0,0
-118.29,34.0,2.7727,0,0
-118.3,34.0,1.1806,0,0
-118.3,34.0,1.5179,0,0
-118.29,34.0,2.0809,0,0
-118.3,34.0,2.0958,0,0
-118.3,34.0,3.05,0,0
-118.31,34.0,1.6892,0,0
-118.3,34.0,2.0,0,0
-118.31,34.0,1.933,0,0
-118.31,34.0,2.1116,0,0
-118.31,34.0,1.9792,0,0
-118.31,33.99,1.6559,0,0
-118.31,33.99,2.0915,0,0
-118.31,33.99,2.2339,0,0
-118.31,33.99,1.7083,0,0
-118.29,33.99,1.5846,0,0
-118.3,33.99,1.8317,0,0
-118.3,33.99,1.9853,0,0
-118.28,33.99,1.275,0,0
-118.29,33.99,2.0542,0,0
-118.28,33.99,2.5848,0,0
-118.28,33.99,1.7159,0,0
-118.28,33.99,1.7849,0,0
-118.32,34.01,2.6667,0,0
-118.32,34.02,4.2554,0,0
-118.32,34.02,3.3906,0,0
-118.32,34.01,3.1548,0,0
-118.32,34.01,2.4022,0,0
-118.33,34.02,4.26,0,0
-118.33,34.01,3.7727,0,0
-118.33,34.02,3.5,0,0
-118.32,34.01,2.4934,0,0
-118.33,34.01,2.0217,0,0
-118.33,34.01,1.9231,0,0
-118.33,34.01,1.9631,0,0
-118.32,34.0,1.95,0,0
-118.32,34.0,2.4583,0,0
-118.33,34.0,2.2054,0,0
-118.33,34.0,2.3333,0,0
-118.33,34.0,0.9304,0,0
-118.32,33.99,2.5909,0,0
-118.32,33.99,1.9779,0,0
-118.33,33.99,2.8542,0,0
-118.33,33.99,3.2083,0,0
-118.34,33.99,4.8125,0,0
-118.32,33.99,2.1875,0,0
-118.32,33.99,3.7167,0,0
-118.33,33.99,2.8274,0,0
-118.34,33.99,3.1731,0,0
-118.32,33.98,2.175,0,0
-118.32,33.98,3.2344,0,0
-118.32,33.98,1.9732,0,0
-118.32,33.98,3.0833,0,0
-118.33,33.98,1.8806,0,0
-118.33,33.98,1.6477,0,0
-118.33,33.98,1.8472,0,0
-118.34,33.99,2.9643,0,0
-118.34,33.98,2.9315,0,0
-118.35,33.99,4.9531,0,0
-118.35,33.98,3.8235,0,0
-118.34,33.99,1.675,0,0
-118.32,33.98,2.2396,0,0
-118.32,33.97,3.5114,0,0
-118.32,33.98,1.7067,0,0
-118.33,33.98,1.6531,0,0
-118.33,33.97,2.5363,0,0
-118.33,33.97,4.1635,0,0
-118.36,34.02,3.8643,0,0
-118.36,34.01,6.5044,0,0
-118.37,34.02,4.4028,0,0
-118.38,34.02,4.3077,0,0
-118.33,34.02,0.8702,0,0
-118.34,34.01,2.5568,0,0
-118.34,34.01,1.7945,0,0
-118.34,34.01,1.6187,0,0
-118.34,34.02,4.0357,0,0
-118.35,34.02,1.7622,0,0
-118.35,34.02,1.5143,0,0
-118.35,34.02,1.4589,0,0
-118.35,34.01,3.6629,0,0
-118.35,34.01,3.5486,0,0
-118.35,34.0,3.25,0,0
-118.28,33.99,1.8818,0,0
-118.28,33.99,1.4625,0,0
-118.29,33.99,2.5547,0,0
-118.29,33.98,1.0516,0,0
-118.29,33.99,1.9375,0,0
-118.3,33.99,1.1645,0,0
-118.3,33.99,2.5437,0,0
-118.3,33.98,1.9556,0,0
-118.3,33.99,1.84,0,0
-118.31,33.98,5.1136,0,0
-118.31,33.99,2.895,0,0
-118.31,33.98,2.0,0,0
-118.31,33.98,3.5982,0,0
-118.31,33.98,1.825,0,0
-118.31,33.98,2.3977,0,0
-118.32,33.98,2.2138,0,0
-118.29,33.98,1.9125,0,0
-118.29,33.98,3.4444,0,0
-118.3,33.98,2.9432,0,0
-118.3,33.98,1.6611,0,0
-118.3,33.98,3.0455,0,0
-118.3,33.98,2.9375,0,0
-118.29,33.98,1.3479,0,0
-118.29,33.98,1.4042,0,0
-118.28,33.98,1.9564,0,0
-118.28,33.98,2.2411,0,0
-118.28,33.98,0.9337,0,0
-118.28,33.98,0.9809,0,0
-118.29,33.98,1.223,0,0
-118.28,33.97,1.689,0,0
-118.28,33.97,1.9219,0,0
-118.28,33.97,1.375,0,0
-118.29,33.97,1.7734,0,0
-118.3,33.97,3.375,0,0
-118.3,33.97,2.0673,0,0
-118.3,33.97,2.6311,0,0
-118.3,33.97,2.1221,0,0
-118.31,33.97,3.2188,0,0
-118.31,33.97,2.7917,0,0
-118.31,33.97,3.725,0,0
-118.31,33.97,3.0917,0,0
-118.31,33.94,2.7401,0,0
-118.3,33.95,3.1346,0,0
-118.31,33.95,3.2708,0,0
-118.31,33.95,4.0043,0,0
-118.31,33.95,4.8295,0,0
-118.31,33.94,3.0682,0,0
-118.31,33.96,1.747,0,0
-118.31,33.96,1.528,0,0
-118.31,33.96,3.4643,0,0
-118.31,33.96,4.0625,0,0
-118.29,33.97,3.5208,0,0
-118.29,33.96,1.4868,0,0
-118.3,33.96,2.8299,0,0
-118.3,33.96,2.6518,0,0
-118.28,33.96,1.2273,0,0
-118.28,33.96,1.6156,0,0
-118.28,33.97,1.6652,0,0
-118.29,33.96,1.3096,0,0
-118.3,33.96,3.9722,0,0
-118.31,33.96,3.0625,0,0
-118.31,33.96,4.4861,0,0
-118.31,33.96,3.7143,0,0
-118.26,33.99,1.5521,0,0
-118.27,33.98,1.625,0,0
-118.28,33.99,1.5109,0,0
-118.27,33.99,1.8047,0,0
-118.28,33.98,1.575,0,0
-118.27,33.98,1.3042,0,0
-118.27,33.98,1.3801,0,0
-118.27,33.98,2.125,0,0
-118.26,33.98,1.2315,0,0
-118.26,33.97,1.7121,0,0
-118.26,33.97,1.9556,0,0
-118.26,33.97,1.55,0,0
-118.26,33.97,1.5962,0,0
-118.27,33.97,1.64,0,0
-118.28,33.97,1.5521,0,0
-118.27,33.97,2.0754,0,0
-118.28,33.97,1.6027,0,0
-118.27,33.96,1.0208,0,0
-118.27,33.96,2.037,0,0
-118.28,33.96,1.9348,0,0
-118.26,33.97,1.4625,0,0
-118.26,33.96,1.5303,0,0
-118.26,33.96,1.5812,0,0
-118.26,33.97,1.5326,0,0
-118.27,33.97,1.1557,0,0
-118.27,33.96,0.5495,0,0
-118.27,33.96,1.6467,0,0
-118.27,33.95,1.2091,0,0
-118.26,33.95,1.6898,0,0
-118.26,33.95,1.2969,0,0
-118.26,33.96,1.7167,0,0
-118.26,33.96,1.3971,0,0
-118.28,33.96,1.7656,0,0
-118.28,33.95,2.1437,0,0
-118.28,33.96,1.615,0,0
-118.28,33.96,1.8472,0,0
-118.28,33.96,1.5313,0,0
-118.29,33.95,2.0917,0,0
-118.29,33.95,1.6029,0,0
-118.29,33.96,1.5294,0,0
-118.29,33.95,1.9655,0,0
-118.29,33.95,1.9702,0,0
-118.28,33.94,2.7917,0,0
-118.29,33.94,2.3352,0,0
-118.27,33.95,1.5,0,0
-118.27,33.95,1.8814,0,0
-118.27,33.94,1.5268,0,0
-118.28,33.94,1.5714,0,0
-118.28,33.95,1.4103,0,0
-118.27,33.95,1.8798,0,0
-118.27,33.95,2.3365,0,0
-118.27,33.95,2.2946,0,0
-118.27,33.95,2.3056,0,0
-118.25,33.95,1.0375,0,0
-118.26,33.94,2.25,0,0
-118.26,33.95,1.6389,0,0
-118.26,33.95,1.5147,0,0
-118.26,33.94,1.6887,0,0
-118.25,33.94,1.6333,0,0
-118.26,33.94,1.65,0,0
-118.27,33.94,1.5872,0,0
-118.26,33.94,2.0,0,0
-118.26,33.93,1.4917,0,0
-118.27,33.93,2.6458,0,0
-118.27,33.94,2.0789,0,0
-118.27,33.94,1.6645,0,0
-118.27,33.93,1.8191,0,0
-118.26,33.93,1.5256,0,0
-118.26,33.93,1.1326,0,0
-118.25,33.93,2.5,0,0
-118.26,33.92,1.7986,0,0
-118.27,33.92,1.7262,0,0
-118.27,33.94,1.6625,0,0
-118.27,33.94,1.449,0,0
-118.27,33.94,1.1468,0,0
-118.28,33.93,1.4329,0,0
-118.28,33.94,1.1051,0,0
-118.28,33.94,0.8952,0,0
-118.28,33.94,3.0788,0,0
-118.28,33.93,2.5179,0,0
-118.29,33.93,3.3836,0,0
-118.29,33.94,2.5398,0,0
-118.28,33.93,2.0313,0,0
-118.29,33.92,2.875,0,0
-118.29,33.93,2.2778,0,0
-118.27,33.93,1.2098,0,0
-118.28,33.92,1.5114,0,0
-118.28,33.93,2.2969,0,0
-118.28,33.93,3.5833,0,0
-118.28,33.93,0.4999,0,0
-118.25,33.94,2.3333,0,0
-118.25,33.94,1.1434,0,0
-118.25,33.94,0.8527,0,0
-118.23,33.95,0.6831,0,0
-118.24,33.95,1.35,0,0
-118.24,33.95,1.4792,0,0
-118.24,33.95,1.25,0,0
-118.24,33.95,0.9708,0,0
-118.25,33.95,1.5427,0,0
-118.24,33.95,1.6513,0,0
-118.25,33.95,1.1384,0,0
-118.25,33.93,0.9889,0,0
-118.25,33.93,0.9298,0,0
-118.25,33.93,1.1346,0,0
-118.24,33.94,2.0,0,0
-118.24,33.94,2.0769,0,0
-118.24,33.93,1.5132,0,0
-118.24,33.93,1.0625,0,0
-118.24,33.94,0.9705,0,0
-118.24,33.94,1.7212,0,0
-118.23,33.94,2.0187,0,0
-118.23,33.94,2.1607,0,0
-118.23,33.94,2.3333,0,0
-118.24,33.94,1.2679,0,0
-118.23,33.93,1.3,0,0
-118.23,33.93,0.8478,0,0
-118.24,33.93,0.8984,0,0
-118.39,34.12,8.2816,0,0
-118.4,34.11,15.0001,0,1
-118.42,34.12,12.3767,0,0
-118.43,34.11,12.7296,0,-1
-118.43,34.09,7.9835,0,0
-118.45,34.12,9.7449,0,0
-118.44,34.09,15.0001,0,1
-118.43,34.08,15.0001,0,1
-118.45,34.08,7.1576,0,0
-118.45,34.1,11.8442,0,0
-118.46,34.08,7.8426,0,0
-118.47,34.1,11.1978,0,0
-118.49,34.11,13.2935,0,-1
-118.48,34.07,10.7937,0,0
-118.48,34.07,8.5153,0,0
-118.48,34.07,12.8665,0,-1
-118.49,34.06,15.0001,0,1
-118.49,34.07,13.5728,0,-1
-118.51,34.11,13.947,0,-1
-118.5,34.05,15.0,0,1
-118.53,34.09,8.1888,0,0
-118.52,34.05,4.825,0,0
-118.52,34.04,6.5147,0,0
-118.57,34.09,11.2866,0,0
-118.54,34.05,8.565,0,0
-118.55,34.04,8.8619,0,0
-118.56,34.03,8.2934,0,0
-118.56,34.06,7.3031,0,0
-118.54,34.06,11.4233,0,0
-118.55,34.03,6.0307,0,0
-118.52,34.04,10.8082,0,0
-118.52,34.04,13.6842,0,-1
-118.53,34.04,9.1078,0,0
-118.53,34.03,7.0318,0,0
-118.5,34.05,15.0001,0,1
-118.55,33.99,7.9096,0,0
-118.51,34.04,10.1882,0,0
-118.47,34.06,7.6447,0,0
-118.47,34.06,9.4664,0,0
-118.48,34.05,9.5221,0,0
-118.49,34.05,15.0001,0,1
-118.47,34.06,4.801,0,0
-118.46,34.06,4.2554,0,0
-118.47,34.05,3.5909,0,0
-118.46,34.05,3.7721,0,0
-118.46,34.05,4.6197,0,0
-118.47,34.05,4.7009,0,0
-118.47,34.05,4.175,0,0
-118.48,34.05,6.7496,0,0
-118.49,34.05,7.0285,0,0
-118.42,34.08,15.0001,0,1
-118.43,34.07,10.3467,0,0
-118.43,34.07,7.7382,0,0
-118.44,34.07,7.1674,0,0
-118.44,34.07,8.9565,0,0
-118.44,34.06,5.5,0,0
-118.44,34.07,2.0511,0,0
-118.44,34.06,2.2857,0,0
-118.45,34.07,1.3125,0,0
-118.45,34.07,1.583,0,0
-118.45,34.06,2.2444,0,0
-118.46,34.06,7.0674,0,0
-118.46,34.07,6.7703,0,0
-118.46,34.07,14.2867,0,-1
-118.46,34.07,9.2225,0,0
-118.44,34.06,3.2545,0,0
-118.44,34.05,4.4674,0,0
-118.44,34.05,4.7109,0,0
-118.44,34.05,5.7097,0,0
-118.43,34.06,7.2675,0,0
-118.43,34.06,5.3777,0,0
-118.43,34.05,5.2555,0,0
-118.44,34.06,6.2389,0,0
-118.42,34.06,6.1527,0,0
-118.43,34.06,7.4219,0,0
-118.43,34.06,4.1908,0,0
-118.43,34.06,5.1999,0,0
-118.42,34.06,10.8045,0,0
-118.42,34.06,6.871,0,0
-118.42,34.05,4.8304,0,0
-118.43,34.05,6.7115,0,0
-118.43,34.05,3.9673,0,0
-118.44,34.05,4.1141,0,0
-118.44,34.05,4.8618,0,0
-118.43,34.04,5.8587,0,0
-118.45,34.05,2.1875,0,0
-118.45,34.04,3.6673,0,0
-118.45,34.04,2.7679,0,0
-118.46,34.05,2.6509,0,0
-118.45,34.05,3.7549,0,0
-118.46,34.04,3.2663,0,0
-118.47,34.04,3.5335,0,0
-118.45,34.04,3.0173,0,0
-118.46,34.04,3.0069,0,0
-118.46,34.04,3.6976,0,0
-118.46,34.04,3.1235,0,0
-118.46,34.04,3.287,0,0
-118.45,34.04,3.9489,0,0
-118.45,34.03,2.6528,0,0
-118.45,34.03,3.7813,0,0
-118.44,34.04,2.1875,0,0
-118.44,34.04,0.536,0,0
-118.44,34.04,3.0714,0,0
-118.43,34.04,5.2954,0,0
-118.42,34.04,4.925,0,0
-118.43,34.04,4.5833,0,0
-118.41,34.05,5.8758,0,0
-118.42,34.05,5.0151,0,0
-118.42,34.05,7.8164,0,0
-118.4,34.05,5.0762,0,0
-118.4,34.04,9.272,0,0
-118.4,34.04,12.8483,0,-1
-118.4,34.03,8.1484,0,0
-118.41,34.03,3.7277,0,0
-118.41,34.04,8.0239,0,0
-118.39,34.05,4.0283,0,0
-118.39,34.05,5.222,0,0
-118.4,34.05,3.6953,0,0
-118.39,34.05,4.0153,0,0
-118.41,34.04,10.9805,0,0
-118.41,34.04,11.1768,0,0
-118.41,34.03,5.1637,0,0
-118.42,34.04,6.626,0,0
-118.42,34.04,5.6454,0,0
-118.39,34.04,7.3028,0,0
-118.39,34.04,5.5951,0,0
-118.4,34.04,8.5938,0,0
-118.4,34.05,10.4519,0,0
-118.39,34.05,6.6368,0,0
-118.38,34.04,2.2961,0,0
-118.38,34.04,2.7226,0,0
-118.38,34.04,6.2895,0,0
-118.38,34.04,2.0437,0,0
-118.38,34.04,3.4063,0,0
-118.39,34.04,4.125,0,0
-118.39,34.04,4.7386,0,0
-118.39,34.04,3.9038,0,0
-118.39,34.03,3.2228,0,0
-118.39,34.03,3.0574,0,0
-118.4,34.03,3.2222,0,0
-118.4,34.03,6.5669,0,0
-118.41,34.03,2.8418,0,0
-118.4,34.02,3.116,0,0
-118.4,34.02,2.4135,0,0
-118.41,34.03,3.1642,0,0
-118.41,34.02,3.5022,0,0
-118.41,34.02,3.0965,0,0
-118.39,34.03,3.1415,0,0
-118.4,34.03,3.4058,0,0
-118.38,34.03,2.9344,0,0
-118.39,34.03,3.7206,0,0
-118.37,34.04,3.1827,0,0
-118.37,34.04,2.767,0,0
-118.38,34.03,2.6402,0,0
-118.37,34.04,2.25,0,0
-118.37,34.04,4.0781,0,0
-118.42,34.03,5.0866,0,0
-118.43,34.03,5.2099,0,0
-118.43,34.03,3.2308,0,0
-118.43,34.03,3.1875,0,0
-118.42,34.03,3.3542,0,0
-118.44,34.03,3.2396,0,0
-118.43,34.03,3.6467,0,0
-118.44,34.03,3.625,0,0
-118.44,34.03,4.2434,0,0
-118.44,34.03,3.125,0,0
-118.45,34.03,3.3482,0,0
-118.45,34.03,4.0231,0,0
-118.44,34.03,4.2411,0,0
-118.44,34.02,6.2583,0,0
-118.44,34.01,4.5795,0,0
-118.44,34.01,5.1708,0,0
-118.45,34.01,5.8666,0,0
-118.45,34.01,6.3516,0,0
-118.45,34.01,6.4755,0,0
-118.44,34.02,4.0429,0,0
-118.43,34.01,5.3403,0,0
-118.44,34.02,6.2917,0,0
-118.43,34.02,3.9091,0,0
-118.43,34.02,8.1631,0,0
-118.43,34.02,4.3906,0,0
-118.42,34.03,4.5278,0,0
-118.41,34.03,3.6019,0,0
-118.42,34.02,3.6488,0,0
-118.42,34.02,4.9676,0,0
-118.42,34.02,3.1941,0,0
-118.42,34.02,2.2402,0,0
-118.41,34.02,3.3462,0,0
-118.42,34.02,3.1746,0,0
-118.42,34.02,3.4269,0,0
-118.41,34.02,3.725,0,0
-118.41,34.02,3.3955,0,0
-118.41,34.02,3.0833,0,0
-118.42,34.01,4.7083,0,0
-118.42,34.01,3.5667,0,0
-118.43,34.01,2.697,0,0
-118.43,34.01,6.4232,0,0
-118.43,34.01,4.7009,0,0
-118.44,34.01,6.0804,0,0
-118.44,34.0,2.599,0,0
-118.44,34.0,4.75,0,0
-118.45,34.0,4.7,0,0
-118.44,34.0,3.875,0,0
-118.43,34.0,3.3995,0,0
-118.44,34.0,3.1579,0,0
-118.44,34.0,4.1083,0,0
-118.42,34.01,3.099,0,0
-118.42,34.01,3.6611,0,0
-118.42,34.0,3.9798,0,0
-118.43,34.0,2.7058,0,0
-118.46,34.01,5.6428,0,0
-118.46,34.0,2.918,0,0
-118.46,34.0,5.1664,0,0
-118.46,34.0,4.7344,0,0
-118.46,34.01,4.2813,0,0
-118.47,34.0,2.7143,0,0
-118.47,34.0,2.288,0,0
-118.46,34.0,2.3542,0,0
-118.47,33.99,2.8417,0,0
-118.47,34.0,2.6042,0,0
-118.47,33.99,2.0714,0,0
-118.47,33.99,2.5938,0,0
-118.47,33.99,2.1471,0,0
-118.51,33.98,2.3417,0,0
-118.48,33.99,2.5523,0,0
-118.47,33.99,3.015,0,0
-118.47,33.99,3.0682,0,0
-118.47,33.99,2.8514,0,0
-118.47,33.99,3.4071,0,0
-118.47,33.99,2.975,0,0
-118.5,33.97,2.2643,0,0
-118.45,33.99,4.1861,0,0
-118.46,33.99,3.5234,0,0
-118.46,33.99,4.0598,0,0
-118.46,34.0,3.6458,0,0
-118.46,34.0,3.875,0,0
-118.45,34.0,4.45,0,0
-118.45,34.0,3.962,0,0
-118.45,34.0,4.575,0,0
-118.45,33.99,2.9722,0,0
-118.45,33.99,3.1607,0,0
-118.46,33.99,3.1992,0,0
-118.46,33.99,4.337,0,0
-118.46,33.98,5.2121,0,0
-118.46,33.99,4.0156,0,0
-118.46,33.98,3.8935,0,0
-118.5,33.97,5.128,0,0
-118.45,33.99,4.5673,0,0
-118.45,33.99,6.0672,0,0
-118.46,33.98,3.8068,0,0
-118.46,33.97,3.8698,0,0
-118.46,33.97,6.1726,0,0
-118.46,33.97,10.0,0,0
-118.48,33.96,12.0088,0,0
-118.4,34.0,5.8083,0,0
-118.41,34.0,2.8393,0,0
-118.41,34.0,3.191,0,0
-118.41,34.0,2.9338,0,0
-118.42,34.0,3.1603,0,0
-118.42,33.99,3.725,0,0
-118.43,33.99,4.3281,0,0
-118.43,33.98,7.5426,0,0
-118.43,33.99,2.6667,0,0
-118.43,33.99,4.0189,0,0
-118.42,33.99,4.4228,0,0
-118.42,33.98,3.6667,0,0
-118.43,33.99,4.875,0,0
-118.44,33.99,4.3333,0,0
-118.41,33.99,1.1985,0,0
-118.42,33.99,4.0893,0,0
-118.42,33.99,4.5521,0,0
-118.41,34.0,2.7153,0,0
-118.41,33.99,3.6538,0,0
-118.4,33.99,2.825,0,0
-118.41,33.98,3.9727,0,0
-118.39,33.97,6.2673,0,0
-118.38,33.97,7.4897,0,0
-118.39,33.97,6.235,0,0
-118.39,33.97,5.1333,0,0
-118.39,33.97,6.5778,0,0
-118.39,33.96,5.8143,0,0
-118.39,33.96,3.625,0,0
-118.36,33.98,3.0927,0,0
-118.37,33.98,4.3438,0,0
-118.37,33.97,3.3889,0,0
-118.41,33.97,6.1333,0,0
-118.41,33.97,5.5941,0,0
-118.4,33.96,6.8197,0,0
-118.41,33.96,6.0286,0,0
-118.41,33.97,6.2022,0,0
-118.41,33.97,4.6176,0,0
-118.42,33.97,4.9375,0,0
-118.42,33.96,5.618,0,0
-118.43,33.96,6.1985,0,0
-118.43,33.96,5.8864,0,0
-118.44,33.96,5.6435,0,0
-118.43,33.96,8.7819,0,0
-118.43,33.97,7.7197,0,0
-118.42,33.96,5.0714,0,0
-118.43,33.96,5.1064,0,0
-118.4,33.97,5.6169,0,0
-118.4,33.98,5.9856,0,0
-118.4,33.98,5.611,0,0
-118.4,33.97,7.5953,0,0
-118.4,33.97,4.6364,0,0
-118.4,33.97,5.9544,0,0
-118.4,33.96,5.6732,0,0
-118.37,33.97,5.726,0,0
-118.38,33.97,6.019,0,0
-118.38,33.96,4.6923,0,0
-118.38,33.95,3.2708,0,0
-118.38,33.95,2.5833,0,0
-118.37,33.95,3.111,0,0
-118.4,33.96,4.1852,0,0
-118.41,33.96,3.9792,0,0
-118.41,33.96,4.1471,0,0
-118.41,33.94,4.7375,0,0
-118.45,33.96,5.723,0,0
-118.45,33.96,6.3267,0,0
-118.44,33.95,6.2551,0,0
-118.28,33.92,2.1875,0,0
-118.28,33.91,2.6546,0,0
-118.29,33.9,4.4636,0,0
-118.29,33.91,3.8372,0,0
-118.29,33.91,2.4741,0,0
-118.29,33.92,2.7368,0,0
-118.28,33.88,2.6618,0,0
-118.29,33.88,4.317,0,0
-118.29,33.88,2.9063,0,0
-118.29,33.89,3.59,0,0
-118.29,33.87,4.381,0,0
-118.3,33.86,5.1727,0,0
-118.3,33.86,4.9792,0,0
-118.29,33.85,1.9049,0,0
-118.31,33.84,2.6491,0,0
-118.3,33.84,4.7222,0,0
-118.3,33.84,4.9196,0,0
-118.3,33.85,2.3942,0,0
-118.3,33.83,3.1851,0,0
-118.3,33.83,3.5473,0,0
-118.31,33.83,2.9619,0,0
-118.3,33.82,2.6136,0,0
-118.3,33.82,2.8106,0,0
-118.3,33.82,2.6368,0,0
-118.3,33.81,5.322,0,0
-118.3,33.8,5.3106,0,0
-118.31,33.8,3.125,0,0
-118.3,33.79,3.0057,0,0
-118.3,33.79,2.9154,0,0
-118.3,33.79,3.163,0,0
-118.3,33.78,4.6207,0,0
-118.26,33.8,3.1779,0,0
-118.25,33.8,3.35,0,0
-118.26,33.79,5.5,0,0
-118.25,33.79,2.375,0,0
-118.24,33.8,3.6161,0,0
-118.23,33.8,1.3333,0,0
-118.27,33.8,3.35,0,0
-118.27,33.79,3.1613,0,0
-118.27,33.79,3.3929,0,0
-118.28,33.8,4.0,0,0
-118.28,33.79,4.3816,0,0
-118.28,33.79,3.3009,0,0
-118.28,33.78,3.2011,0,0
-118.29,33.79,2.0,0,0
-118.29,33.79,3.3427,0,0
-118.3,33.79,2.5,0,0
-118.3,33.8,3.1392,0,0
-118.27,33.79,2.9375,0,0
-118.26,33.78,2.0458,0,0
-118.27,33.79,2.1447,0,0
-118.27,33.79,2.8462,0,0
-118.25,33.79,2.7143,0,0
-118.25,33.79,2.7308,0,0
-118.25,33.79,1.9208,0,0
-118.26,33.78,1.9923,0,0
-118.26,33.79,3.5488,0,0
-118.23,33.78,2.5588,0,0
-118.26,33.78,2.0956,0,0
-118.25,33.78,1.4444,0,0
-118.24,33.78,2.25,0,0
-118.26,33.78,2.1311,0,0
-118.26,33.77,2.4545,0,0
-118.27,33.77,1.9964,0,0
-118.27,33.78,2.5262,0,0
-118.28,33.78,3.2115,0,0
-118.27,33.77,1.5369,0,0
-118.27,33.76,3.125,0,0
-118.3,33.77,2.9571,0,0
-118.3,33.76,5.7764,0,0
-118.28,33.77,2.9063,0,0
-118.28,33.75,2.45,0,0
-118.28,33.75,1.8393,0,0
-118.28,33.74,1.5394,0,0
-118.28,33.75,1.2276,0,0
-118.28,33.74,0.7591,0,0
-118.3,33.75,4.2308,0,0
-118.3,33.76,5.1269,0,0
-118.3,33.75,5.6611,0,0
-118.3,33.75,4.625,0,0
-118.3,33.74,4.4671,0,0
-118.31,33.74,4.5074,0,0
-118.31,33.74,4.3472,0,0
-118.29,33.75,2.5795,0,0
-118.3,33.75,3.5056,0,0
-118.29,33.75,2.7031,0,0
-118.29,33.74,2.1473,0,0
-118.29,33.74,2.2188,0,0
-118.29,33.74,2.75,0,0
-118.29,33.74,2.0329,0,0
-118.29,33.73,2.5759,0,0
-118.29,33.73,2.1382,0,0
-118.29,33.73,3.3616,0,0
-118.3,33.73,2.7451,0,0
-118.3,33.74,2.9386,0,0
-118.31,33.73,5.0874,0,0
-118.31,33.73,5.249,0,0
-118.3,33.74,3.9167,0,0
-118.3,33.73,4.194,0,0
-118.31,33.73,4.2059,0,0
-118.28,33.74,1.8584,0,0
-118.28,33.73,2.0469,0,0
-118.28,33.73,2.1935,0,0
-118.28,33.73,1.9167,0,0
-118.29,33.73,2.7139,0,0
-118.29,33.72,3.1932,0,0
-118.3,33.72,3.4474,0,0
-118.3,33.72,3.3397,0,0
-118.3,33.73,3.5694,0,0
-118.31,33.73,4.1812,0,0
-118.31,33.72,4.1451,0,0
-118.33,33.69,4.7216,0,0
-118.31,33.73,5.4533,0,0
-118.32,33.73,7.6886,0,0
-118.33,33.72,6.4246,0,0
-118.29,33.71,3.7596,0,0
-118.31,33.67,5.3074,0,0
-118.3,33.72,6.2028,0,0
-118.29,33.71,3.1071,0,0
-118.29,33.71,4.25,0,0
-118.29,33.71,4.5606,0,0
-118.29,33.72,3.274,0,0
-118.29,33.72,3.5109,0,0
-118.28,33.68,3.7282,0,0
-118.23,34.24,7.642,0,0
-118.23,34.23,6.0,0,0
-118.24,34.24,7.1463,0,0
-118.24,34.24,7.585,0,0
-118.23,34.22,4.5486,0,0
-118.24,34.23,5.3473,0,0
-118.24,34.23,6.01,0,0
-118.24,34.23,5.1028,0,0
-118.25,34.23,4.1667,0,0
-118.25,34.25,4.9355,0,0
-118.25,34.23,4.6852,0,0
-118.26,34.24,6.1873,0,0
-118.26,34.24,6.6277,0,0
-118.26,34.24,5.7083,0,0
-118.26,34.24,4.4821,0,0
-118.25,34.23,4.4083,0,0
-118.25,34.22,5.5362,0,0
-118.25,34.23,5.0862,0,0
-118.26,34.23,4.5759,0,0
-118.26,34.23,7.5582,0,0
-118.26,34.23,5.4306,0,0
-118.22,34.21,3.5707,0,0
-118.23,34.21,3.5174,0,0
-118.23,34.21,3.3287,0,0
-118.23,34.21,2.5463,0,0
-118.23,34.21,3.4148,0,0
-118.24,34.22,3.4531,0,0
-118.24,34.22,4.1523,0,0
-118.25,34.22,3.8068,0,0
-118.23,34.21,6.213,0,0
-118.23,34.2,5.3925,0,0
-118.23,34.2,3.399,0,0
-118.24,34.2,5.5756,0,0
-118.24,34.21,3.5777,0,0
-118.24,34.22,5.529,0,0
-118.27,34.22,7.2812,0,0
-118.23,34.18,3.6875,0,0
-118.23,34.18,6.207,0,0
-118.23,34.18,8.1132,0,0
-118.26,34.18,8.1657,0,0
-118.22,34.19,3.215,0,0
-118.22,34.19,4.9297,0,0
-118.22,34.19,3.9777,0,0
-118.21,34.18,12.1579,0,0
-118.23,34.17,3.5781,0,0
-118.21,34.17,8.1325,0,0
-118.21,34.16,5.9199,0,0
-118.19,34.16,6.6009,0,0
-118.2,34.16,6.8317,0,0
-118.23,34.16,5.1718,0,0
-118.23,34.15,3.1004,0,0
-118.23,34.15,5.3369,0,0
-118.24,34.16,3.3333,0,0
-118.24,34.16,9.5823,0,0
-118.24,34.16,6.6603,0,0
-118.25,34.16,4.9135,0,0
-118.25,34.17,5.1242,0,0
-118.25,34.16,2.5668,0,0
-118.26,34.17,3.8576,0,0
-118.26,34.16,3.1484,0,0
-118.26,34.16,3.1733,0,0
-118.26,34.16,3.7321,0,0
-118.27,34.17,5.5118,0,0
-118.27,34.16,2.9148,0,0
-118.27,34.16,3.6587,0,0
-118.28,34.17,5.5658,0,0
-118.27,34.17,6.9135,0,0
-118.27,34.17,7.8383,0,0
-118.27,34.18,6.2976,0,0
-118.28,34.18,7.4046,0,0
-118.28,34.18,5.3185,0,0
-118.29,34.18,5.049,0,0
-118.28,34.18,6.884,0,0
-118.28,34.17,3.6354,0,0
-118.29,34.17,2.3482,0,0
-118.29,34.17,4.325,0,0
-118.29,34.18,3.6974,0,0
-118.29,34.16,3.7083,0,0
-118.29,34.16,4.3438,0,0
-118.29,34.17,2.9,0,0
-118.3,34.17,2.6016,0,0
-118.3,34.17,5.0056,0,0
-118.29,34.16,3.2083,0,0
-118.3,34.16,3.2321,0,0
-118.3,34.16,2.8342,0,0
-118.27,34.16,3.0114,0,0
-118.27,34.15,2.6729,0,0
-118.27,34.15,3.0199,0,0
-118.27,34.15,3.2171,0,0
-118.27,34.16,3.1397,0,0
-118.27,34.16,4.3438,0,0
-118.28,34.16,2.9491,0,0
-118.26,34.16,3.5417,0,0
-118.26,34.15,3.0,0,0
-118.26,34.15,2.8884,0,0
-118.26,34.15,2.8088,0,0
-118.24,34.16,6.9408,0,0
-118.24,34.15,3.3906,0,0
-118.24,34.15,3.1435,0,0
-118.25,34.15,3.6875,0,0
-118.25,34.16,3.9054,0,0
-118.24,34.15,3.052,0,0
-118.24,34.15,2.5924,0,0
-118.25,34.15,2.8478,0,0
-118.25,34.15,2.2621,0,0
-118.25,34.15,3.0441,0,0
-118.23,34.14,2.6268,0,0
-118.24,34.14,3.0206,0,0
-118.24,34.14,2.1444,0,0
-118.23,34.15,3.0288,0,0
-118.23,34.14,2.9167,0,0
-118.24,34.14,2.462,0,0
-118.24,34.14,1.9125,0,0
-118.24,34.13,3.3636,0,0
-118.24,34.13,5.6921,0,0
-118.24,34.15,1.7301,0,0
-118.24,34.14,2.4421,0,0
-118.25,34.14,1.8929,0,0
-118.25,34.14,1.8235,0,0
-118.25,34.15,0.8185,0,0
-118.26,34.14,1.5417,0,0
-118.26,34.14,2.2614,0,0
-118.27,34.14,3.0074,0,0
-118.26,34.14,4.1083,0,0
-118.27,34.15,3.008,0,0
-118.26,34.13,2.6673,0,0
-118.26,34.13,2.5,0,0
-118.26,34.13,1.2188,0,0
-118.26,34.14,2.5388,0,0
-118.25,34.14,2.1602,0,0
-118.25,34.14,2.506,0,0
-118.25,34.13,2.5417,0,0
-118.24,34.13,4.0272,0,0
-118.25,34.13,2.125,0,0
-118.25,34.13,2.2244,0,0
-118.25,34.12,2.4856,0,0
-118.31,34.22,7.1262,0,0
-118.33,34.21,6.981,0,0
-118.34,34.21,4.7885,0,0
-118.29,34.18,3.9041,0,0
-118.3,34.19,3.5083,0,0
-118.3,34.19,4.7986,0,0
-118.3,34.19,4.375,0,0
-118.31,34.19,3.7015,0,0
-118.3,34.19,4.9042,0,0
-118.31,34.2,5.0865,0,0
-118.32,34.2,6.9909,0,0
-118.32,34.2,4.9886,0,0
-118.32,34.2,3.9866,0,0
-118.33,34.2,3.6071,0,0
-118.33,34.2,4.3631,0,0
-118.34,34.2,3.0431,0,0
-118.34,34.19,2.875,0,0
-118.36,34.2,2.5267,0,0
-118.32,34.2,4.375,0,0
-118.32,34.19,4.1731,0,0
-118.32,34.19,3.0179,0,0
-118.31,34.19,3.0625,0,0
-118.32,34.19,3.3897,0,0
-118.33,34.2,3.1051,0,0
-118.3,34.18,3.0973,0,0
-118.3,34.17,3.0687,0,0
-118.3,34.18,3.3205,0,0
-118.31,34.18,3.1587,0,0
-118.31,34.19,2.0875,0,0
-118.32,34.18,3.0179,0,0
-118.32,34.18,3.4,0,0
-118.32,34.17,3.5875,0,0
-118.32,34.17,5.1008,0,0
-118.33,34.17,4.2396,0,0
-118.33,34.19,3.7344,0,0
-118.33,34.18,4.6898,0,0
-118.33,34.19,3.138,0,0
-118.34,34.19,3.1406,0,0
-118.33,34.18,3.7411,0,0
-118.33,34.18,3.8462,0,0
-118.33,34.18,5.6975,0,0
-118.34,34.19,2.6827,0,0
-118.34,34.19,4.1923,0,0
-118.34,34.18,3.24,0,0
-118.34,34.18,2.8125,0,0
-118.35,34.19,4.0313,0,0
-118.36,34.19,5.1814,0,0
-118.35,34.18,4.282,0,0
-118.35,34.18,3.3056,0,0
-118.35,34.17,3.5583,0,0
-118.35,34.17,2.0385,0,0
-118.35,34.17,4.4408,0,0
-118.36,34.17,4.0742,0,0
-118.34,34.18,3.875,0,0
-118.34,34.18,3.8668,0,0
-118.34,34.17,4.1161,0,0
-118.35,34.16,3.2015,0,0
-118.35,34.16,4.2212,0,0
-118.35,34.16,5.636,0,0
-118.33,34.17,2.473,0,0
-118.33,34.16,3.7941,0,0
-118.34,34.17,3.2125,0,0
-118.34,34.17,4.875,0,0
-118.34,34.16,3.6111,0,0
-118.34,34.16,3.692,0,0
-118.33,34.16,3.4286,0,0
-118.33,34.15,2.3667,0,0
-118.33,34.15,4.2679,0,0
-118.34,34.15,3.5637,0,0
-118.34,34.15,4.0893,0,0
-118.34,34.16,3.6486,0,0
-118.32,34.17,4.0648,0,0
-118.31,34.16,3.2112,0,0
-118.32,34.16,6.2547,0,0
-118.32,34.17,2.9306,0,0
-118.33,34.16,3.4016,0,0
-118.32,34.16,4.3173,0,0
-118.3,34.17,3.1551,0,0
-118.31,34.16,3.9464,0,0
-118.31,34.17,3.1823,0,0
-118.31,34.17,2.4074,0,0
-118.43,34.3,4.0223,0,0
-118.43,34.3,3.6023,0,0
-118.43,34.29,3.1212,0,0
-118.42,34.29,3.4821,0,0
-118.43,34.3,1.7062,0,0
-118.44,34.29,4.6864,0,0
-118.43,34.29,2.865,0,0
-118.43,34.29,3.6726,0,0
-118.43,34.29,3.2095,0,0
-118.43,34.28,2.3724,0,0
-118.44,34.29,2.0286,0,0
-118.44,34.29,3.1588,0,0
-118.45,34.29,2.3375,0,0
-118.44,34.28,1.7708,0,0
-118.44,34.28,2.875,0,0
-118.44,34.28,1.9688,0,0
-118.44,34.28,3.3687,0,0
-118.44,34.28,2.5147,0,0
-118.45,34.28,2.7155,0,0
-117.71,34.15,7.9068,0,0
-117.73,34.12,6.1731,0,0
-117.78,34.13,5.8819,0,0
-117.76,34.13,7.4837,0,0
-117.8,34.15,5.5423,0,0
-117.8,34.11,4.7969,0,0
-117.8,34.1,3.5603,0,0
-117.8,34.1,6.2456,0,0
-117.79,34.12,4.8125,0,0
-117.79,34.11,4.4722,0,0
-117.83,34.14,6.5253,0,0
-117.83,34.15,8.0683,0,0
-117.82,34.13,6.1321,0,0
-117.84,34.13,4.6937,0,0
-117.87,34.15,8.2827,0,0
-117.93,34.15,4.0393,0,0
-117.9,34.15,3.3942,0,0
-117.9,34.14,3.8365,0,0
-117.9,34.14,3.3043,0,0
-117.91,34.14,2.2442,0,0
-117.89,34.14,3.3654,0,0
-117.88,34.14,7.5112,0,0
-117.88,34.14,3.875,0,0
-117.88,34.13,4.0023,0,0
-117.85,34.14,6.1049,0,0
-117.85,34.14,4.9091,0,0
-117.86,34.14,6.2089,0,0
-117.87,34.15,5.4224,0,0
-117.86,34.14,3.1905,0,0
-117.87,34.14,2.9375,0,0
-117.85,34.13,4.3145,0,0
-117.85,34.12,3.0448,0,0
-117.86,34.13,4.636,0,0
-117.86,34.13,2.588,0,0
-117.86,34.13,3.4107,0,0
-117.87,34.13,3.4219,0,0
-117.87,34.13,3.12,0,0
-117.82,34.12,5.27,0,0
-117.84,34.12,4.8304,0,0
-117.83,34.11,4.9844,0,0
-117.84,34.11,4.8894,0,0
-117.84,34.12,4.392,0,0
-117.85,34.11,4.5708,0,0
-117.81,34.08,7.7876,0,0
-117.81,34.12,4.8229,0,0
-117.81,34.11,3.6201,0,0
-117.81,34.1,3.8929,0,0
-117.83,34.1,4.075,0,0
-117.76,34.1,2.621,0,0
-117.78,34.09,3.7177,0,0
-117.79,34.1,3.5192,0,0
-117.76,34.12,4.2415,0,0
-117.77,34.12,4.4609,0,0
-117.76,34.11,3.9825,0,0
-117.77,34.1,2.8818,0,0
-117.77,34.11,3.75,0,0
-117.78,34.11,3.0735,0,0
-117.74,34.11,5.3637,0,0
-117.75,34.12,4.3148,0,0
-117.74,34.1,2.6779,0,0
-117.74,34.1,3.5072,0,0
-117.75,34.1,3.2756,0,0
-117.71,34.12,5.6785,0,0
-117.73,34.12,6.2089,0,0
-117.71,34.1,2.2813,0,0
-117.71,34.1,1.875,0,0
-117.72,34.1,3.1477,0,0
-117.72,34.1,2.4952,0,0
-117.72,34.1,5.5,0,0
-117.73,34.1,5.8891,0,0
-117.71,34.09,4.1739,0,0
-117.71,34.08,4.2639,0,0
-117.72,34.09,3.2566,0,0
-117.72,34.09,3.7958,0,0
-117.73,34.09,2.4375,0,0
-117.73,34.09,3.5313,0,0
-117.73,34.08,2.9063,0,0
-117.74,34.09,3.4871,0,0
-117.75,34.08,3.6359,0,0
-117.75,34.08,4.0368,0,0
-117.75,34.09,4.2143,0,0
-117.76,34.08,2.9388,0,0
-117.77,34.08,6.0434,0,0
-117.77,34.07,2.8661,0,0
-117.77,34.07,3.0638,0,0
-117.75,34.07,2.63,0,0
-117.76,34.07,2.3156,0,0
-117.76,34.07,2.8594,0,0
-117.76,34.06,1.9937,0,0
-117.76,34.06,1.9583,0,0
-117.77,34.06,1.9766,0,0
-117.78,34.07,3.9784,0,0
-117.78,34.06,2.2258,0,0
-117.79,34.07,3.7583,0,0
-117.79,34.07,3.7933,0,0
-117.78,34.06,2.4464,0,0
-117.78,34.05,3.9224,0,0
-117.8,34.05,4.1118,0,0
-117.8,34.06,3.6298,0,0
-117.82,34.05,3.1641,0,0
-117.76,34.06,2.227,0,0
-117.76,34.05,1.9029,0,0
-117.75,34.05,1.6645,0,0
-117.76,34.05,2.3859,0,0
-117.74,34.08,3.4398,0,0
-117.74,34.07,3.0294,0,0
-117.74,34.06,2.8983,0,0
-117.74,34.07,4.2415,0,0
-117.75,34.07,5.2269,0,0
-117.75,34.07,1.6006,0,0
-117.72,34.08,3.2481,0,0
-117.72,34.07,3.7321,0,0
-117.73,34.08,3.8438,0,0
-117.73,34.07,4.1339,0,0
-117.72,34.06,1.9643,0,0
-117.73,34.06,3.1786,0,0
-117.73,34.06,1.4063,0,0
-117.73,34.07,2.3406,0,0
-117.73,34.07,2.2596,0,0
-117.73,34.05,2.8929,0,0
-117.73,34.05,2.0734,0,0
-117.74,34.05,2.625,0,0
-117.74,34.05,2.1354,0,0
-117.74,34.05,2.1141,0,0
-117.75,34.05,1.9718,0,0
-117.73,34.04,3.15,0,0
-117.73,34.03,3.0375,0,0
-117.74,34.02,3.7454,0,0
-117.74,34.04,3.0429,0,0
-117.74,34.03,3.4609,0,0
-117.75,34.04,3.125,0,0
-117.76,34.04,2.8347,0,0
-117.76,34.04,3.4464,0,0
-117.85,34.0,5.6513,0,0
-117.86,33.99,6.3875,0,0
-117.8,34.03,6.2384,0,0
-117.78,34.03,6.0191,0,0
-117.83,34.01,5.0111,0,0
-117.8,34.02,5.0869,0,0
-117.81,34.01,4.9589,0,0
-117.79,34.02,6.4266,0,0
-117.84,34.0,6.8758,0,0
-117.83,33.99,6.2734,0,0
-117.84,33.98,6.1076,0,0
-117.83,33.97,7.0329,0,0
-117.87,34.04,6.6288,0,0
-117.86,34.02,5.9716,0,0
-117.86,34.01,5.1762,0,0
-117.87,34.02,6.4333,0,0
-117.84,34.04,6.9754,0,0
-117.85,34.06,7.5286,0,0
-117.85,34.08,8.105,0,0
-117.85,34.07,11.1077,0,0
-117.86,34.08,7.5196,0,0
-117.87,34.08,5.6015,0,0
-117.87,34.07,3.8167,0,0
-117.85,34.1,4.51,0,0
-117.86,34.09,5.5496,0,0
-117.85,34.09,6.4667,0,0
-117.86,34.09,6.1498,0,0
-117.87,34.1,3.775,0,0
-117.87,34.09,3.6484,0,0
-117.88,34.1,4.2685,0,0
-117.89,34.09,5.5629,0,0
-117.87,34.09,5.2405,0,0
-117.87,34.08,3.2469,0,0
-117.88,34.09,3.5109,0,0
-117.86,34.1,3.5977,0,0
-117.86,34.1,5.0832,0,0
-117.87,34.1,3.875,0,0
-117.84,34.1,3.8465,0,0
-117.85,34.11,3.1133,0,0
-117.87,34.12,4.2454,0,0
-117.88,34.12,5.1708,0,0
-117.88,34.12,4.0417,0,0
-117.87,34.12,3.8571,0,0
-117.87,34.11,4.6556,0,0
-117.87,34.11,4.5234,0,0
-117.88,34.11,4.1411,0,0
-117.89,34.12,4.9239,0,0
-117.88,34.12,4.0938,0,0
-117.89,34.11,4.5221,0,0
-117.88,34.11,3.2383,0,0
-117.89,34.12,3.9934,0,0
-117.89,34.12,4.05,0,0
-117.89,34.11,3.6875,0,0
-117.9,34.11,4.2019,0,0
-117.88,34.13,2.8547,0,0
-117.88,34.12,4.1836,0,0
-117.89,34.13,4.1995,0,0
-117.9,34.13,2.6619,0,0
-117.9,34.13,2.6292,0,0
-117.9,34.13,1.5,0,0
-117.9,34.13,3.1597,0,0
-117.9,34.12,2.6629,0,0
-117.9,34.12,4.0529,0,0
-117.9,34.12,3.3322,0,0
-117.91,34.13,2.2132,0,0
-117.92,34.13,2.8643,0,0
-117.91,34.12,3.7846,0,0
-117.91,34.12,4.1944,0,0
-117.92,34.12,2.9459,0,0
-117.93,34.12,3.5385,0,0
-117.9,34.11,2.1667,0,0
-117.91,34.11,3.525,0,0
-117.92,34.11,3.2202,0,0
-117.94,34.1,3.3625,0,0
-117.97,34.11,3.0417,0,0
-117.99,34.08,3.5625,0,0
-117.99,34.07,3.4327,0,0
-117.98,34.07,3.0184,0,0
-117.98,34.07,2.9107,0,0
-117.99,34.06,2.564,0,0
-118.0,34.07,2.25,0,0
-117.99,34.07,2.4911,0,0
-117.99,34.08,2.8906,0,0
-117.97,34.08,3.0806,0,0
-117.97,34.08,3.3261,0,0
-117.96,34.07,3.7736,0,0
-117.97,34.07,3.2,0,0
-117.97,34.07,2.7802,0,0
-117.98,34.08,3.4784,0,0
-117.98,34.1,3.7727,0,0
-117.98,34.09,3.5,0,0
-117.97,34.09,4.1304,0,0
-117.95,34.11,3.1034,0,0
-117.96,34.1,3.2957,0,0
-117.97,34.1,2.9712,0,0
-117.97,34.1,4.0,0,0
-117.96,34.09,3.4427,0,0
-117.96,34.09,3.1621,0,0
-117.96,34.1,3.2266,0,0
-117.97,34.09,3.4032,0,0
-117.95,34.09,2.8375,0,0
-117.95,34.08,3.125,0,0
-117.95,34.09,2.851,0,0
-117.96,34.08,2.2679,0,0
-117.96,34.08,3.1912,0,0
-117.96,34.08,3.9741,0,0
-117.94,34.09,2.1062,0,0
-117.94,34.08,4.4653,0,0
-117.94,34.08,4.064,0,0
-117.94,34.08,4.87,0,0
-117.95,34.08,3.2969,0,0
-117.95,34.07,4.1172,0,0
-117.93,34.09,3.9861,0,0
-117.93,34.09,4.2062,0,0
-117.93,34.09,4.0167,0,0
-117.93,34.09,4.4625,0,0
-117.92,34.08,3.8705,0,0
-117.92,34.08,4.1312,0,0
-117.93,34.07,3.3977,0,0
-117.93,34.08,4.5078,0,0
-117.93,34.08,3.9583,0,0
-117.93,34.08,4.3947,0,0
-117.93,34.08,4.125,0,0
-117.91,34.08,3.6625,0,0
-117.91,34.08,3.5795,0,0
-117.92,34.08,4.2986,0,0
-117.92,34.08,3.5536,0,0
-117.92,34.08,5.7039,0,0
-117.91,34.1,3.2813,0,0
-117.91,34.09,3.0441,0,0
-117.92,34.09,5.0123,0,0
-117.92,34.1,4.375,0,0
-117.9,34.1,3.7083,0,0
-117.91,34.1,4.25,0,0
-117.92,34.1,4.0052,0,0
-117.89,34.1,2.9437,0,0
-117.89,34.1,3.8304,0,0
-117.89,34.1,3.125,0,0
-117.9,34.1,4.5655,0,0
-117.9,34.09,4.125,0,0
-117.9,34.08,5.212,0,0
-117.89,34.09,2.4167,0,0
-117.89,34.09,2.3971,0,0
-117.89,34.09,3.4453,0,0
-117.9,34.09,4.3409,0,0
-117.88,34.08,2.7763,0,0
-117.89,34.08,3.5,0,0
-117.89,34.08,3.1949,0,0
-117.89,34.07,3.8837,0,0
-117.9,34.08,3.2943,0,0
-117.87,34.06,10.1248,0,0
-117.88,34.06,5.9254,0,0
-117.9,34.06,7.5,0,0
-117.9,34.06,5.4469,0,0
-117.9,34.06,5.6406,0,0
-117.89,34.07,3.9808,0,0
-117.9,34.07,3.055,0,0
-117.89,34.07,4.5179,0,0
-117.9,34.06,5.3664,0,0
-117.9,34.07,5.8519,0,0
-117.91,34.07,5.0897,0,0
-117.91,34.07,4.5594,0,0
-117.92,34.06,3.5547,0,0
-117.92,34.07,4.7708,0,0
-117.92,34.07,3.2122,0,0
-117.91,34.06,5.112,0,0
-117.91,34.05,5.0758,0,0
-117.92,34.06,5.184,0,0
-117.93,34.06,5.4635,0,0
-117.93,34.06,3.9375,0,0
-117.93,34.05,4.1731,0,0
-117.93,34.05,4.2926,0,0
-117.92,34.07,9.7066,0,0
-117.93,34.06,3.4596,0,0
-117.95,34.05,5.8722,0,0
-117.94,34.06,4.0333,0,0
-117.94,34.06,3.6648,0,0
-117.93,34.07,5.3559,0,0
-117.94,34.07,3.3523,0,0
-117.95,34.07,3.2083,0,0
-117.95,34.06,4.6312,0,0
-117.96,34.07,4.6118,0,0
-117.96,34.06,4.4102,0,0
-117.96,34.06,2.067,0,0
-117.97,34.05,3.6563,0,0
-117.97,34.06,4.0469,0,0
-117.98,34.06,4.5417,0,0
-117.97,34.06,3.2413,0,0
-117.98,34.06,4.0274,0,0
-117.98,34.05,3.7454,0,0
-117.99,34.05,3.7917,0,0
-117.97,34.05,2.8438,0,0
-117.97,34.05,3.1667,0,0
-117.97,34.05,3.5179,0,0
-117.97,34.05,2.8333,0,0
-117.98,34.05,4.1429,0,0
-117.98,34.04,3.4722,0,0
-117.97,34.04,4.119,0,0
-117.97,34.04,2.5192,0,0
-117.96,34.03,3.4115,0,0
-117.96,34.03,3.9803,0,0
-117.95,34.03,3.7578,0,0
-117.95,34.03,2.7361,0,0
-117.96,34.05,4.6364,0,0
-117.96,34.05,3.0904,0,0
-117.95,34.05,4.375,0,0
-117.95,34.04,4.7679,0,0
-117.96,34.04,3.1591,0,0
-117.96,34.04,4.7955,0,0
-117.96,34.04,4.025,0,0
-117.96,34.05,3.7258,0,0
-117.94,34.05,3.7708,0,0
-117.94,34.04,3.5592,0,0
-117.94,34.04,3.8409,0,0
-117.94,34.05,3.3409,0,0
-117.95,34.05,3.494,0,0
-117.94,34.04,3.8864,0,0
-117.95,34.04,2.274,0,0
-117.94,34.03,3.83,0,0
-117.94,34.03,4.0521,0,0
-117.95,34.03,3.3389,0,0
-117.93,34.01,2.1863,0,0
-117.93,34.01,4.2266,0,0
-117.94,34.02,3.871,0,0
-117.95,34.02,3.875,0,0
-117.95,34.02,4.2578,0,0
-117.92,34.03,4.1118,0,0
-117.92,34.03,3.975,0,0
-117.92,34.03,3.9219,0,0
-117.93,34.03,3.8581,0,0
-117.93,34.03,4.7917,0,0
-117.93,34.04,4.9342,0,0
-117.93,34.04,4.8854,0,0
-117.9,34.04,4.5554,0,0
-117.9,34.05,7.6286,0,0
-117.91,34.04,4.6324,0,0
-117.92,34.05,4.6587,0,0
-117.88,34.01,4.7589,0,0
-117.88,34.0,3.6308,0,0
-117.89,34.01,3.6275,0,0
-117.9,34.01,3.7917,0,0
-117.9,34.01,3.9702,0,0
-117.91,34.02,3.2799,0,0
-117.9,34.02,5.0704,0,0
-117.91,34.02,3.8201,0,0
-117.92,34.01,3.375,0,0
-117.98,34.04,3.75,0,0
-117.96,34.02,2.375,0,0
-117.98,34.03,2.625,0,0
-117.9,33.99,3.443,0,0
-117.92,34.0,3.8125,0,0
-117.88,34.0,3.9375,0,0
-117.89,33.99,4.0324,0,0
-117.87,33.99,4.9271,0,0
-118.01,34.05,3.8125,0,0
-117.99,34.04,3.185,0,0
-118.02,34.04,5.065,0,0
-118.0,34.03,5.257,0,0
-117.98,34.02,3.1979,0,0
-117.98,34.02,4.4653,0,0
-117.98,34.01,5.7057,0,0
-117.99,34.0,6.6988,0,0
-118.02,34.02,5.2405,0,0
-117.97,34.01,3.7459,0,0
-117.97,34.01,3.7083,0,0
-117.97,34.0,3.8319,0,0
-117.97,33.99,4.7332,0,0
-117.98,34.0,6.019,0,0
-117.98,33.99,7.0778,0,0
-117.98,33.98,6.2217,0,0
-117.99,33.98,6.9695,0,0
-117.95,34.0,4.1328,0,0
-117.96,34.0,4.4038,0,0
-117.96,34.0,4.5163,0,0
-117.92,33.98,6.1552,0,0
-117.95,33.98,5.6716,0,0
-117.94,33.99,4.9932,0,0
-117.95,33.99,5.0142,0,0
-117.95,33.99,6.7978,0,0
-117.95,33.99,6.8492,0,0
-117.96,33.99,5.2852,0,0
-117.96,33.99,6.2517,0,0
-117.97,33.99,5.7268,0,0
-117.96,33.98,5.7407,0,0
-117.88,33.96,5.5469,0,0
-117.89,33.98,2.5125,0,0
-117.9,33.98,3.253,0,0
-117.9,33.97,5.4155,0,0
-117.75,34.06,1.9762,0,0
-117.75,34.06,0.4999,0,0
-117.74,34.06,1.4722,0,0
-117.75,34.05,1.7206,0,0
-117.75,34.05,2.1908,0,0
-117.75,34.06,2.0156,0,0
-117.75,34.06,1.625,0,0
-117.94,34.15,4.4821,0,0
-117.95,34.16,6.2654,0,0
-117.94,34.14,5.411,0,0
-117.95,34.14,4.5594,0,0
-117.95,34.14,3.038,0,0
-117.96,34.14,2.5275,0,0
-117.96,34.14,3.766,0,0
-117.96,34.14,3.9464,0,0
-117.97,34.14,2.6014,0,0
-117.97,34.14,3.1094,0,0
-117.97,34.13,3.4375,0,0
-117.98,34.14,3.0417,0,0
-117.97,34.13,3.4777,0,0
-117.98,34.13,4.0083,0,0
-117.98,34.13,3.6806,0,0
-117.97,34.15,6.4576,0,0
-117.97,34.17,4.9968,0,0
-118.0,34.16,6.101,0,0
-118.01,34.16,5.532,0,0
-117.99,34.18,6.5254,0,0
-117.99,34.16,4.2407,0,0
-118.0,34.16,4.8059,0,0
-118.0,34.15,4.275,0,0
-118.01,34.15,3.9125,0,0
-118.02,34.15,3.875,0,0
-118.02,34.17,9.4667,0,0
-118.03,34.16,6.6888,0,0
-118.03,34.15,4.1797,0,0
-118.02,34.15,3.6,0,0
-118.06,34.17,7.2419,0,0
-118.05,34.17,5.0482,0,0
-118.04,34.17,4.0385,0,0
-118.04,34.18,5.2865,0,0
-118.04,34.16,5.9582,0,0
-118.05,34.16,4.5625,0,0
-118.05,34.16,3.5694,0,0
-118.06,34.16,3.6705,0,0
-118.06,34.16,4.8214,0,0
-118.07,34.16,4.125,0,0
-118.03,34.16,7.1615,0,0
-118.03,34.16,9.8098,0,0
-118.05,34.15,8.2004,0,0
-118.06,34.15,15.0001,0,1
-118.05,34.14,8.9728,0,0
-118.06,34.13,3.6341,0,0
-118.06,34.14,7.0315,0,0
-118.06,34.14,8.4889,0,0
-118.03,34.14,4.7308,0,0
-118.04,34.13,4.645,0,0
-118.04,34.15,3.3621,0,0
-118.04,34.13,15.0001,0,1
-118.05,34.13,3.735,0,0
-118.06,34.13,3.292,0,0
-118.02,34.14,2.6316,0,0
-118.02,34.13,3.9464,0,0
-118.03,34.14,3.0727,0,0
-118.01,34.13,4.7159,0,0
-118.02,34.13,5.2329,0,0
-118.02,34.13,7.7307,0,0
-118.03,34.13,4.9583,0,0
-118.02,34.12,6.1536,0,0
-118.02,34.11,3.8029,0,0
-118.02,34.12,5.4555,0,0
-118.02,34.12,6.5784,0,0
-118.03,34.11,6.5722,0,0
-118.01,34.14,2.8352,0,0
-118.01,34.14,3.52,0,0
-118.02,34.14,3.5878,0,0
-117.99,34.15,3.1304,0,0
-118.0,34.15,2.5417,0,0
-118.01,34.15,3.2377,0,0
-117.98,34.14,3.6336,0,0
-117.99,34.14,2.5625,0,0
-118.0,34.13,3.2841,0,0
-118.0,34.14,1.0548,0,0
-118.0,34.14,3.2723,0,0
-118.0,34.13,3.5481,0,0
-117.99,34.13,2.9605,0,0
-117.99,34.12,3.2857,0,0
-117.99,34.12,2.5395,0,0
-118.0,34.12,3.9219,0,0
-118.0,34.12,4.625,0,0
-118.01,34.13,4.0729,0,0
-118.01,34.12,4.5491,0,0
-118.01,34.12,3.94,0,0
-118.01,34.11,2.5114,0,0
-118.01,34.11,3.5625,0,0
-118.01,34.11,4.2132,0,0
-118.02,34.1,4.733,0,0
-118.02,34.1,1.9688,0,0
-118.02,34.11,4.625,0,0
-118.03,34.1,4.4236,0,0
-118.03,34.1,2.7857,0,0
-118.03,34.1,3.94,0,0
-118.03,34.1,2.9422,0,0
-118.03,34.11,5.9175,0,0
-118.04,34.11,5.0,0,0
-118.04,34.11,7.1885,0,0
-118.05,34.11,5.1509,0,0
-118.04,34.13,6.0878,0,0
-118.04,34.12,5.2249,0,0
-118.04,34.12,6.5989,0,0
-118.04,34.12,5.6916,0,0
-118.05,34.12,3.55,0,0
-118.06,34.12,3.6639,0,0
-118.06,34.12,4.5667,0,0
-118.06,34.12,4.1875,0,0
-118.05,34.11,3.2596,0,0
-118.06,34.11,2.7656,0,0
-118.06,34.11,3.0854,0,0
-118.04,34.1,4.8017,0,0
-118.05,34.1,4.7931,0,0
-118.06,34.1,3.8646,0,0
-118.06,34.1,4.3523,0,0
-118.06,34.1,3.5761,0,0
-118.06,34.1,3.6995,0,0
-118.04,34.1,4.1488,0,0
-118.04,34.09,4.6211,0,0
-118.05,34.1,4.2321,0,0
-118.05,34.1,4.0179,0,0
-118.06,34.09,4.0625,0,0
-118.06,34.1,4.8594,0,0
-118.06,34.09,3.244,0,0
-118.06,34.09,4.2898,0,0
-118.07,34.09,2.5474,0,0
-118.07,34.09,4.0987,0,0
-118.08,34.09,2.9196,0,0
-118.08,34.09,3.7222,0,0
-118.08,34.09,3.7066,0,0
-118.04,34.09,3.8304,0,0
-118.04,34.08,4.037,0,0
-118.04,34.09,2.8333,0,0
-118.05,34.09,3.5268,0,0
-118.02,34.09,3.4286,0,0
-118.02,34.08,3.6944,0,0
-118.02,34.09,2.6917,0,0
-118.03,34.09,2.8029,0,0
-118.03,34.08,2.4464,0,0
-118.0,34.1,3.4005,0,0
-118.01,34.09,3.6094,0,0
-118.01,34.1,3.8085,0,0
-118.01,34.1,3.4609,0,0
-118.0,34.08,3.994,0,0
-118.01,34.08,3.6531,0,0
-118.02,34.08,2.6071,0,0
-118.01,34.08,4.275,0,0
-118.01,34.09,3.1944,0,0
-118.0,34.08,4.6467,0,0
-118.02,34.08,2.3333,0,0
-118.03,34.08,3.25,0,0
-118.03,34.08,2.9688,0,0
-118.04,34.07,2.3611,0,0
-118.05,34.08,2.0433,0,0
-118.05,34.08,2.7254,0,0
-118.05,34.08,2.4914,0,0
-118.06,34.08,2.5119,0,0
-118.06,34.08,3.4202,0,0
-118.06,34.08,3.2569,0,0
-118.07,34.08,3.2312,0,0
-118.07,34.07,3.125,0,0
-118.07,34.08,2.806,0,0
-118.05,34.07,3.2373,0,0
-118.06,34.07,2.3929,0,0
-118.03,34.07,3.1042,0,0
-118.03,34.06,2.1453,0,0
-118.04,34.07,3.8125,0,0
-118.04,34.07,2.3098,0,0
-118.01,34.07,2.9334,0,0
-118.01,34.06,2.7721,0,0
-118.01,34.07,2.2559,0,0
-118.02,34.07,2.3236,0,0
-118.03,34.06,2.4706,0,0
-118.03,34.06,2.1094,0,0
-118.03,34.06,2.4875,0,0
-118.04,34.06,2.1383,0,0
-118.04,34.06,3.1875,0,0
-118.04,34.06,3.2132,0,0
-118.05,34.06,2.1781,0,0
-118.05,34.06,2.1406,0,0
-118.05,34.06,3.023,0,0
-118.06,34.06,2.5763,0,0
-118.06,34.06,1.9189,0,0
-118.07,34.07,3.5156,0,0
-118.08,34.07,3.29,0,0
-118.07,34.06,2.5985,0,0
-118.04,34.05,2.6579,0,0
-118.05,34.05,3.7279,0,0
-118.06,34.04,2.6288,0,0
-118.03,34.06,2.5445,0,0
-118.04,34.05,3.0536,0,0
-118.04,34.04,3.0,0,0
-118.04,34.04,3.5,0,0
-118.05,34.04,4.2917,0,0
-118.06,34.03,2.375,0,0
-118.02,34.06,2.2577,0,0
-118.02,34.05,2.5562,0,0
-118.03,34.05,2.7955,0,0
-118.03,34.05,3.5129,0,0
-118.01,34.05,2.1602,0,0
-118.02,34.05,2.3611,0,0
-118.02,34.05,3.0625,0,0
-118.02,34.04,2.8821,0,0
-118.09,34.18,10.2289,0,0
-118.07,34.17,7.8588,0,0
-118.07,34.17,5.5418,0,0
-118.07,34.17,5.7051,0,0
-118.1,34.18,7.7108,0,0
-118.11,34.19,9.532,0,0
-118.12,34.19,8.7835,0,0
-118.11,34.2,6.827,0,0
-118.13,34.2,6.4288,0,0
-118.13,34.19,4.7269,0,0
-118.13,34.21,6.1824,0,0
-118.13,34.2,5.6629,0,0
-118.13,34.2,4.9312,0,0
-118.13,34.19,2.92,0,0
-118.14,34.19,4.73,0,0
-118.14,34.2,5.0953,0,0
-118.15,34.2,3.7932,0,0
-118.15,34.2,4.1518,0,0
-118.15,34.2,4.5,0,0
-118.15,34.21,5.4727,0,0
-118.15,34.19,3.2216,0,0
-118.15,34.19,3.6094,0,0
-118.16,34.19,4.25,0,0
-118.16,34.2,3.8203,0,0
-118.18,34.22,5.9845,0,0
-118.19,34.22,9.8413,0,0
-118.21,34.22,8.3695,0,0
-118.18,34.2,8.72,0,0
-118.19,34.2,7.419,0,0
-118.19,34.21,6.553,0,0
-118.2,34.21,7.8375,0,0
-118.2,34.21,6.7571,0,0
-118.21,34.21,4.7734,0,0
-118.22,34.23,8.4802,0,0
-118.21,34.22,9.2463,0,0
-118.22,34.22,7.0059,0,0
-118.23,34.22,5.9771,0,0
-118.21,34.2,6.3794,0,0
-118.2,34.2,6.987,0,0
-118.18,34.19,15.0001,0,1
-118.19,34.19,15.0001,0,1
-118.2,34.19,15.0001,0,1
-118.18,34.17,9.0702,0,0
-118.18,34.16,9.4987,0,0
-118.15,34.18,2.2328,0,0
-118.15,34.17,2.0278,0,0
-118.16,34.18,1.8932,0,0
-118.16,34.18,2.4135,0,0
-118.16,34.17,3.1741,0,0
-118.17,34.18,2.8472,0,0
-118.15,34.18,3.3125,0,0
-118.16,34.19,2.2326,0,0
-118.16,34.19,3.5887,0,0
-118.17,34.18,4.375,0,0
-118.17,34.19,4.0985,0,0
-118.13,34.19,4.0714,0,0
-118.14,34.18,3.5164,0,0
-118.14,34.19,3.7222,0,0
-118.15,34.19,2.3967,0,0
-118.1,34.18,5.894,0,0
-118.11,34.18,5.9009,0,0
-118.12,34.18,6.3467,0,0
-118.13,34.18,6.4223,0,0
-118.1,34.17,4.7241,0,0
-118.1,34.17,3.2813,0,0
-118.11,34.17,4.99,0,0
-118.11,34.17,3.1115,0,0
-118.12,34.18,3.4777,0,0
-118.13,34.18,5.8309,0,0
-118.12,34.17,2.2692,0,0
-118.12,34.17,3.7159,0,0
-118.13,34.17,3.6094,0,0
-118.14,34.18,3.9688,0,0
-118.14,34.17,4.0524,0,0
-118.14,34.17,2.7148,0,0
-118.14,34.18,3.3068,0,0
-118.14,34.17,2.3,0,0
-118.15,34.18,2.3029,0,0
-118.15,34.16,1.2891,0,0
-118.15,34.16,2.2765,0,0
-118.16,34.16,1.7321,0,0
-118.16,34.17,3.5909,0,0
-118.16,34.16,4.1518,0,0
-118.16,34.16,6.07,0,0
-118.16,34.15,6.6031,0,0
-118.16,34.15,7.3715,0,0
-118.14,34.16,2.575,0,0
-118.14,34.15,1.5156,0,0
-118.15,34.15,1.1667,0,0
-118.15,34.16,1.6921,0,0
-118.15,34.15,2.3654,0,0
-118.14,34.17,2.3062,0,0
-118.14,34.16,2.1377,0,0
-118.15,34.16,1.6887,0,0
-118.15,34.17,1.0846,0,0
-118.13,34.17,3.2898,0,0
-118.14,34.16,2.6217,0,0
-118.14,34.17,2.7201,0,0
-118.13,34.16,2.2095,0,0
-118.13,34.15,2.8125,0,0
-118.14,34.15,1.9923,0,0
-118.14,34.15,0.8438,0,0
-118.14,34.16,2.2174,0,0
-118.12,34.16,2.8631,0,0
-118.13,34.16,2.4817,0,0
-118.13,34.15,2.6038,0,0
-118.12,34.15,2.1763,0,0
-118.12,34.15,3.0119,0,0
-118.13,34.15,3.1875,0,0
-118.13,34.15,2.5903,0,0
-118.12,34.17,4.7098,0,0
-118.13,34.16,4.0,0,0
-118.13,34.16,3.6719,0,0
-118.13,34.16,2.5664,0,0
-118.09,34.17,4.3083,0,0
-118.1,34.16,4.2386,0,0
-118.1,34.17,3.4811,0,0
-118.12,34.17,3.0417,0,0
-118.11,34.16,5.4223,0,0
-118.11,34.16,4.2065,0,0
-118.11,34.16,3.4583,0,0
-118.11,34.15,2.6172,0,0
-118.11,34.15,3.6474,0,0
-118.12,34.15,3.4167,0,0
-118.12,34.16,5.0237,0,0
-118.1,34.16,5.3272,0,0
-118.1,34.15,3.0096,0,0
-118.1,34.15,2.7431,0,0
-118.08,34.16,4.5461,0,0
-118.09,34.15,2.2321,0,0
-118.09,34.15,3.5568,0,0
-118.09,34.15,4.3452,0,0
-118.09,34.16,5.0393,0,0
-118.07,34.16,6.4761,0,0
-118.07,34.16,4.2143,0,0
-118.07,34.15,3.4087,0,0
-118.07,34.14,3.375,0,0
-118.08,34.15,0.4999,0,0
-118.08,34.14,3.1729,0,0
-118.08,34.14,6.1159,0,0
-118.08,34.13,8.4546,0,0
-118.08,34.13,7.4185,0,0
-118.08,34.14,3.88,0,0
-118.09,34.14,5.3377,0,0
-118.09,34.15,2.8007,0,0
-118.1,34.14,3.5804,0,0
-118.11,34.14,6.0948,0,0
-118.1,34.14,3.6572,0,0
-118.11,34.14,4.1324,0,0
-118.12,34.14,5.8692,0,0
-118.12,34.14,3.1033,0,0
-118.13,34.13,4.8304,0,0
-118.13,34.14,3.4531,0,0
-118.13,34.14,3.2643,0,0
-118.14,34.14,3.6997,0,0
-118.14,34.14,2.9511,0,0
-118.15,34.14,3.875,0,0
-118.15,34.14,2.3,0,0
-118.15,34.14,1.625,0,0
-118.16,34.14,8.2435,0,0
-118.16,34.14,7.4817,0,0
-118.17,34.14,11.7894,0,0
-118.18,34.13,7.9213,0,0
-118.18,34.13,6.1953,0,0
-118.18,34.14,7.7116,0,0
-118.15,34.13,4.7298,0,0
-118.15,34.13,4.7344,0,0
-118.16,34.13,7.723,0,0
-118.13,34.13,7.9976,0,0
-118.13,34.12,10.7397,0,0
-118.14,34.13,4.9167,0,0
-118.14,34.13,5.1072,0,0
-118.15,34.13,3.6389,0,0
-118.12,34.13,11.706,0,0
-118.11,34.12,10.6767,0,0
-118.11,34.12,11.5609,0,0
-118.12,34.12,15.0001,0,1
-118.12,34.11,10.2317,0,0
-118.13,34.11,9.1373,0,0
-118.14,34.11,8.1124,0,0
-118.1,34.13,12.4237,0,-1
-118.1,34.13,9.7912,0,0
-118.09,34.12,7.8347,0,0
-118.1,34.12,6.3013,0,0
-118.1,34.12,11.6471,0,0
-118.1,34.13,15.0001,0,1
-118.08,34.13,5.9546,0,0
-118.08,34.12,5.5067,0,0
-118.09,34.12,5.4536,0,0
-118.09,34.12,5.6152,0,0
-118.07,34.13,3.301,0,0
-118.08,34.13,3.5671,0,0
-118.07,34.12,4.1136,0,0
-118.07,34.12,4.2312,0,0
-118.08,34.12,3.6827,0,0
-118.08,34.12,4.2434,0,0
-118.07,34.11,5.0736,0,0
-118.07,34.11,3.1576,0,0
-118.08,34.11,3.9464,0,0
-118.08,34.11,5.5924,0,0
-118.08,34.1,3.0819,0,0
-118.09,34.11,4.6442,0,0
-118.09,34.11,6.5078,0,0
-118.1,34.1,3.75,0,0
-118.1,34.11,6.706,0,0
-118.11,34.11,6.7099,0,0
-118.11,34.1,5.2503,0,0
-118.12,34.11,5.2131,0,0
-118.12,34.1,4.0556,0,0
-118.12,34.1,4.2344,0,0
-118.13,34.1,2.5663,0,0
-118.13,34.09,2.7816,0,0
-118.13,34.1,3.1103,0,0
-118.14,34.09,2.918,0,0
-118.13,34.11,4.825,0,0
-118.13,34.1,3.1975,0,0
-118.14,34.1,2.8919,0,0
-118.14,34.11,5.2292,0,0
-118.15,34.1,3.9485,0,0
-118.15,34.11,7.4111,0,0
-118.15,34.11,3.7895,0,0
-118.15,34.11,4.2981,0,0
-118.15,34.12,3.8427,0,0
-118.15,34.12,3.8529,0,0
-118.15,34.12,3.4018,0,0
-118.15,34.12,6.0199,0,0
-118.16,34.12,5.4165,0,0
-118.17,34.12,4.2944,0,0
-118.15,34.11,3.5875,0,0
-118.15,34.1,3.4559,0,0
-118.16,34.11,4.1661,0,0
-118.16,34.11,3.7235,0,0
-118.17,34.11,3.6406,0,0
-118.17,34.11,4.9676,0,0
-118.17,34.1,8.058,0,0
-118.14,34.1,3.108,0,0
-118.15,34.09,2.8062,0,0
-118.15,34.09,4.4306,0,0
-118.16,34.09,3.1204,0,0
-118.15,34.1,3.1211,0,0
-118.15,34.08,3.125,0,0
-118.15,34.08,3.3988,0,0
-118.14,34.09,2.7483,0,0
-118.14,34.09,2.85,0,0
-118.14,34.08,2.7036,0,0
-118.14,34.08,2.3464,0,0
-118.14,34.08,2.9405,0,0
-118.14,34.07,3.665,0,0
-118.11,34.1,3.3229,0,0
-118.12,34.09,3.2307,0,0
-118.13,34.09,3.0078,0,0
-118.13,34.09,2.2214,0,0
-118.13,34.08,2.575,0,0
-118.09,34.1,2.7436,0,0
-118.1,34.1,2.6553,0,0
-118.09,34.09,2.3462,0,0
-118.1,34.09,4.2833,0,0
-118.1,34.1,3.81,0,0
-118.11,34.1,3.3801,0,0
-118.1,34.1,2.34,0,0
-118.07,34.1,3.4375,0,0
-118.07,34.09,3.6083,0,0
-118.07,34.1,3.2361,0,0
-118.07,34.1,3.3512,0,0
-118.08,34.1,3.5313,0,0
-118.09,34.1,3.6696,0,0
-118.08,34.08,3.9219,0,0
-118.08,34.08,2.9688,0,0
-118.09,34.09,3.0125,0,0
-118.09,34.08,2.6901,0,0
-118.09,34.08,3.0357,0,0
-118.09,34.08,3.1607,0,0
-118.1,34.09,4.875,0,0
-118.1,34.08,2.543,0,0
-118.1,34.08,2.6884,0,0
-118.1,34.09,3.8906,0,0
-118.11,34.08,3.3966,0,0
-118.11,34.08,3.3421,0,0
-118.11,34.08,4.5446,0,0
-118.11,34.07,5.2719,0,0
-118.12,34.09,2.6981,0,0
-118.12,34.08,5.3032,0,0
-118.12,34.08,3.1583,0,0
-118.13,34.08,2.6716,0,0
-118.12,34.08,3.0,0,0
-118.13,34.08,2.5787,0,0
-118.12,34.08,3.2344,0,0
-118.13,34.07,3.085,0,0
-118.12,34.07,3.0592,0,0
-118.12,34.07,2.025,0,0
-118.12,34.06,2.2261,0,0
-118.13,34.06,1.1875,0,0
-118.13,34.07,2.3664,0,0
-118.12,34.06,2.4599,0,0
-118.11,34.07,2.3393,0,0
-118.11,34.06,2.3224,0,0
-118.14,34.07,4.1902,0,0
-118.14,34.06,3.7857,0,0
-118.14,34.06,4.7569,0,0
-118.15,34.07,3.2875,0,0
-118.15,34.07,2.4348,0,0
-118.16,34.07,3.8644,0,0
-118.16,34.07,3.6364,0,0
-118.15,34.07,3.125,0,0
-118.15,34.06,3.505,0,0
-118.16,34.06,6.1509,0,0
-118.16,34.06,5.828,0,0
-118.14,34.05,3.4118,0,0
-118.15,34.05,3.5089,0,0
-118.15,34.05,3.8472,0,0
-118.13,34.06,2.8672,0,0
-118.14,34.06,3.3906,0,0
-118.13,34.05,3.9531,0,0
-118.14,34.05,3.875,0,0
-118.12,34.06,2.5321,0,0
-118.12,34.06,2.4286,0,0
-118.12,34.06,3.1892,0,0
-118.11,34.06,2.1061,0,0
-118.11,34.06,2.8229,0,0
-118.11,34.06,2.9764,0,0
-118.09,34.07,2.5938,0,0
-118.09,34.07,3.2578,0,0
-118.1,34.08,2.5,0,0
-118.1,34.07,2.5964,0,0
-118.11,34.07,3.3088,0,0
-118.1,34.07,2.4931,0,0
-118.1,34.07,2.5104,0,0
-118.09,34.07,3.175,0,0
-118.1,34.07,2.25,0,0
-118.09,34.07,3.0347,0,0
-118.09,34.07,2.3424,0,0
-118.09,34.06,2.6094,0,0
-118.09,34.06,2.629,0,0
-118.08,34.04,4.7222,0,0
-118.09,34.06,2.2083,0,0
-118.1,34.06,2.9524,0,0
-118.1,34.06,3.25,0,0
-118.11,34.06,2.5488,0,0
-118.09,34.05,3.5357,0,0
-118.1,34.05,3.756,0,0
-118.1,34.05,2.913,0,0
-118.09,34.04,3.6512,0,0
-118.09,34.04,6.4385,0,0
-118.11,34.05,5.9941,0,0
-118.11,34.04,5.2446,0,0
-118.12,34.05,3.6625,0,0
-118.12,34.04,5.9214,0,0
-118.13,34.04,3.5833,0,0
-118.13,34.04,3.1083,0,0
-118.14,34.03,4.1375,0,0
-118.15,34.04,2.1944,0,0
-118.14,34.04,3.3214,0,0
-118.14,34.04,3.7109,0,0
-118.14,34.04,2.6146,0,0
-118.11,34.03,3.5272,0,0
-118.13,34.04,4.3646,0,0
-118.12,34.04,4.5795,0,0
-118.12,34.04,4.0938,0,0
-117.93,33.95,7.4597,0,0
-117.95,33.95,6.8189,0,0
-117.95,33.97,8.3474,0,0
-117.97,33.96,7.2472,0,0
-117.98,33.95,6.1898,0,0
-117.98,33.94,5.2851,0,0
-117.99,33.95,10.4835,0,0
-118.0,33.95,6.8109,0,0
-118.01,33.95,5.0861,0,0
-118.0,33.96,9.1541,0,0
-117.99,33.97,10.8034,0,0
-118.05,34.02,2.125,0,0
-118.03,34.01,6.2319,0,0
-118.06,34.02,5.2557,0,0
-118.06,34.01,3.9091,0,0
-118.07,34.01,3.7986,0,0
-118.07,34.01,3.2375,0,0
-118.08,34.01,3.4861,0,0
-118.07,34.0,2.63,0,0
-118.08,34.0,2.9107,0,0
-118.08,34.01,2.5969,0,0
-118.08,34.02,2.9321,0,0
-118.08,34.01,2.7679,0,0
-118.08,34.01,3.2031,0,0
-118.09,34.01,3.5469,0,0
-118.09,34.01,2.0729,0,0
-118.09,34.01,4.3333,0,0
-118.09,34.0,3.045,0,0
-118.09,34.0,4.1458,0,0
-118.09,33.99,3.692,0,0
-118.1,33.99,3.6875,0,0
-118.1,33.99,3.4306,0,0
-118.1,33.99,2.7202,0,0
-118.08,33.98,4.0677,0,0
-118.08,33.98,3.6033,0,0
-118.09,33.98,3.5,0,0
-118.09,33.99,3.5757,0,0
-118.08,33.99,3.6196,0,0
-118.08,33.99,2.5,0,0
-118.08,33.99,2.8152,0,0
-118.08,34.0,0.9817,0,0
-118.07,33.99,4.5595,0,0
-118.07,33.99,3.0577,0,0
-118.07,33.99,3.25,0,0
-118.06,33.98,3.3562,0,0
-118.06,33.98,4.2206,0,0
-118.06,33.98,5.4381,0,0
-118.06,33.98,2.9583,0,0
-118.06,33.98,4.7266,0,0
-118.06,34.0,3.9243,0,0
-118.07,34.0,4.1058,0,0
-118.05,33.99,5.193,0,0
-118.04,33.99,3.2359,0,0
-118.05,33.99,3.7328,0,0
-118.06,33.99,4.375,0,0
-118.06,33.99,3.7833,0,0
-118.06,33.99,3.3611,0,0
-118.06,33.99,4.5478,0,0
-118.04,33.98,3.0,0,0
-118.05,33.98,2.0147,0,0
-118.05,33.98,2.8311,0,0
-118.04,34.0,5.1985,0,0
-118.03,33.99,3.4312,0,0
-118.03,33.98,2.7578,0,0
-118.04,33.98,2.625,0,0
-118.04,33.98,1.9688,0,0
-118.04,33.98,2.3182,0,0
-118.04,33.99,3.6475,0,0
-118.02,33.98,8.6677,0,0
-118.03,33.97,3.8275,0,0
-118.02,33.97,6.148,0,0
-118.01,33.97,6.0648,0,0
-118.0,33.97,6.0663,0,0
-118.01,33.96,5.3054,0,0
-118.02,33.96,4.5446,0,0
-118.02,33.96,4.6226,0,0
-118.03,33.97,4.8152,0,0
-118.03,33.97,4.65,0,0
-118.03,33.97,3.2852,0,0
-118.03,33.97,2.824,0,0
-118.04,33.97,2.6082,0,0
-118.04,33.97,2.5686,0,0
-118.03,33.97,2.593,0,0
-118.02,33.95,4.2917,0,0
-118.02,33.95,4.108,0,0
-118.03,33.96,4.0536,0,0
-118.03,33.96,3.117,0,0
-118.03,33.95,3.6509,0,0
-118.03,33.95,4.1471,0,0
-118.04,33.95,3.8214,0,0
-118.04,33.96,3.225,0,0
-118.04,33.96,3.3214,0,0
-118.05,33.96,2.9714,0,0
-118.04,33.97,3.0491,0,0
-118.05,33.98,4.0379,0,0
-118.05,33.97,3.6,0,0
-118.06,33.97,4.3203,0,0
-118.07,33.98,3.2093,0,0
-118.07,33.98,3.9688,0,0
-118.06,33.97,3.9612,0,0
-118.07,33.97,3.1554,0,0
-118.08,33.97,4.2,0,0
-118.07,33.97,2.4607,0,0
-118.07,33.96,2.6991,0,0
-118.07,33.97,4.8929,0,0
-118.08,33.97,3.9773,0,0
-118.08,33.97,4.6333,0,0
-118.08,33.97,3.5481,0,0
-118.09,33.98,3.6875,0,0
-118.09,33.97,4.1389,0,0
-118.09,33.97,3.7326,0,0
-118.1,33.97,2.9922,0,0
-118.1,33.98,3.4083,0,0
-118.09,33.98,3.1607,0,0
-118.1,33.98,3.5268,0,0
-118.11,33.97,3.6397,0,0
-118.11,33.98,3.3942,0,0
-118.09,33.96,3.3621,0,0
-118.09,33.96,3.425,0,0
-118.09,33.95,4.5,0,0
-118.1,33.96,4.1711,0,0
-118.1,33.96,4.0357,0,0
-118.1,33.97,2.9821,0,0
-118.1,33.96,3.9549,0,0
-118.1,33.96,3.6667,0,0
-118.08,33.95,4.8304,0,0
-118.08,33.95,3.0944,0,0
-118.08,33.96,4.0096,0,0
-118.08,33.96,4.369,0,0
-118.09,33.96,2.7647,0,0
-118.09,33.95,3.5583,0,0
-118.09,33.94,4.0846,0,0
-118.09,33.93,4.5306,0,0
-118.09,33.94,3.8542,0,0
-118.08,33.94,2.4926,0,0
-118.04,33.95,5.2162,0,0
-118.04,33.94,4.625,0,0
-118.04,33.95,4.615,0,0
-118.05,33.95,3.6125,0,0
-118.05,33.94,1.9453,0,0
-118.04,33.93,3.1979,0,0
-118.05,33.93,3.6771,0,0
-118.05,33.93,3.1513,0,0
-118.05,33.92,3.2371,0,0
-118.03,33.93,3.875,0,0
-118.02,33.92,3.7969,0,0
-118.03,33.92,3.0,0,0
-118.03,33.92,3.6731,0,0
-118.04,33.93,4.1667,0,0
-118.04,33.92,3.4907,0,0
-118.04,33.93,4.3849,0,0
-118.04,33.92,3.4219,0,0
-118.02,33.93,4.1312,0,0
-118.03,33.93,5.2736,0,0
-118.03,33.94,4.3542,0,0
-118.03,33.94,3.4861,0,0
-118.04,33.94,4.2051,0,0
-118.03,33.94,3.4792,0,0
-118.01,33.95,4.4318,0,0
-118.02,33.95,4.6184,0,0
-118.02,33.95,4.2292,0,0
-118.01,33.95,4.6923,0,0
-118.02,33.94,5.3016,0,0
-118.02,33.94,3.488,0,0
-118.02,33.95,3.4886,0,0
-117.98,33.94,4.0985,0,0
-117.98,33.93,6.2924,0,0
-117.99,33.93,3.6458,0,0
-117.99,33.94,4.3125,0,0
-117.99,33.94,3.7045,0,0
-118.0,33.94,3.9543,0,0
-118.0,33.94,5.1738,0,0
-118.01,33.94,4.9191,0,0
-118.01,33.94,4.2708,0,0
-118.01,33.93,4.4118,0,0
-118.02,33.93,3.6028,0,0
-117.99,33.93,4.8523,0,0
-118.0,33.93,4.9205,0,0
-118.01,33.93,3.275,0,0
-118.0,33.93,5.0077,0,0
-118.0,33.94,3.75,0,0
-118.01,33.92,5.2305,0,0
-118.01,33.92,5.273,0,0
-118.02,33.92,5.5238,0,0
-118.0,33.92,6.1273,0,0
-118.0,33.91,5.979,0,0
-117.99,33.93,4.375,0,0
-118.0,33.93,3.9575,0,0
-117.98,33.92,5.3668,0,0
-117.99,33.92,4.061,0,0
-117.98,33.91,5.0923,0,0
-117.99,33.9,5.6454,0,0
-117.99,33.9,3.5859,0,0
-118.0,33.89,5.0384,0,0
-118.0,33.89,5.1377,0,0
-118.0,33.9,4.3831,0,0
-118.0,33.9,4.5144,0,0
-118.01,33.9,4.6094,0,0
-118.01,33.89,4.6,0,0
-118.01,33.89,4.2292,0,0
-118.0,33.89,3.9861,0,0
-118.02,33.9,5.5601,0,0
-118.02,33.9,4.4954,0,0
-118.01,33.89,4.6354,0,0
-118.02,33.89,5.0839,0,0
-118.02,33.92,3.2222,0,0
-118.01,33.91,4.2305,0,0
-118.01,33.9,5.125,0,0
-118.02,33.91,5.4236,0,0
-118.02,33.9,3.5938,0,0
-118.03,33.9,3.7308,0,0
-118.02,33.91,5.1155,0,0
-118.02,33.91,4.7861,0,0
-118.03,33.91,3.2143,0,0
-118.03,33.91,4.2437,0,0
-118.03,33.9,5.3184,0,0
-118.04,33.9,0.4999,0,0
-118.09,34.03,5.5,0,0
-118.09,34.02,4.5526,0,0
-118.09,34.02,3.2622,0,0
-118.1,34.02,4.9107,0,0
-118.11,34.02,5.1515,0,0
-118.12,34.02,3.0529,0,0
-118.12,34.03,5.6112,0,0
-118.1,34.01,2.66,0,0
-118.1,34.01,1.3365,0,0
-118.1,34.01,3.4297,0,0
-118.1,34.02,3.0625,0,0
-118.11,34.02,3.95,0,0
-118.11,34.01,2.4605,0,0
-118.12,34.02,2.4286,0,0
-118.12,34.02,1.8906,0,0
-118.13,34.03,3.0212,0,0
-118.13,34.02,2.5852,0,0
-118.13,34.02,2.3359,0,0
-118.13,34.02,2.2813,0,0
-118.13,34.02,2.9044,0,0
-118.14,34.02,2.75,0,0
-118.14,34.03,4.0625,0,0
-118.13,34.03,2.8385,0,0
-118.14,34.03,2.4612,0,0
-118.15,34.02,2.8239,0,0
-118.15,34.03,1.7991,0,0
-118.16,34.03,3.1724,0,0
-118.15,34.03,2.0536,0,0
-118.15,34.03,2.6806,0,0
-118.15,34.04,3.7794,0,0
-118.15,34.04,3.6875,0,0
-118.16,34.04,3.1895,0,0
-118.16,34.04,1.5078,0,0
-118.16,34.04,2.7026,0,0
-118.16,34.04,1.3971,0,0
-118.17,34.03,2.4167,0,0
-118.17,34.04,1.625,0,0
-118.17,34.04,3.5938,0,0
-118.17,34.06,2.1845,0,0
-118.17,34.05,3.1528,0,0
-118.18,34.05,2.7031,0,0
-118.17,34.06,2.5033,0,0
-118.17,34.06,2.475,0,0
-118.18,34.06,0.8941,0,0
-118.19,34.06,2.3125,0,0
-118.18,34.06,2.53,0,0
-118.18,34.05,1.825,0,0
-118.19,34.05,1.9083,0,0
-118.19,34.05,2.7432,0,0
-118.19,34.05,2.4375,0,0
-118.18,34.05,2.8295,0,0
-118.18,34.05,3.75,0,0
-118.18,34.05,3.3333,0,0
-118.18,34.04,1.55,0,0
-118.18,34.04,3.0417,0,0
-118.19,34.04,2.8542,0,0
-118.19,34.04,2.3015,0,0
-118.19,34.05,2.6964,0,0
-118.17,34.04,1.9667,0,0
-118.17,34.04,2.75,0,0
-118.18,34.03,2.9167,0,0
-118.17,34.04,1.75,0,0
-118.17,34.04,2.8167,0,0
-118.17,34.05,3.375,0,0
-118.17,34.05,2.5962,0,0
-118.18,34.04,2.788,0,0
-118.18,34.03,1.1929,0,0
-118.19,34.03,1.7995,0,0
-118.19,34.04,2.1774,0,0
-118.19,34.04,2.1029,0,0
-118.19,34.03,2.6964,0,0
-118.18,34.03,2.239,0,0
-118.19,34.03,1.9719,0,0
-118.18,34.03,2.0764,0,0
-118.19,34.02,1.7801,0,0
-118.18,34.02,2.2813,0,0
-118.18,34.02,2.15,0,0
-118.19,34.02,2.3438,0,0
-118.18,34.02,2.8977,0,0
-118.19,34.02,1.8875,0,0
-118.18,34.02,3.0972,0,0
-118.18,34.02,2.625,0,0
-118.18,34.01,2.3462,0,0
-118.17,34.03,2.1979,0,0
-118.17,34.03,2.2902,0,0
-118.17,34.03,2.761,0,0
-118.18,34.03,2.2991,0,0
-118.17,34.02,2.3077,0,0
-118.17,34.02,1.7813,0,0
-118.17,34.02,2.125,0,0
-118.17,34.02,1.8681,0,0
-118.16,34.03,2.6042,0,0
-118.16,34.03,2.359,0,0
-118.16,34.02,2.1442,0,0
-118.16,34.02,1.7981,0,0
-118.16,34.02,2.6964,0,0
-118.17,34.02,2.45,0,0
-118.16,34.02,1.8715,0,0
-118.15,34.02,2.3438,0,0
-118.15,34.02,2.7022,0,0
-118.16,34.02,2.5313,0,0
-118.16,34.01,1.6354,0,0
-118.16,34.01,2.2596,0,0
-118.16,34.02,1.9688,0,0
-118.14,34.02,2.7019,0,0
-118.14,34.02,2.6,0,0
-118.13,34.02,2.125,0,0
-118.14,34.01,3.0179,0,0
-118.14,34.02,1.4178,0,0
-118.14,34.01,2.3929,0,0
-118.14,34.01,2.5326,0,0
-118.13,34.01,2.7083,0,0
-118.13,34.01,2.075,0,0
-118.13,34.01,3.1538,0,0
-118.11,34.01,2.2847,0,0
-118.12,34.0,2.7308,0,0
-118.12,34.01,2.4259,0,0
-118.12,34.01,1.9867,0,0
-118.1,34.0,2.7311,0,0
-118.11,34.0,2.7292,0,0
-118.11,34.0,3.0208,0,0
-118.11,34.0,2.625,0,0
-118.11,34.01,2.2042,0,0
-118.12,33.99,2.8155,0,0
-118.12,33.99,2.5395,0,0
-118.12,33.98,3.6875,0,0
-118.12,33.99,2.4219,0,0
-118.14,34.01,2.25,0,0
-118.15,33.98,2.2813,0,0
-118.15,34.0,3.1406,0,0
-118.16,34.0,3.6583,0,0
-118.17,34.01,3.0225,0,0
-118.16,34.01,1.7679,0,0
-118.17,34.01,2.7799,0,0
-118.18,34.01,2.6364,0,0
-118.21,33.99,3.2188,0,0
-118.23,34.0,1.5227,0,0
-118.23,33.99,2.1912,0,0
-118.22,33.99,2.6964,0,0
-118.22,33.99,4.3164,0,0
-118.22,33.99,2.7708,0,0
-118.22,33.98,2.4387,0,0
-118.22,33.98,2.6548,0,0
-118.22,33.98,2.7045,0,0
-118.23,33.98,2.39,0,0
-118.23,33.99,4.5208,0,0
-118.23,33.98,1.9929,0,0
-118.24,33.99,2.4107,0,0
-118.24,33.98,1.75,0,0
-118.24,33.99,2.1615,0,0
-118.25,33.99,1.5272,0,0
-118.25,33.99,1.3963,0,0
-118.25,33.98,2.2969,0,0
-118.25,33.98,1.6667,0,0
-118.25,33.98,1.7207,0,0
-118.25,33.98,1.7929,0,0
-118.25,33.98,1.7378,0,0
-118.25,33.98,2.5637,0,0
-118.24,33.98,2.125,0,0
-118.24,33.98,2.2054,0,0
-118.24,33.98,3.0724,0,0
-118.22,33.98,2.0357,0,0
-118.22,33.98,3.125,0,0
-118.22,33.98,2.5352,0,0
-118.22,33.98,2.1044,0,0
-118.22,33.98,1.2059,0,0
-118.22,33.98,1.6685,0,0
-118.23,33.98,2.2059,0,0
-118.2,33.98,1.8929,0,0
-118.21,33.97,2.1005,0,0
-118.21,33.98,3.2788,0,0
-118.21,33.98,2.6818,0,0
-118.21,33.98,2.325,0,0
-118.2,33.99,2.3421,0,0
-118.2,33.99,2.1468,0,0
-118.19,33.99,2.6673,0,0
-118.19,33.99,3.3869,0,0
-118.19,33.98,2.8214,0,0
-118.19,33.99,3.0114,0,0
-118.19,33.99,2.9054,0,0
-118.2,33.99,3.1979,0,0
-118.2,33.99,2.551,0,0
-118.19,33.99,2.4596,0,0
-118.19,33.98,2.6042,0,0
-118.19,33.99,2.4516,0,0
-118.2,33.99,1.9132,0,0
-118.2,33.98,2.1522,0,0
-118.19,33.98,1.4224,0,0
-118.19,33.97,1.7562,0,0
-118.19,33.97,2.4196,0,0
-118.19,33.98,2.0087,0,0
-118.2,33.98,2.0,0,0
-118.2,33.98,2.1964,0,0
-118.2,33.97,2.3917,0,0
-118.18,33.99,2.4375,0,0
-118.18,33.99,1.6341,0,0
-118.17,33.98,2.8427,0,0
-118.18,33.98,2.1836,0,0
-118.18,33.98,2.3444,0,0
-118.18,33.99,2.152,0,0
-118.17,33.98,3.1786,0,0
-118.17,33.97,2.4049,0,0
-118.17,33.97,2.2422,0,0
-118.17,33.98,2.9844,0,0
-118.17,33.98,2.7321,0,0
-118.18,33.98,3.0398,0,0
-118.18,33.97,2.2122,0,0
-118.18,33.97,2.0057,0,0
-118.18,33.98,2.625,0,0
-118.18,33.98,2.5703,0,0
-118.15,33.98,2.3,0,0
-118.15,33.97,2.4263,0,0
-118.15,33.97,2.4071,0,0
-118.16,33.97,2.3068,0,0
-118.16,33.97,2.1743,0,0
-118.14,33.97,2.63,0,0
-118.14,33.97,3.0114,0,0
-118.14,33.96,2.1731,0,0
-118.15,33.97,2.1591,0,0
-118.14,33.97,2.0524,0,0
-118.14,33.97,2.6364,0,0
-118.16,33.98,2.9375,0,0
-118.16,33.97,2.1181,0,0
-118.16,33.97,1.9464,0,0
-118.16,33.97,2.3929,0,0
-118.16,33.97,1.9063,0,0
-118.17,33.98,3.0938,0,0
-118.15,33.96,2.4821,0,0
-118.15,33.96,2.5385,0,0
-118.17,33.96,2.3,0,0
-118.16,33.96,2.4432,0,0
-118.17,33.96,2.2817,0,0
-118.17,33.96,2.5556,0,0
-118.18,33.96,1.4167,0,0
-118.19,33.96,2.0162,0,0
-118.18,33.97,2.3175,0,0
-118.19,33.97,1.9485,0,0
-118.2,33.97,2.754,0,0
-118.2,33.97,1.8897,0,0
-118.2,33.96,3.1875,0,0
-118.21,33.96,2.4688,0,0
-118.21,33.97,3.9408,0,0
-118.21,33.97,3.0313,0,0
-118.21,33.97,3.1901,0,0
-118.22,33.97,3.0313,0,0
-118.22,33.97,2.6384,0,0
-118.23,33.97,2.6951,0,0
-118.23,33.96,3.0143,0,0
-118.22,33.97,4.0609,0,0
-118.22,33.97,2.881,0,0
-118.23,33.97,1.6065,0,0
-118.24,33.97,2.1429,0,0
-118.24,33.97,2.0819,0,0
-118.24,33.97,2.1473,0,0
-118.24,33.97,2.5833,0,0
-118.25,33.97,1.6776,0,0
-118.25,33.97,1.7708,0,0
-118.25,33.97,1.1635,0,0
-118.25,33.97,1.9119,0,0
-118.24,33.97,2.5536,0,0
-118.24,33.96,1.9041,0,0
-118.25,33.97,2.2917,0,0
-118.25,33.96,2.0323,0,0
-118.25,33.97,1.8661,0,0
-118.24,33.96,2.1078,0,0
-118.25,33.96,1.6585,0,0
-118.25,33.96,2.3864,0,0
-118.25,33.96,1.8672,0,0
-118.25,33.95,0.9751,0,0
-118.25,33.95,1.9798,0,0
-118.23,33.96,1.695,0,0
-118.23,33.96,1.6597,0,0
-118.24,33.96,1.7778,0,0
-118.24,33.96,2.5729,0,0
-118.24,33.96,1.7396,0,0
-118.24,33.96,2.0655,0,0
-118.23,33.95,0.9166,0,0
-118.23,33.95,0.9518,0,0
-118.21,33.96,2.1389,0,0
-118.21,33.96,2.1522,0,0
-118.22,33.96,2.5966,0,0
-118.22,33.96,1.9028,0,0
-118.22,33.96,2.6179,0,0
-118.22,33.96,2.8,0,0
-118.21,33.95,1.7778,0,0
-118.22,33.95,2.8167,0,0
-118.22,33.95,3.153,0,0
-118.23,33.96,2.5913,0,0
-118.23,33.95,2.2391,0,0
-118.22,33.94,2.6538,0,0
-118.22,33.94,3.0903,0,0
-118.22,33.94,3.3542,0,0
-118.22,33.94,3.4323,0,0
-118.2,33.96,2.3221,0,0
-118.2,33.96,2.8371,0,0
-118.2,33.96,3.055,0,0
-118.2,33.96,2.9773,0,0
-118.21,33.96,2.3241,0,0
-118.21,33.96,1.2826,0,0
-118.21,33.95,1.8641,0,0
-118.2,33.95,2.4267,0,0
-118.2,33.95,2.1406,0,0
-118.21,33.95,2.295,0,0
-118.21,33.95,2.2988,0,0
-118.21,33.95,2.0372,0,0
-118.2,33.94,3.3472,0,0
-118.2,33.94,4.0441,0,0
-118.21,33.94,2.4459,0,0
-118.21,33.94,2.84,0,0
-118.19,33.95,3.2768,0,0
-118.19,33.94,3.3661,0,0
-118.19,33.94,3.3846,0,0
-118.19,33.95,3.0833,0,0
-118.19,33.95,2.3882,0,0
-118.2,33.94,3.5125,0,0
-118.2,33.94,3.7361,0,0
-118.2,33.94,2.5029,0,0
-118.19,33.96,2.6354,0,0
-118.19,33.95,2.7206,0,0
-118.16,33.94,4.7708,0,0
-118.16,33.93,3.7361,0,0
-118.18,33.94,3.4688,0,0
-118.18,33.95,2.9094,0,0
-118.18,33.95,3.5341,0,0
-118.18,33.94,2.7,0,0
-118.17,33.94,4.6389,0,0
-118.17,33.95,1.9107,0,0
-118.17,33.92,4.3667,0,0
-118.17,33.92,3.1528,0,0
-118.16,33.92,3.5938,0,0
-118.16,33.91,2.9643,0,0
-118.17,33.91,3.1087,0,0
-118.18,33.92,3.2734,0,0
-118.18,33.92,2.4583,0,0
-118.19,33.92,2.0785,0,0
-118.18,33.93,2.1641,0,0
-118.18,33.93,2.4297,0,0
-118.19,33.93,3.4712,0,0
-118.19,33.93,3.1912,0,0
-118.2,33.93,3.4402,0,0
-118.19,33.93,3.1667,0,0
-118.19,33.92,3.0987,0,0
-118.2,33.92,3.0871,0,0
-118.2,33.93,3.5313,0,0
-118.21,33.94,2.1903,0,0
-118.21,33.94,2.7734,0,0
-118.21,33.93,1.9668,0,0
-118.2,33.93,2.1715,0,0
-118.21,33.93,2.2847,0,0
-118.2,33.93,2.6339,0,0
-118.2,33.93,2.5185,0,0
-118.21,33.93,2.6953,0,0
-118.21,33.93,2.7679,0,0
-118.22,33.93,3.0167,0,0
-118.22,33.94,2.5938,0,0
-118.23,33.93,1.4861,0,0
-118.23,33.93,2.0658,0,0
-118.22,33.93,2.1964,0,0
-118.21,33.93,2.5083,0,0
-118.21,33.92,2.5833,0,0
-118.21,33.92,3.0417,0,0
-118.21,33.92,1.9026,0,0
-118.22,33.92,3.4539,0,0
-118.23,33.93,1.4028,0,0
-118.23,33.93,1.7411,0,0
-118.23,33.92,1.2222,0,0
-118.24,33.93,2.75,0,0
-118.24,33.92,2.4464,0,0
-118.24,33.92,2.2411,0,0
-118.25,33.93,2.85,0,0
-118.25,33.93,3.2917,0,0
-118.25,33.93,2.0486,0,0
-118.25,33.92,2.0893,0,0
-118.25,33.92,2.5363,0,0
-118.25,33.92,2.0,0,0
-118.26,33.92,1.9809,0,0
-118.26,33.91,2.8859,0,0
-118.27,33.92,1.9185,0,0
-118.27,33.92,2.745,0,0
-118.28,33.92,3.0,0,0
-118.28,33.92,3.055,0,0
-118.27,33.91,2.625,0,0
-118.27,33.91,2.7269,0,0
-118.27,33.91,1.1705,0,0
-118.27,33.89,4.4659,0,0
-118.27,33.87,4.2768,0,0
-118.25,33.9,2.4271,0,0
-118.26,33.9,4.0234,0,0
-118.26,33.9,2.0096,0,0
-118.25,33.92,4.1042,0,0
-118.25,33.91,3.1111,0,0
-118.25,33.9,2.5521,0,0
-118.25,33.91,3.4917,0,0
-118.26,33.91,2.4375,0,0
-118.26,33.91,2.5882,0,0
-118.26,33.91,1.9038,0,0
-118.24,33.91,1.4688,0,0
-118.24,33.91,1.875,0,0
-118.24,33.91,2.7083,0,0
-118.24,33.91,1.7158,0,0
-118.24,33.92,3.2768,0,0
-118.23,33.92,1.1793,0,0
-118.23,33.91,2.1734,0,0
-118.23,33.91,2.5893,0,0
-118.23,33.91,3.119,0,0
-118.23,33.91,3.0341,0,0
-118.22,33.92,1.9957,0,0
-118.22,33.91,2.6154,0,0
-118.23,33.91,2.0804,0,0
-118.23,33.92,1.6437,0,0
-118.22,33.92,2.1366,0,0
-118.21,33.91,2.6429,0,0
-118.21,33.91,1.7824,0,0
-118.22,33.9,3.6607,0,0
-118.22,33.91,1.5161,0,0
-118.2,33.9,2.12,0,0
-118.21,33.9,2.0817,0,0
-118.21,33.9,1.9583,0,0
-118.22,33.9,1.4091,0,0
-118.22,33.9,1.7262,0,0
-118.2,33.92,3.6719,0,0
-118.2,33.92,3.2798,0,0
-118.2,33.92,3.1538,0,0
-118.21,33.91,2.7109,0,0
-118.21,33.92,3.2976,0,0
-118.21,33.92,3.1964,0,0
-118.18,33.91,3.0134,0,0
-118.18,33.91,2.0625,0,0
-118.19,33.91,2.6354,0,0
-118.19,33.91,2.7708,0,0
-118.19,33.92,3.305,0,0
-118.19,33.91,2.0134,0,0
-118.2,33.91,3.5878,0,0
-118.2,33.9,2.7813,0,0
-118.2,33.91,2.8793,0,0
-118.19,33.9,2.3214,0,0
-118.19,33.9,2.5719,0,0
-118.19,33.9,1.9952,0,0
-118.19,33.89,2.1071,0,0
-118.19,33.89,2.0357,0,0
-118.2,33.89,2.5321,0,0
-118.2,33.9,2.2125,0,0
-118.19,33.89,2.9293,0,0
-118.2,33.89,2.7212,0,0
-118.21,33.89,4.3646,0,0
-118.21,33.89,2.7443,0,0
-118.21,33.89,2.2125,0,0
-118.21,33.9,3.1189,0,0
-118.21,33.89,3.4792,0,0
-118.21,33.88,3.4485,0,0
-118.21,33.88,2.1782,0,0
-118.22,33.89,2.1211,0,0
-118.22,33.89,2.125,0,0
-118.22,33.89,2.7434,0,0
-118.22,33.89,2.25,0,0
-118.23,33.89,2.1389,0,0
-118.24,33.89,2.6165,0,0
-118.22,33.91,2.7426,0,0
-118.22,33.9,1.9423,0,0
-118.22,33.9,2.3542,0,0
-118.23,33.9,1.8095,0,0
-118.23,33.9,1.641,0,0
-118.23,33.9,2.4706,0,0
-118.23,33.9,3.4107,0,0
-118.24,33.9,2.3382,0,0
-118.24,33.9,2.375,0,0
-118.24,33.9,1.2083,0,0
-118.25,33.9,1.9605,0,0
-118.24,33.9,2.8269,0,0
-118.25,33.9,3.3804,0,0
-118.25,33.89,2.4537,0,0
-118.24,33.89,2.1838,0,0
-118.25,33.89,2.4632,0,0
-118.25,33.89,3.9,0,0
-118.25,33.89,2.6812,0,0
-118.26,33.89,2.8493,0,0
-118.26,33.89,3.5687,0,0
-118.24,33.88,2.4821,0,0
-118.25,33.88,2.2121,0,0
-118.25,33.89,2.9643,0,0
-118.25,33.89,3.3095,0,0
-118.26,33.88,3.2375,0,0
-118.26,33.88,3.0972,0,0
-118.26,33.88,5.5591,0,0
-118.22,33.88,2.125,0,0
-118.22,33.88,1.6574,0,0
-118.23,33.89,2.1949,0,0
-118.23,33.88,2.6719,0,0
-118.23,33.88,3.0417,0,0
-118.23,33.89,3.1667,0,0
-118.22,33.86,5.1948,0,0
-118.24,33.85,5.9684,0,0
-118.23,33.84,5.3307,0,0
-118.24,33.83,4.8438,0,0
-118.25,33.84,3.8125,0,0
-118.25,33.87,4.25,0,0
-118.25,33.86,6.0531,0,0
-118.26,33.85,5.293,0,0
-118.26,33.85,5.542,0,0
-118.27,33.86,4.3527,0,0
-118.27,33.86,3.7466,0,0
-118.27,33.86,6.5799,0,0
-118.28,33.85,5.144,0,0
-118.28,33.84,3.8633,0,0
-118.28,33.83,3.4712,0,0
-118.29,33.84,3.5094,0,0
-118.29,33.84,3.5,0,0
-118.29,33.84,5.061,0,0
-118.29,33.84,4.7393,0,0
-118.29,33.83,4.1378,0,0
-118.28,33.82,4.174,0,0
-118.29,33.82,3.4375,0,0
-118.29,33.81,5.0532,0,0
-118.29,33.8,4.526,0,0
-118.28,33.82,5.3849,0,0
-118.28,33.81,5.2034,0,0
-118.27,33.82,4.4015,0,0
-118.27,33.82,4.3687,0,0
-118.27,33.82,5.2287,0,0
-118.27,33.81,3.9286,0,0
-118.27,33.81,3.8621,0,0
-118.27,33.81,4.4821,0,0
-118.27,33.82,4.25,0,0
-118.27,33.8,4.8508,0,0
-118.27,33.84,3.9227,0,0
-118.28,33.83,4.5469,0,0
-118.27,33.83,4.35,0,0
-118.27,33.83,3.1667,0,0
-118.26,33.83,3.5518,0,0
-118.27,33.82,4.1292,0,0
-118.26,33.82,3.6477,0,0
-118.26,33.83,4.4539,0,0
-118.21,33.84,3.4583,0,0
-118.22,33.84,4.0219,0,0
-118.22,33.84,4.0687,0,0
-118.22,33.83,4.4474,0,0
-118.22,33.83,3.9091,0,0
-118.22,33.83,3.7083,0,0
-118.21,33.83,2.8837,0,0
-118.07,33.93,4.125,0,0
-118.08,33.93,3.7143,0,0
-118.08,33.93,3.525,0,0
-118.08,33.92,3.6908,0,0
-118.08,33.92,4.5382,0,0
-118.07,33.92,3.622,0,0
-118.08,33.92,3.7238,0,0
-118.08,33.93,3.5556,0,0
-118.08,33.93,3.2188,0,0
-118.09,33.92,4.6976,0,0
-118.09,33.92,4.8542,0,0
-118.09,33.92,4.5699,0,0
-118.09,33.92,5.3146,0,0
-118.09,33.92,3.5455,0,0
-118.09,33.93,4.1449,0,0
-118.1,33.92,4.0774,0,0
-118.1,33.93,4.375,0,0
-118.1,33.93,3.1397,0,0
-118.11,33.92,4.3,0,0
-118.11,33.92,4.1767,0,0
-118.1,33.94,3.1607,0,0
-118.1,33.93,4.5769,0,0
-118.1,33.95,3.7308,0,0
-118.1,33.95,4.5694,0,0
-118.11,33.95,4.8036,0,0
-118.1,33.94,6.1814,0,0
-118.11,33.95,6.4319,0,0
-118.11,33.95,6.7501,0,0
-118.12,33.97,3.183,0,0
-118.12,33.96,4.625,0,0
-118.11,33.96,4.3882,0,0
-118.12,33.95,5.752,0,0
-118.12,33.96,6.0723,0,0
-118.12,33.96,4.4125,0,0
-118.12,33.96,4.8523,0,0
-118.12,33.97,3.2,0,0
-118.13,33.97,4.6992,0,0
-118.13,33.96,4.4732,0,0
-118.13,33.96,4.0,0,0
-118.14,33.96,4.0536,0,0
-118.13,33.96,4.5625,0,0
-118.13,33.97,5.4042,0,0
-118.13,33.95,3.9036,0,0
-118.14,33.95,6.7744,0,0
-118.14,33.95,6.8564,0,0
-118.14,33.95,5.2015,0,0
-118.14,33.95,3.6635,0,0
-118.15,33.96,3.1083,0,0
-118.15,33.95,4.0,0,0
-118.12,33.95,5.0526,0,0
-118.12,33.94,5.2485,0,0
-118.12,33.94,2.7317,0,0
-118.13,33.94,3.5481,0,0
-118.13,33.95,3.1104,0,0
-118.11,33.93,3.8427,0,0
-118.11,33.94,4.4375,0,0
-118.11,33.94,5.0258,0,0
-118.12,33.94,3.3292,0,0
-118.12,33.94,4.675,0,0
-118.11,33.94,5.1587,0,0
-118.11,33.93,3.2011,0,0
-118.12,33.92,2.5893,0,0
-118.12,33.93,3.0909,0,0
-118.13,33.92,2.4925,0,0
-118.13,33.93,3.5227,0,0
-118.13,33.92,4.1786,0,0
-118.14,33.92,3.2237,0,0
-118.14,33.93,3.3681,0,0
-118.14,33.93,4.4279,0,0
-118.15,33.93,4.6583,0,0
-118.13,33.93,3.1496,0,0
-118.13,33.93,2.6862,0,0
-118.14,33.94,2.9205,0,0
-118.14,33.94,4.0039,0,0
-118.15,33.94,4.2594,0,0
-118.15,33.94,3.3289,0,0
-118.15,33.95,2.7875,0,0
-118.16,33.94,3.6936,0,0
-118.15,33.93,3.7614,0,0
-118.16,33.94,3.9352,0,0
-118.15,33.93,4.9808,0,0
-118.15,33.93,3.3411,0,0
-118.16,33.92,4.4881,0,0
-118.14,33.92,3.9327,0,0
-118.15,33.92,4.375,0,0
-118.15,33.92,4.3194,0,0
-118.15,33.92,2.5875,0,0
-118.15,33.92,2.5208,0,0
-118.11,33.91,3.1369,0,0
-118.12,33.91,4.6389,0,0
-118.12,33.91,3.7917,0,0
-118.12,33.91,3.6917,0,0
-118.13,33.91,4.9375,0,0
-118.13,33.91,4.9107,0,0
-118.14,33.91,4.475,0,0
-118.14,33.91,3.0465,0,0
-118.1,33.91,4.875,0,0
-118.1,33.91,4.2679,0,0
-118.1,33.91,3.6389,0,0
-118.1,33.9,4.7813,0,0
-118.11,33.91,4.9609,0,0
-118.11,33.91,4.0878,0,0
-118.1,33.91,2.6397,0,0
-118.09,33.91,3.7969,0,0
-118.09,33.91,3.4211,0,0
-118.09,33.91,4.0517,0,0
-118.09,33.92,3.7383,0,0
-118.1,33.91,4.9732,0,0
-118.08,33.91,5.1187,0,0
-118.08,33.91,0.9946,0,0
-118.09,33.9,3.7604,0,0
-118.09,33.9,4.2132,0,0
-118.1,33.91,3.2708,0,0
-118.08,33.91,2.8608,0,0
-118.07,33.91,3.1957,0,0
-118.08,33.91,2.895,0,0
-118.06,33.91,4.1387,0,0
-118.06,33.91,3.2031,0,0
-118.06,33.91,4.6731,0,0
-118.07,33.91,4.023,0,0
-118.05,33.9,1.875,0,0
-118.05,33.9,3.1897,0,0
-118.06,33.9,4.4167,0,0
-118.06,33.89,5.1104,0,0
-118.07,33.89,4.537,0,0
-118.07,33.89,3.0777,0,0
-118.07,33.89,3.125,0,0
-118.08,33.89,3.0357,0,0
-118.08,33.89,3.1917,0,0
-118.08,33.89,3.2857,0,0
-118.07,33.9,3.8846,0,0
-118.07,33.9,3.8672,0,0
-118.07,33.9,4.6406,0,0
-118.08,33.9,4.2083,0,0
-118.08,33.9,3.558,0,0
-118.09,33.9,4.0461,0,0
-118.09,33.9,3.1441,0,0
-118.1,33.9,4.325,0,0
-118.1,33.9,4.4167,0,0
-118.08,33.89,3.7321,0,0
-118.09,33.89,3.6875,0,0
-118.09,33.89,4.0926,0,0
-118.09,33.89,3.099,0,0
-118.1,33.89,4.4934,0,0
-118.1,33.9,4.75,0,0
-118.1,33.9,3.6,0,0
-118.1,33.89,4.7159,0,0
-118.1,33.89,3.5865,0,0
-118.11,33.9,4.4896,0,0
-118.11,33.9,3.5052,0,0
-118.11,33.89,4.375,0,0
-118.11,33.88,3.5893,0,0
-118.11,33.89,3.2069,0,0
-118.11,33.9,5.0753,0,0
-118.11,33.9,5.1423,0,0
-118.11,33.91,3.8824,0,0
-118.12,33.91,3.5772,0,0
-118.12,33.91,3.0,0,0
-118.13,33.9,4.7663,0,0
-118.13,33.91,4.4948,0,0
-118.14,33.91,4.375,0,0
-118.14,33.9,3.5972,0,0
-118.14,33.91,3.0703,0,0
-118.14,33.91,3.1204,0,0
-118.15,33.91,4.0313,0,0
-118.15,33.91,2.9643,0,0
-118.15,33.9,2.809,0,0
-118.16,33.9,2.7339,0,0
-118.16,33.91,2.9531,0,0
-118.16,33.91,3.0967,0,0
-118.15,33.91,3.3182,0,0
-118.15,33.91,2.3456,0,0
-118.16,33.91,3.1507,0,0
-118.17,33.9,2.8681,0,0
-118.17,33.91,3.8,0,0
-118.17,33.91,3.9333,0,0
-118.18,33.9,2.4333,0,0
-118.18,33.9,3.5461,0,0
-118.18,33.9,2.7292,0,0
-118.18,33.9,3.0909,0,0
-118.18,33.9,3.1012,0,0
-118.16,33.89,2.1859,0,0
-118.16,33.89,1.7344,0,0
-118.17,33.89,7.2423,0,0
-118.17,33.89,2.6328,0,0
-118.18,33.89,2.6742,0,0
-118.15,33.89,3.274,0,0
-118.15,33.88,2.52,0,0
-118.15,33.89,3.407,0,0
-118.16,33.89,3.2813,0,0
-118.16,33.88,2.9779,0,0
-118.13,33.9,3.4868,0,0
-118.13,33.89,2.8906,0,0
-118.14,33.89,2.9292,0,0
-118.13,33.89,5.0395,0,0
-118.13,33.9,3.625,0,0
-118.14,33.9,3.3375,0,0
-118.13,33.9,3.9038,0,0
-118.12,33.9,2.9375,0,0
-118.12,33.89,2.9293,0,0
-118.12,33.89,2.5432,0,0
-118.12,33.9,4.125,0,0
-118.12,33.88,2.6184,0,0
-118.12,33.88,3.1923,0,0
-118.13,33.88,2.2027,0,0
-118.13,33.89,2.7121,0,0
-118.14,33.89,4.9107,0,0
-118.14,33.89,4.5735,0,0
-118.14,33.88,4.0507,0,0
-118.14,33.89,4.1708,0,0
-118.14,33.88,4.3646,0,0
-118.14,33.88,2.6641,0,0
-118.15,33.87,3.3713,0,0
-118.11,33.88,4.0911,0,0
-118.11,33.87,4.6713,0,0
-118.11,33.87,5.0417,0,0
-118.12,33.87,2.5057,0,0
-118.12,33.88,3.0795,0,0
-118.13,33.88,3.5278,0,0
-118.13,33.87,3.3304,0,0
-118.14,33.87,3.0989,0,0
-118.04,33.88,5.7619,0,0
-118.04,33.87,6.299,0,0
-118.06,33.88,6.5901,0,0
-118.05,33.87,5.8855,0,0
-118.07,33.88,5.748,0,0
-118.07,33.88,4.2619,0,0
-118.07,33.88,6.1968,0,0
-118.07,33.87,5.7652,0,0
-118.08,33.86,5.8733,0,0
-118.08,33.85,6.2427,0,0
-118.07,33.86,5.6818,0,0
-118.07,33.85,7.0113,0,0
-118.06,33.86,5.0778,0,0
-118.05,33.86,5.4089,0,0
-118.03,33.87,5.93,0,0
-118.04,33.87,5.6917,0,0
-118.04,33.86,7.2628,0,0
-118.05,33.86,6.5513,0,0
-118.06,33.85,6.0142,0,0
-118.1,33.88,6.5515,0,0
-118.1,33.86,4.3397,0,0
-118.09,33.85,6.3093,0,0
-118.1,33.85,5.7039,0,0
-118.08,33.88,3.6417,0,0
-118.09,33.88,3.8654,0,0
-118.07,33.89,3.5562,0,0
-118.08,33.89,4.0,0,0
-118.08,33.88,3.825,0,0
-118.08,33.88,3.2639,0,0
-118.08,33.88,5.1645,0,0
-118.08,33.87,4.1406,0,0
-118.07,33.87,3.6339,0,0
-118.09,33.87,3.9837,0,0
-118.07,33.86,3.7091,0,0
-118.07,33.86,3.425,0,0
-118.08,33.86,3.2679,0,0
-118.08,33.86,3.5268,0,0
-118.08,33.86,3.3333,0,0
-118.08,33.84,3.625,0,0
-118.08,33.84,4.8448,0,0
-118.09,33.84,4.54,0,0
-118.09,33.84,4.7917,0,0
-118.08,33.85,6.0,0,0
-118.08,33.84,3.7961,0,0
-118.08,33.84,3.3438,0,0
-118.06,33.84,4.7953,0,0
-118.06,33.84,4.0542,0,0
-118.07,33.82,5.7965,0,0
-118.08,33.82,6.2519,0,0
-118.08,33.83,2.7759,0,0
-118.08,33.82,2.8095,0,0
-118.07,33.83,2.5978,0,0
-118.11,33.86,5.3889,0,0
-118.11,33.86,4.2,0,0
-118.12,33.86,4.3194,0,0
-118.12,33.87,3.0405,0,0
-118.13,33.87,4.6765,0,0
-118.13,33.86,4.4,0,0
-118.13,33.86,3.5833,0,0
-118.14,33.87,4.3942,0,0
-118.14,33.86,5.0,0,0
-118.14,33.86,4.625,0,0
-118.14,33.86,4.8667,0,0
-118.14,33.87,5.084,0,0
-118.15,33.86,4.8942,0,0
-118.15,33.86,4.4934,0,0
-118.16,33.88,3.0114,0,0
-118.15,33.87,3.0685,0,0
-118.16,33.87,2.6406,0,0
-118.16,33.88,1.9903,0,0
-118.17,33.88,3.0052,0,0
-118.17,33.88,3.0893,0,0
-118.18,33.88,4.625,0,0
-118.18,33.88,4.7361,0,0
-118.18,33.88,3.1713,0,0
-118.19,33.87,2.5417,0,0
-118.19,33.87,2.875,0,0
-118.19,33.86,3.7031,0,0
-118.19,33.86,3.4375,0,0
-118.19,33.86,2.7045,0,0
-118.19,33.86,2.2381,0,0
-118.19,33.86,3.1215,0,0
-118.2,33.86,2.6465,0,0
-118.19,33.87,3.6987,0,0
-118.2,33.88,4.2083,0,0
-118.2,33.88,3.2368,0,0
-118.21,33.88,2.0125,0,0
-118.21,33.88,3.225,0,0
-118.2,33.87,2.525,0,0
-118.2,33.87,3.9469,0,0
-118.2,33.87,4.2135,0,0
-118.17,33.87,3.5646,0,0
-118.17,33.86,3.025,0,0
-118.17,33.87,3.0319,0,0
-118.17,33.87,3.765,0,0
-118.17,33.87,2.9803,0,0
-118.18,33.87,3.4408,0,0
-118.18,33.87,4.0658,0,0
-118.18,33.87,3.7527,0,0
-118.16,33.86,2.5068,0,0
-118.17,33.86,2.9886,0,0
-118.17,33.85,3.07,0,0
-118.18,33.85,3.6897,0,0
-118.18,33.86,3.6719,0,0
-118.18,33.86,2.375,0,0
-118.17,33.86,2.3804,0,0
-118.14,33.86,4.2062,0,0
-118.15,33.85,2.7268,0,0
-118.15,33.85,4.1439,0,0
-118.15,33.85,4.0781,0,0
-118.15,33.86,2.4659,0,0
-118.16,33.85,4.0714,0,0
-118.16,33.85,4.0815,0,0
-118.13,33.86,5.1805,0,0
-118.13,33.85,4.6019,0,0
-118.13,33.85,3.55,0,0
-118.14,33.86,4.8571,0,0
-118.14,33.86,5.0106,0,0
-118.1,33.85,5.2639,0,0
-118.1,33.85,5.9493,0,0
-118.1,33.85,4.6429,0,0
-118.11,33.85,4.125,0,0
-118.11,33.85,4.8393,0,0
-118.11,33.86,4.9904,0,0
-118.12,33.86,4.8516,0,0
-118.12,33.85,4.3661,0,0
-118.12,33.85,4.6908,0,0
-118.1,33.84,5.296,0,0
-118.1,33.84,4.7222,0,0
-118.1,33.83,4.0603,0,0
-118.11,33.83,5.5767,0,0
-118.1,33.84,4.5417,0,0
-118.1,33.84,5.1836,0,0
-118.1,33.84,3.7813,0,0
-118.11,33.84,4.8594,0,0
-118.11,33.84,5.5581,0,0
-118.12,33.84,4.4423,0,0
-118.12,33.84,5.0719,0,0
-118.11,33.84,4.625,0,0
-118.11,33.84,4.875,0,0
-118.11,33.83,4.2703,0,0
-118.12,33.83,4.3594,0,0
-118.12,33.84,4.1094,0,0
-118.11,33.84,4.8438,0,0
-118.13,33.84,3.5465,0,0
-118.13,33.84,4.2841,0,0
-118.13,33.83,4.2917,0,0
-118.14,33.84,3.2024,0,0
-118.13,33.84,6.3364,0,0
-118.14,33.84,4.575,0,0
-118.14,33.84,4.4286,0,0
-118.14,33.84,4.933,0,0
-118.15,33.84,7.6526,0,0
-118.15,33.84,4.8013,0,0
-118.15,33.84,3.75,0,0
-118.16,33.84,4.1538,0,0
-118.16,33.84,3.6447,0,0
-118.16,33.84,3.8646,0,0
-118.16,33.84,5.0719,0,0
-118.17,33.85,4.2218,0,0
-118.17,33.84,3.4605,0,0
-118.17,33.84,2.726,0,0
-118.17,33.84,5.0787,0,0
-118.17,33.83,4.1023,0,0
-118.18,33.85,3.975,0,0
-118.18,33.84,2.9798,0,0
-118.19,33.84,4.1771,0,0
-118.19,33.84,2.25,0,0
-118.18,33.85,0.7007,0,0
-118.18,33.85,3.8819,0,0
-118.19,33.85,2.2417,0,0
-118.19,33.85,3.8026,0,0
-118.19,33.85,3.2798,0,0
-118.2,33.85,2.3041,0,0
-118.2,33.85,2.4844,0,0
-118.2,33.84,2.7813,0,0
-118.2,33.83,7.2096,0,0
-118.19,33.83,6.4468,0,0
-118.19,33.83,4.9,0,0
-118.17,33.83,4.8693,0,0
-118.17,33.83,4.3125,0,0
-118.18,33.83,5.0052,0,0
-118.18,33.83,4.2411,0,0
-118.18,33.83,3.3125,0,0
-118.18,33.84,3.835,0,0
-118.17,33.82,5.5106,0,0
-118.17,33.82,4.1354,0,0
-118.18,33.83,4.1301,0,0
-118.18,33.82,3.7895,0,0
-118.18,33.82,4.25,0,0
-118.19,33.83,3.5871,0,0
-118.19,33.82,3.5521,0,0
-118.2,33.82,4.6042,0,0
-118.2,33.82,5.2606,0,0
-118.19,33.82,4.6364,0,0
-118.19,33.81,4.4559,0,0
-118.2,33.81,4.95,0,0
-118.2,33.82,2.4286,0,0
-118.19,33.81,2.5833,0,0
-118.2,33.81,3.4808,0,0
-118.2,33.81,4.6458,0,0
-118.2,33.81,5.3096,0,0
-118.21,33.82,2.8438,0,0
-118.21,33.81,3.3214,0,0
-118.21,33.81,3.0882,0,0
-118.21,33.82,3.5054,0,0
-118.22,33.82,3.6086,0,0
-118.21,33.82,4.9562,0,0
-118.21,33.82,4.3424,0,0
-118.22,33.82,1.9311,0,0
-118.21,33.81,3.6923,0,0
-118.21,33.81,3.8586,0,0
-118.22,33.81,3.3988,0,0
-118.22,33.81,3.7885,0,0
-118.21,33.8,2.7308,0,0
-118.21,33.8,3.2778,0,0
-118.22,33.8,3.7708,0,0
-118.22,33.8,3.875,0,0
-118.22,33.79,2.3,0,0
-118.21,33.79,2.3605,0,0
-118.21,33.79,2.1397,0,0
-118.21,33.8,4.25,0,0
-118.19,33.8,1.9848,0,0
-118.19,33.79,1.8109,0,0
-118.2,33.79,2.9514,0,0
-118.2,33.79,2.7183,0,0
-118.2,33.79,3.0135,0,0
-118.2,33.8,2.8988,0,0
-118.19,33.8,2.9943,0,0
-118.2,33.8,2.5012,0,0
-118.2,33.8,3.9792,0,0
-118.2,33.8,4.0074,0,0
-118.18,33.8,2.0579,0,0
-118.19,33.8,2.1985,0,0
-118.18,33.79,1.6384,0,0
-118.19,33.79,1.7938,0,0
-118.19,33.79,1.6792,0,0
-118.18,33.8,1.7689,0,0
-118.17,33.79,1.55,0,0
-118.18,33.82,3.5,0,0
-118.18,33.81,1.75,0,0
-118.16,33.8,5.1806,0,0
-118.16,33.79,3.233,0,0
-118.17,33.8,3.5313,0,0
-118.18,33.8,3.0513,0,0
-118.12,33.83,5.0424,0,0
-118.12,33.83,4.8917,0,0
-118.12,33.82,4.1375,0,0
-118.12,33.82,3.2794,0,0
-118.13,33.82,5.5449,0,0
-118.13,33.82,4.3056,0,0
-118.13,33.83,5.5196,0,0
-118.1,33.83,4.875,0,0
-118.11,33.83,5.1171,0,0
-118.11,33.82,3.8162,0,0
-118.11,33.82,4.6875,0,0
-118.11,33.83,4.4196,0,0
-118.11,33.83,4.918,0,0
-118.09,33.83,5.9265,0,0
-118.1,33.82,4.8462,0,0
-118.1,33.82,5.2713,0,0
-118.1,33.83,5.3735,0,0
-118.08,33.81,7.6084,0,0
-118.09,33.82,5.2299,0,0
-118.09,33.81,7.1937,0,0
-118.1,33.81,3.7031,0,0
-118.1,33.81,5.1993,0,0
-118.11,33.81,3.9722,0,0
-118.11,33.82,4.3203,0,0
-118.1,33.82,5.2155,0,0
-118.11,33.82,4.375,0,0
-118.12,33.81,4.6087,0,0
-118.12,33.81,4.2143,0,0
-118.13,33.81,4.7845,0,0
-118.13,33.81,4.325,0,0
-118.13,33.82,5.1795,0,0
-118.13,33.82,3.7321,0,0
-118.13,33.81,5.395,0,0
-118.13,33.81,4.6473,0,0
-118.13,33.8,4.3438,0,0
-118.13,33.8,4.4312,0,0
-118.13,33.8,4.0893,0,0
-118.15,33.8,3.1042,0,0
-118.12,33.81,5.0447,0,0
-118.12,33.81,4.6875,0,0
-118.12,33.8,2.7092,0,0
-118.12,33.8,5.3701,0,0
-118.11,33.8,4.3897,0,0
-118.11,33.79,5.587,0,0
-118.11,33.79,5.7942,0,0
-118.09,33.81,5.0795,0,0
-118.09,33.8,4.4831,0,0
-118.11,33.8,4.66,0,0
-118.11,33.8,5.4602,0,0
-118.11,33.81,6.2187,0,0
-118.1,33.81,5.62,0,0
-118.1,33.8,5.0574,0,0
-118.09,33.79,5.8491,0,0
-118.1,33.78,5.7389,0,0
-118.1,33.79,5.7368,0,0
-118.1,33.79,5.1805,0,0
-118.11,33.78,7.9767,0,0
-118.13,33.79,4.6133,0,0
-118.13,33.78,3.7232,0,0
-118.13,33.79,5.3441,0,0
-118.12,33.79,4.3317,0,0
-118.12,33.79,4.1687,0,0
-118.13,33.79,5.0072,0,0
-118.13,33.79,4.375,0,0
-118.14,33.79,4.6452,0,0
-118.13,33.79,3.7716,0,0
-118.14,33.8,3.4211,0,0
-118.15,33.79,3.7826,0,0
-118.14,33.79,3.4833,0,0
-118.14,33.79,3.1711,0,0
-118.14,33.78,3.108,0,0
-118.15,33.79,3.0453,0,0
-118.15,33.78,2.0875,0,0
-118.16,33.78,1.9808,0,0
-118.16,33.78,2.0156,0,0
-118.16,33.79,2.4,0,0
-118.16,33.79,2.875,0,0
-118.17,33.79,2.375,0,0
-118.17,33.79,1.9318,0,0
-118.18,33.78,1.2746,0,0
-118.18,33.79,2.0186,0,0
-118.17,33.79,1.7589,0,0
-118.18,33.79,1.2206,0,0
-118.19,33.78,2.2543,0,0
-118.19,33.79,2.137,0,0
-118.19,33.79,1.9387,0,0
-118.19,33.78,2.8533,0,0
-118.2,33.79,2.0675,0,0
-118.21,33.79,4.5938,0,0
-118.21,33.79,2.1964,0,0
-118.22,33.79,1.7,0,0
-118.23,33.76,5.0,0,0
-118.19,33.78,1.3274,0,0
-118.19,33.78,0.9318,0,0
-118.2,33.78,1.7064,0,0
-118.2,33.78,1.9872,0,0
-118.2,33.78,2.3305,0,0
-118.19,33.77,1.2321,0,0
-118.2,33.77,1.2864,0,0
-118.2,33.77,1.5076,0,0
-118.2,33.77,1.9797,0,0
-118.2,33.77,2.2344,0,0
-118.2,33.77,2.7813,0,0
-118.2,33.77,2.225,0,0
-118.18,33.77,1.5,0,0
-118.19,33.76,4.6629,0,0
-118.19,33.77,1.4048,0,0
-118.18,33.77,1.5536,0,0
-118.18,33.77,1.1483,0,0
-118.19,33.77,1.6178,0,0
-118.19,33.77,1.0714,0,0
-118.18,33.78,1.4565,0,0
-118.18,33.78,2.0769,0,0
-118.18,33.78,1.5603,0,0
-118.19,33.78,1.5844,0,0
-118.19,33.78,2.5544,0,0
-118.19,33.78,1.8438,0,0
-118.19,33.78,1.8036,0,0
-118.17,33.78,1.7393,0,0
-118.17,33.78,1.9647,0,0
-118.18,33.78,1.7701,0,0
-118.17,33.78,1.918,0,0
-118.17,33.77,2.2538,0,0
-118.17,33.77,2.6786,0,0
-118.17,33.77,2.346,0,0
-118.17,33.77,2.1378,0,0
-118.17,33.77,2.2808,0,0
-118.18,33.77,1.1295,0,0
-118.18,33.77,2.6371,0,0
-118.17,33.77,2.675,0,0
-118.18,33.74,4.0968,0,0
-118.17,33.77,3.1149,0,0
-118.17,33.77,3.0153,0,0
-118.18,33.77,2.3523,0,0
-118.18,33.77,2.5726,0,0
-118.18,33.77,1.8388,0,0
-118.16,33.77,3.8125,0,0
-118.17,33.74,3.7838,0,0
-118.16,33.77,3.8984,0,0
-118.15,33.77,2.7212,0,0
-118.16,33.77,2.7614,0,0
-118.16,33.77,2.9384,0,0
-118.16,33.77,2.875,0,0
-118.17,33.77,3.0503,0,0
-118.16,33.78,2.127,0,0
-118.16,33.78,2.3317,0,0
-118.16,33.78,3.1739,0,0
-118.16,33.78,1.6955,0,0
-118.15,33.78,3.3003,0,0
-118.15,33.78,3.5812,0,0
-118.15,33.78,3.6193,0,0
-118.14,33.78,3.4107,0,0
-118.13,33.78,7.5,0,0
-118.14,33.77,3.2917,0,0
-118.14,33.77,3.875,0,0
-118.15,33.77,4.1765,0,0
-118.15,33.77,4.5,0,0
-118.15,33.77,3.5528,0,0
-118.14,33.76,3.901,0,0
-118.16,33.72,3.625,0,0
-118.15,33.76,3.5985,0,0
-118.15,33.77,3.5292,0,0
-118.13,33.76,4.5469,0,0
-118.13,33.76,4.25,0,0
-118.14,33.75,4.0795,0,0
-118.14,33.76,4.3889,0,0
-118.14,33.76,3.5214,0,0
-118.14,33.76,3.385,0,0
-118.14,33.77,5.8408,0,0
-118.14,33.76,4.7361,0,0
-118.13,33.76,4.7875,0,0
-118.13,33.76,3.9352,0,0
-118.12,33.76,3.7813,0,0
-118.12,33.75,7.3672,0,0
-118.12,33.76,7.0796,0,0
-118.12,33.75,3.9934,0,0
-118.14,33.71,5.1815,0,0
-118.1,33.76,5.6051,0,0
-118.11,33.77,5.1508,0,0
-118.12,33.77,6.0362,0,0
-118.12,33.77,10.2233,0,0
-118.13,33.77,4.6852,0,0
-118.13,33.77,5.3046,0,0
-118.32,33.35,2.1579,0,0
-118.33,33.34,2.8333,0,0
-118.32,33.33,3.3906,0,0
-118.32,33.34,2.7361,0,0
-118.48,33.43,2.6042,0,0
-118.29,33.96,1.554,0,0
-118.3,33.95,1.5078,0,0
-118.29,33.95,2.0,0,0
-118.3,33.95,1.2455,0,0
-118.3,33.95,2.2031,0,0
-118.3,33.95,1.5898,0,0
-118.29,33.94,1.5615,0,0
-118.3,33.94,2.5679,0,0
-118.3,33.94,2.0114,0,0
-118.29,33.94,1.6716,0,0
-118.29,33.93,1.7244,0,0
-118.3,33.93,1.2,0,0
-118.3,33.93,1.3962,0,0
-118.3,33.93,3.2024,0,0
-118.31,33.93,4.2917,0,0
-118.31,33.94,3.6583,0,0
-118.31,33.94,2.2448,0,0
-118.31,33.94,3.2206,0,0
-118.31,33.94,3.775,0,0
-118.31,33.93,5.5787,0,0
-118.31,33.93,4.9464,0,0
-118.32,33.94,4.5368,0,0
-118.32,33.93,4.25,0,0
-118.33,33.93,4.4091,0,0
-118.33,33.93,6.0718,0,0
-118.34,33.93,4.0625,0,0
-118.32,33.94,3.1563,0,0
-118.32,33.94,4.6389,0,0
-118.32,33.94,4.0536,0,0
-118.32,33.94,4.0,0,0
-118.33,33.94,1.9309,0,0
-118.32,33.96,5.5176,0,0
-118.32,33.95,3.1719,0,0
-118.33,33.96,4.2099,0,0
-118.32,33.95,4.6667,0,0
-118.32,33.95,5.0912,0,0
-118.34,33.95,5.4359,0,0
-118.32,33.97,2.7139,0,0
-118.32,33.96,3.8512,0,0
-118.32,33.96,3.3214,0,0
-118.32,33.97,4.3919,0,0
-118.34,33.97,5.5,0,0
-118.33,33.96,2.3,0,0
-118.33,33.96,2.0057,0,0
-118.35,33.97,2.0694,0,0
-118.35,33.97,2.2303,0,0
-118.35,33.97,3.2708,0,0
-118.35,33.97,2.6734,0,0
-118.35,33.98,3.1194,0,0
-118.35,33.98,3.745,0,0
-118.34,33.98,2.3882,0,0
-118.34,33.98,3.163,0,0
-118.34,33.98,3.7067,0,0
-118.35,33.97,3.8056,0,0
-118.35,33.96,1.2094,0,0
-118.35,33.96,3.1354,0,0
-118.35,33.95,2.681,0,0
-118.34,33.95,2.1587,0,0
-118.35,33.95,3.0519,0,0
-118.35,33.95,2.8892,0,0
-118.35,33.95,3.95,0,0
-118.36,33.95,3.7237,0,0
-118.36,33.96,2.7284,0,0
-118.36,33.96,2.8378,0,0
-118.36,33.96,2.5504,0,0
-118.36,33.95,2.6535,0,0
-118.36,33.98,4.4038,0,0
-118.36,33.98,5.057,0,0
-118.36,33.98,3.5833,0,0
-118.37,33.97,2.9646,0,0
-118.36,33.97,4.0179,0,0
-118.37,33.97,2.7464,0,0
-118.36,33.98,2.7712,0,0
-118.36,33.97,2.6823,0,0
-118.36,33.96,3.0393,0,0
-118.36,33.96,3.6583,0,0
-118.37,33.96,4.875,0,0
-118.37,33.95,2.2297,0,0
-118.36,33.95,4.1635,0,0
-118.36,33.95,2.875,0,0
-118.37,33.95,2.8438,0,0
-118.37,33.95,4.125,0,0
-118.36,33.94,3.3056,0,0
-118.36,33.94,2.3125,0,0
-118.37,33.94,2.3675,0,0
-118.36,33.93,2.68,0,0
-118.36,33.93,2.6298,0,0
-118.36,33.94,3.4063,0,0
-118.34,33.93,2.2679,0,0
-118.35,33.93,1.7344,0,0
-118.35,33.93,1.9766,0,0
-118.35,33.93,2.3375,0,0
-118.35,33.94,2.8462,0,0
-118.35,33.94,2.6654,0,0
-118.35,33.94,2.5547,0,0
-118.35,33.94,3.3125,0,0
-118.34,33.94,2.182,0,0
-118.34,33.94,2.4886,0,0
-118.33,33.93,3.2862,0,0
-118.34,33.93,2.8304,0,0
-118.34,33.93,2.2976,0,0
-118.34,33.93,3.0677,0,0
-118.35,33.93,3.01,0,0
-118.35,33.93,3.5139,0,0
-118.35,33.93,2.11,0,0
-118.36,33.93,3.1656,0,0
-118.34,33.92,3.3558,0,0
-118.35,33.92,2.75,0,0
-118.35,33.92,3.6167,0,0
-118.36,33.92,2.6667,0,0
-118.36,33.92,4.1023,0,0
-118.36,33.92,2.6375,0,0
-118.36,33.93,2.6961,0,0
-118.37,33.93,2.8958,0,0
-118.37,33.92,4.4722,0,0
-118.37,33.92,4.9688,0,0
-118.37,33.92,5.5255,0,0
-118.37,33.92,4.8611,0,0
-118.37,33.93,4.4861,0,0
-118.37,33.93,4.4474,0,0
-118.36,33.93,3.0132,0,0
-118.36,33.91,3.8,0,0
-118.36,33.91,4.3333,0,0
-118.36,33.9,4.74,0,0
-118.36,33.9,5.0452,0,0
-118.37,33.91,3.9355,0,0
-118.37,33.91,5.6704,0,0
-118.37,33.9,5.6482,0,0
-118.37,33.9,3.3409,0,0
-118.38,33.91,5.8374,0,0
-118.35,33.91,2.7813,0,0
-118.35,33.91,3.5234,0,0
-118.35,33.91,4.0775,0,0
-118.35,33.91,3.87,0,0
-118.35,33.91,2.8512,0,0
-118.35,33.9,3.0417,0,0
-118.35,33.91,4.3187,0,0
-118.35,33.91,4.8409,0,0
-118.35,33.91,3.825,0,0
-118.36,33.91,4.1,0,0
-118.35,33.9,3.9485,0,0
-118.36,33.9,3.5313,0,0
-118.33,33.92,3.267,0,0
-118.33,33.91,3.3491,0,0
-118.34,33.91,3.2649,0,0
-118.33,33.91,3.5903,0,0
-118.34,33.91,2.4741,0,0
-118.34,33.92,3.425,0,0
-118.34,33.91,2.6689,0,0
-118.33,33.91,2.455,0,0
-118.31,33.91,3.8173,0,0
-118.31,33.91,4.2596,0,0
-118.32,33.91,4.2083,0,0
-118.32,33.91,4.2,0,0
-118.32,33.91,3.6654,0,0
-118.32,33.91,4.5304,0,0
-118.32,33.91,5.7528,0,0
-118.32,33.9,3.6625,0,0
-118.31,33.92,4.8456,0,0
-118.31,33.93,5.0653,0,0
-118.32,33.93,4.9615,0,0
-118.32,33.92,4.8304,0,0
-118.29,33.93,2.0437,0,0
-118.29,33.92,3.692,0,0
-118.29,33.92,5.3292,0,0
-118.3,33.92,3.0139,0,0
-118.3,33.93,3.7969,0,0
-118.3,33.91,3.0147,0,0
-118.3,33.91,2.6182,0,0
-118.31,33.9,2.6312,0,0
-118.29,33.91,2.3043,0,0
-118.29,33.9,1.7714,0,0
-118.3,33.9,3.6,0,0
-118.3,33.9,3.4,0,0
-118.3,33.9,2.9559,0,0
-118.3,33.9,3.287,0,0
-118.3,33.89,3.0329,0,0
-118.3,33.89,3.285,0,0
-118.31,33.9,3.5417,0,0
-118.29,33.89,2.7428,0,0
-118.29,33.89,4.2171,0,0
-118.29,33.88,3.0739,0,0
-118.29,33.88,3.3281,0,0
-118.3,33.87,3.1597,0,0
-118.3,33.87,5.0641,0,0
-118.3,33.88,4.0536,0,0
-118.3,33.88,3.7375,0,0
-118.3,33.88,3.2574,0,0
-118.3,33.88,2.8445,0,0
-118.31,33.88,3.5644,0,0
-118.31,33.88,3.5556,0,0
-118.31,33.88,2.3812,0,0
-118.31,33.9,3.4792,0,0
-118.31,33.89,3.7639,0,0
-118.31,33.89,4.1458,0,0
-118.32,33.9,4.0473,0,0
-118.32,33.9,4.1344,0,0
-118.32,33.9,3.0526,0,0
-118.32,33.89,4.2813,0,0
-118.32,33.89,5.1669,0,0
-118.32,33.89,4.5053,0,0
-118.33,33.9,2.6091,0,0
-118.34,33.9,4.9779,0,0
-118.34,33.9,5.5133,0,0
-118.34,33.9,4.7426,0,0
-118.34,33.9,4.1776,0,0
-118.33,33.89,4.1953,0,0
-118.33,33.89,5.1874,0,0
-118.34,33.89,6.0088,0,0
-118.34,33.89,5.373,0,0
-118.35,33.9,2.8777,0,0
-118.35,33.9,3.4698,0,0
-118.35,33.9,4.875,0,0
-118.35,33.89,3.6486,0,0
-118.35,33.89,4.1552,0,0
-118.36,33.9,2.9551,0,0
-118.35,33.9,3.3971,0,0
-118.35,33.89,4.2829,0,0
-118.36,33.89,3.375,0,0
-118.36,33.89,5.3169,0,0
-118.36,33.9,4.0727,0,0
-118.36,33.89,3.1325,0,0
-118.36,33.88,4.2454,0,0
-118.36,33.88,2.65,0,0
-118.36,33.88,3.2049,0,0
-118.36,33.88,2.7981,0,0
-118.36,33.88,3.9844,0,0
-118.35,33.89,3.0833,0,0
-118.35,33.88,4.0737,0,0
-118.34,33.88,3.2589,0,0
-118.35,33.88,4.4,0,0
-118.35,33.88,3.2594,0,0
-118.35,33.88,3.35,0,0
-118.3,33.74,2.425,0,0
-118.3,33.74,3.9375,0,0
-118.39,33.92,5.25,0,0
-118.4,33.92,5.9499,0,0
-118.4,33.92,4.5987,0,0
-118.4,33.93,4.7319,0,0
-118.41,33.93,5.0596,0,0
-118.41,33.92,4.2333,0,0
-118.41,33.92,4.5729,0,0
-118.41,33.93,4.1818,0,0
-118.41,33.92,5.2338,0,0
-118.41,33.92,3.6389,0,0
-118.42,33.92,3.8086,0,0
-118.42,33.92,5.0594,0,0
-118.42,33.93,4.9286,0,0
-118.42,33.93,4.5743,0,0
-118.42,33.9,5.5347,0,0
-118.43,33.9,5.4088,0,0
-118.4,33.9,7.3151,0,0
-118.4,33.9,7.8924,0,0
-118.41,33.9,8.468,0,0
-118.41,33.9,7.5552,0,0
-118.44,33.88,6.6494,0,0
-118.42,33.9,5.308,0,0
-118.42,33.9,5.9596,0,0
-118.41,33.89,7.2316,0,0
-118.41,33.89,9.0812,0,0
-118.41,33.89,6.3861,0,0
-118.41,33.89,6.348,0,0
-118.41,33.89,5.0497,0,0
-118.4,33.9,7.9059,0,0
-118.4,33.89,6.6321,0,0
-118.4,33.89,7.9611,0,0
-118.4,33.89,8.1596,0,0
-118.39,33.9,8.2037,0,0
-118.38,33.89,6.5745,0,0
-118.39,33.89,6.3434,0,0
-118.39,33.89,7.3356,0,0
-118.39,33.89,7.1845,0,0
-118.36,33.89,5.0299,0,0
-118.36,33.88,4.4271,0,0
-118.37,33.88,4.4211,0,0
-118.37,33.88,5.5335,0,0
-118.38,33.88,5.2999,0,0
-118.37,33.89,5.6091,0,0
-118.37,33.88,5.9619,0,0
-118.36,33.88,4.7404,0,0
-118.36,33.87,4.9375,0,0
-118.37,33.87,6.02,0,0
-118.37,33.88,4.5357,0,0
-118.38,33.87,4.675,0,0
-118.38,33.88,5.5771,0,0
-118.37,33.88,4.4828,0,0
-118.36,33.87,3.9868,0,0
-118.36,33.87,3.4208,0,0
-118.37,33.87,5.0114,0,0
-118.37,33.87,3.5048,0,0
-118.36,33.86,5.5456,0,0
-118.36,33.86,5.0784,0,0
-118.36,33.86,5.543,0,0
-118.37,33.86,4.119,0,0
-118.37,33.87,6.5755,0,0
-118.38,33.87,4.9821,0,0
-118.38,33.87,5.7415,0,0
-118.38,33.87,5.8518,0,0
-118.39,33.87,7.521,0,0
-118.38,33.86,6.4242,0,0
-118.38,33.86,6.7613,0,0
-118.38,33.86,6.3021,0,0
-118.38,33.86,7.674,0,0
-118.38,33.87,6.9021,0,0
-118.38,33.88,4.8611,0,0
-118.38,33.88,5.0602,0,0
-118.39,33.88,7.6685,0,0
-118.39,33.88,6.077,0,0
-118.39,33.88,5.9683,0,0
-118.39,33.88,8.1513,0,0
-118.39,33.88,6.0441,0,0
-118.38,33.88,4.75,0,0
-118.4,33.88,7.2651,0,0
-118.4,33.88,9.3399,0,0
-118.4,33.88,7.5,0,0
-118.41,33.88,6.3403,0,0
-118.4,33.88,8.0015,0,0
-118.41,33.88,7.9614,0,0
-118.41,33.88,5.2533,0,0
-118.41,33.88,7.0842,0,0
-118.43,33.87,6.822,0,0
-118.4,33.87,5.2276,0,0
-118.39,33.87,5.9683,0,0
-118.43,33.86,7.1264,0,0
-118.4,33.88,6.2356,0,0
-118.4,33.87,6.435,0,0
-118.4,33.87,5.2319,0,0
-118.4,33.87,6.3231,0,0
-118.4,33.87,5.0976,0,0
-118.4,33.87,5.3816,0,0
-118.39,33.86,5.687,0,0
-118.39,33.86,6.1404,0,0
-118.39,33.86,4.8971,0,0
-118.4,33.86,5.1677,0,0
-118.4,33.85,5.6017,0,0
-118.4,33.86,4.7105,0,0
-118.42,33.85,5.0322,0,0
-118.38,33.85,4.9384,0,0
-118.38,33.85,5.5843,0,0
-118.39,33.85,5.7128,0,0
-118.41,33.85,4.425,0,0
-118.39,33.85,4.3594,0,0
-118.38,33.84,5.4968,0,0
-118.38,33.83,4.4615,0,0
-118.38,33.83,5.1626,0,0
-118.38,33.84,6.0382,0,0
-118.39,33.84,5.137,0,0
-118.43,33.83,5.145,0,0
-118.39,33.83,5.637,0,0
-118.39,33.82,4.5817,0,0
-118.43,33.82,4.6048,0,0
-118.37,33.82,4.5687,0,0
-118.38,33.82,5.1589,0,0
-118.38,33.82,6.0308,0,0
-118.38,33.83,4.5179,0,0
-118.31,33.88,2.4219,0,0
-118.32,33.87,5.3244,0,0
-118.32,33.88,4.3036,0,0
-118.32,33.88,5.5538,0,0
-118.32,33.88,6.4781,0,0
-118.33,33.88,3.1505,0,0
-118.33,33.88,3.2417,0,0
-118.33,33.87,3.9167,0,0
-118.34,33.87,3.6988,0,0
-118.34,33.88,3.8657,0,0
-118.31,33.87,4.7543,0,0
-118.31,33.86,6.6632,0,0
-118.32,33.86,4.6563,0,0
-118.32,33.87,5.6254,0,0
-118.34,33.87,4.6406,0,0
-118.33,33.87,4.2614,0,0
-118.33,33.87,6.4891,0,0
-118.32,33.86,6.4391,0,0
-118.33,33.86,6.0335,0,0
-118.33,33.86,6.3992,0,0
-118.33,33.86,4.0,0,0
-118.34,33.86,5.259,0,0
-118.34,33.86,5.4791,0,0
-118.34,33.87,5.3743,0,0
-118.35,33.87,4.5833,0,0
-118.35,33.87,5.5,0,0
-118.35,33.87,3.6169,0,0
-118.35,33.86,3.9732,0,0
-118.35,33.86,4.3859,0,0
-118.34,33.84,6.2778,0,0
-118.33,33.84,5.3131,0,0
-118.34,33.84,5.269,0,0
-118.34,33.83,5.399,0,0
-118.34,33.83,5.8972,0,0
-118.36,33.86,5.7422,0,0
-118.35,33.85,5.0,0,0
-118.35,33.85,5.6426,0,0
-118.36,33.85,4.8906,0,0
-118.36,33.86,5.2799,0,0
-118.37,33.85,6.1599,0,0
-118.36,33.85,6.1133,0,0
-118.37,33.85,5.785,0,0
-118.35,33.84,3.5414,0,0
-118.36,33.84,3.703,0,0
-118.37,33.85,6.3974,0,0
-118.37,33.84,5.3773,0,0
-118.35,33.83,6.1187,0,0
-118.36,33.83,5.1984,0,0
-118.36,33.84,5.7654,0,0
-118.37,33.84,4.9583,0,0
-118.36,33.83,5.9143,0,0
-118.36,33.83,5.6013,0,0
-118.37,33.83,4.7308,0,0
-118.37,33.84,6.7105,0,0
-118.33,33.83,5.5023,0,0
-118.32,33.85,3.5073,0,0
-118.31,33.84,3.625,0,0
-118.32,33.83,3.8456,0,0
-118.32,33.84,1.6228,0,0
-118.31,33.83,2.775,0,0
-118.31,33.83,2.9375,0,0
-118.31,33.82,3.402,0,0
-118.32,33.83,5.2363,0,0
-118.31,33.82,4.1406,0,0
-118.31,33.82,5.4925,0,0
-118.31,33.81,4.1169,0,0
-118.31,33.81,4.3056,0,0
-118.32,33.82,4.4271,0,0
-118.32,33.82,7.0935,0,0
-118.32,33.81,4.8438,0,0
-118.32,33.81,4.7062,0,0
-118.33,33.82,6.5861,0,0
-118.34,33.8,5.0814,0,0
-118.35,33.82,4.0708,0,0
-118.36,33.82,6.2247,0,0
-118.37,33.82,5.878,0,0
-118.37,33.82,6.0176,0,0
-118.37,33.82,6.256,0,0
-118.36,33.82,5.7765,0,0
-118.36,33.82,3.3565,0,0
-118.36,33.82,6.1359,0,0
-118.36,33.81,4.5592,0,0
-118.36,33.81,5.1778,0,0
-118.37,33.81,5.1271,0,0
-118.38,33.81,6.4956,0,0
-118.38,33.81,8.5491,0,0
-118.44,33.81,5.0106,0,0
-118.38,33.82,5.9907,0,0
-118.36,33.81,4.7026,0,0
-118.37,33.81,6.8553,0,0
-118.37,33.81,6.9296,0,0
-118.38,33.81,6.015,0,0
-118.38,33.81,5.7361,0,0
-118.39,33.81,3.7778,0,0
-118.38,33.81,10.5045,0,0
-118.33,33.79,4.1071,0,0
-118.34,33.79,5.0254,0,0
-118.34,33.8,3.9408,0,0
-118.34,33.8,5.0951,0,0
-118.35,33.8,4.875,0,0
-118.35,33.8,5.9541,0,0
-118.31,33.8,3.7167,0,0
-118.32,33.8,4.0536,0,0
-118.31,33.79,3.2472,0,0
-118.31,33.8,4.0425,0,0
-118.32,33.8,3.1648,0,0
-118.32,33.79,3.8287,0,0
-118.32,33.79,4.1477,0,0
-118.32,33.8,3.1275,0,0
-118.31,33.79,3.3958,0,0
-118.31,33.78,3.5804,0,0
-118.32,33.79,3.6797,0,0
-118.34,33.78,8.1782,0,0
-118.36,33.79,8.3609,0,0
-118.37,33.79,8.2064,0,0
-118.36,33.8,6.9742,0,0
-118.36,33.8,10.1241,0,0
-118.38,33.8,8.0838,0,0
-118.45,33.8,11.9993,0,0
-118.39,33.79,10.898,0,0
-118.4,33.78,12.9758,0,-1
-118.44,33.79,11.6648,0,0
-118.41,33.77,10.06,0,0
-118.46,33.77,10.5536,0,0
-118.42,33.78,8.0957,0,0
-118.37,33.77,10.1447,0,0
-118.38,33.77,9.821,0,0
-118.38,33.77,6.3064,0,0
-118.38,33.79,7.7042,0,0
-118.4,33.78,8.5421,0,0
-118.42,33.75,8.2831,0,0
-118.34,33.76,15.0001,0,1
-118.35,33.74,10.0973,0,0
-118.38,33.75,7.6986,0,0
-118.39,33.71,7.5594,0,0
-118.41,33.75,9.8091,0,0
-118.31,33.77,6.6447,0,0
-118.31,33.76,6.5704,0,0
-118.31,33.75,4.6042,0,0
-118.31,33.75,6.287,0,0
-118.33,33.77,9.8214,0,0
-118.32,33.75,9.267,0,0
-118.32,33.75,11.6677,0,0
-118.32,33.74,10.1357,0,0
-118.32,33.77,6.887,0,0
-118.34,34.09,2.4432,0,0
-118.35,34.09,1.6081,0,0
-118.35,34.09,3.0349,0,0
-118.35,34.09,2.5444,0,0
-118.36,34.09,1.7558,0,0
-118.36,34.09,2.6,0,0
-118.36,34.09,2.0205,0,0
-118.36,34.09,2.0702,0,0
-118.36,34.1,2.875,0,0
-118.36,34.09,2.5812,0,0
-118.36,34.09,2.6136,0,0
-118.37,34.09,3.2159,0,0
-118.37,34.09,3.0156,0,0
-118.37,34.09,4.0651,0,0
-118.37,34.09,3.2818,0,0
-118.37,34.09,3.1517,0,0
-118.37,34.09,5.5224,0,0
-118.37,34.08,2.6713,0,0
-118.38,34.08,2.945,0,0
-118.38,34.08,2.8889,0,0
-118.39,34.08,3.5114,0,0
-118.38,34.08,3.9375,0,0
-118.38,34.09,3.5659,0,0
-118.38,34.09,2.5784,0,0
-118.39,34.09,3.6207,0,0
-118.39,34.09,4.4167,0,0
-118.39,34.08,3.067,0,0
-118.4,34.1,15.0001,0,1
-118.4,34.09,15.0001,0,1
-118.39,34.08,15.0001,0,1
-118.4,34.08,15.0001,0,1
-118.41,34.09,15.0001,0,1
-118.42,34.09,15.0001,0,1
-118.42,34.08,15.0001,0,1
-118.41,34.07,15.0001,0,1
-118.41,34.07,15.0001,0,1
-118.38,34.07,4.4896,0,0
-118.39,34.07,4.2386,0,0
-118.39,34.07,5.7762,0,0
-118.39,34.08,3.8088,0,0
-118.4,34.07,2.9107,0,0
-118.37,34.06,3.3438,0,0
-118.38,34.06,6.2344,0,0
-118.39,34.06,8.0095,0,0
-118.38,34.06,7.6771,0,0
-118.39,34.06,3.8158,0,0
-118.39,34.06,5.3316,0,0
-118.39,34.06,3.3295,0,0
-118.4,34.06,4.1455,0,0
-118.4,34.06,3.6964,0,0
-118.4,34.06,8.2961,0,0
-118.4,34.06,6.6343,0,0
-118.41,34.06,4.1411,0,0
-118.41,34.06,5.5321,0,0
-118.41,34.07,3.9904,0,0
-118.45,34.06,9.337,0,0
-118.49,34.05,13.8556,0,-1
-118.49,34.04,13.3036,0,-1
-118.49,34.04,8.0257,0,0
-118.5,34.04,15.0001,0,1
-118.5,34.04,8.3839,0,0
-118.49,34.04,4.8125,0,0
-118.49,34.03,4.1827,0,0
-118.51,34.04,11.7045,0,0
-118.5,34.03,7.8705,0,0
-118.5,34.03,7.7572,0,0
-118.5,34.03,6.48,0,0
-118.51,34.03,3.8571,0,0
-118.52,34.02,5.0867,0,0
-118.49,34.03,4.252,0,0
-118.5,34.03,3.6451,0,0
-118.5,34.02,3.3266,0,0
-118.5,34.02,2.775,0,0
-118.5,34.02,2.9934,0,0
-118.52,34.01,3.1433,0,0
-118.49,34.03,4.5208,0,0
-118.49,34.03,3.6769,0,0
-118.49,34.02,4.1365,0,0
-118.48,34.03,2.8981,0,0
-118.49,34.02,2.9125,0,0
-118.49,34.02,3.1563,0,0
-118.48,34.04,8.9616,0,0
-118.48,34.04,4.3158,0,0
-118.48,34.04,3.9659,0,0
-118.48,34.04,3.6667,0,0
-118.47,34.04,4.516,0,0
-118.47,34.03,3.3889,0,0
-118.48,34.03,3.5076,0,0
-118.47,34.03,3.7381,0,0
-118.47,34.03,3.5987,0,0
-118.48,34.03,1.3333,0,0
-118.48,34.02,2.5261,0,0
-118.48,34.02,2.7072,0,0
-118.49,34.02,3.1635,0,0
-118.46,34.03,2.75,0,0
-118.46,34.03,3.125,0,0
-118.46,34.03,2.2794,0,0
-118.46,34.02,2.6639,0,0
-118.47,34.02,2.3382,0,0
-118.48,34.02,2.625,0,0
-118.47,34.02,2.0745,0,0
-118.48,34.02,2.2917,0,0
-118.48,34.02,2.7019,0,0
-118.49,34.02,1.5132,0,0
-118.49,34.01,1.9722,0,0
-118.51,34.0,2.3098,0,0
-118.48,34.01,4.0893,0,0
-118.48,34.0,3.2061,0,0
-118.48,34.01,3.4852,0,0
-118.49,34.0,3.0369,0,0
-118.48,34.01,4.4,0,0
-118.47,34.0,4.2813,0,0
-118.47,34.0,3.1304,0,0
-118.48,34.0,3.9722,0,0
-118.48,34.0,3.6121,0,0
-118.48,34.0,2.6736,0,0
-118.5,33.99,3.2609,0,0
-118.47,34.02,2.7254,0,0
-118.47,34.01,4.793,0,0
-118.47,34.01,4.4211,0,0
-118.48,34.01,3.755,0,0
-118.47,34.01,2.5417,0,0
-118.46,34.01,4.0,0,0
-118.46,34.01,6.8901,0,0
-118.47,34.01,6.1014,0,0
-118.47,34.01,2.9167,0,0
-118.47,34.01,3.7727,0,0
-118.45,34.02,3.4583,0,0
-118.45,34.02,6.3521,0,0
-118.46,34.02,3.0476,0,0
-118.46,34.02,6.0436,0,0
-118.46,34.02,5.2571,0,0
-118.37,34.03,2.125,0,0
-118.38,34.03,3.9537,0,0
-118.38,34.02,3.9615,0,0
-118.39,34.02,3.5909,0,0
-118.39,34.02,3.4375,0,0
-118.38,34.01,4.7612,0,0
-118.39,34.01,2.3571,0,0
-118.39,34.02,4.1296,0,0
-118.39,34.01,3.9688,0,0
-118.4,34.01,5.4035,0,0
-118.4,34.02,4.6932,0,0
-118.39,34.0,5.2035,0,0
-118.39,33.99,6.603,0,0
-118.39,33.99,5.1322,0,0
-118.39,34.0,4.056,0,0
-118.4,34.0,4.85,0,0
-118.4,34.0,5.444,0,0
-118.4,33.99,5.9632,0,0
-118.4,33.99,5.4663,0,0
-118.4,34.0,4.6687,0,0
-118.4,34.01,5.7405,0,0
-118.41,34.01,4.5982,0,0
-118.41,34.0,5.5284,0,0
-118.41,34.01,5.3683,0,0
-118.41,34.01,4.7031,0,0
-118.41,34.01,2.8797,0,0
-118.42,34.01,2.9213,0,0
-118.41,34.0,2.55,0,0
-118.42,34.0,5.0357,0,0
-118.41,34.0,3.9643,0,0
-118.42,34.0,3.2708,0,0
-118.43,34.0,3.7614,0,0
-118.43,33.99,3.8021,0,0
-118.44,33.99,5.9641,0,0
-118.44,33.98,5.3359,0,0
-118.38,33.99,4.6277,0,0
-118.37,33.99,8.6718,0,0
-118.36,33.99,5.3194,0,0
-118.37,33.99,5.1695,0,0
-118.38,33.98,6.8112,0,0
-118.35,34.0,6.431,0,0
-118.35,34.0,5.3462,0,0
-118.35,33.99,5.0514,0,0
-118.36,33.99,4.1375,0,0
-118.36,33.99,4.6406,0,0
-118.35,33.99,3.2021,0,0
-118.34,34.0,5.0407,0,0
-118.34,34.0,5.8993,0,0
-118.33,34.0,4.2917,0,0
-118.34,34.0,4.0,0,0
-118.34,33.99,3.7344,0,0
-118.34,33.99,3.825,0,0
-118.35,34.0,6.939,0,0
-118.6,34.13,9.1232,0,0
-118.58,34.12,6.4018,0,0
-118.59,34.11,6.4504,0,0
-118.6,34.09,7.6091,0,0
-118.6,34.08,6.91,0,0
-118.6,34.07,4.625,0,0
-118.69,34.08,9.7646,0,0
-118.66,34.1,10.076,0,0
-118.63,34.11,5.8735,0,0
-118.67,34.16,9.1228,0,0
-118.68,34.08,3.9934,0,0
-118.68,34.13,6.7273,0,0
-118.76,34.13,6.5571,0,0
-118.75,34.1,4.5333,0,0
-118.72,34.14,5.4032,0,0
-118.78,34.16,8.0137,0,0
-118.8,34.15,6.8474,0,0
-118.75,34.17,5.3749,0,0
-118.84,34.11,5.8788,0,0
-118.82,34.14,6.9935,0,0
-118.79,34.14,5.8548,0,0
-118.74,34.05,7.9184,0,0
-118.86,34.07,8.0144,0,0
-118.88,34.02,7.7848,0,0
-118.85,34.04,8.4476,0,0
-118.78,34.05,6.83,0,0
-118.58,34.06,8.8666,0,0
-118.6,34.02,8.4331,0,0
-118.62,34.06,7.4001,0,0
-118.66,34.02,8.7364,0,0
-117.76,34.71,2.9541,0,0
-117.84,34.63,4.002,0,0
-117.78,34.58,3.8803,0,0
-117.96,34.71,3.46,0,0
-118.09,34.74,2.4348,0,0
-118.06,34.71,2.5764,0,0
-118.09,34.68,4.0211,0,0
-118.11,34.68,5.3267,0,0
-118.12,34.69,4.6417,0,0
-118.12,34.68,4.6629,0,0
-118.13,34.69,2.75,0,0
-118.13,34.68,4.025,0,0
-118.1,34.65,2.67,0,0
-118.09,34.71,2.4012,0,0
-118.1,34.7,4.9806,0,0
-118.09,34.7,2.8548,0,0
-118.1,34.71,2.415,0,0
-118.12,34.71,2.5179,0,0
-118.12,34.71,1.125,0,0
-118.12,34.7,4.3229,0,0
-118.13,34.7,1.1296,0,0
-118.13,34.69,3.682,0,0
-118.12,34.69,3.7804,0,0
-118.14,34.68,2.4432,0,0
-118.14,34.69,3.4327,0,0
-118.14,34.68,4.2679,0,0
-118.14,34.68,4.5455,0,0
-118.16,34.68,2.5902,0,0
-118.15,34.69,3.25,0,0
-118.16,34.68,3.7807,0,0
-118.15,34.67,3.5732,0,0
-118.14,34.65,4.6591,0,0
-118.14,34.72,4.625,0,0
-118.16,34.71,4.1719,0,0
-118.15,34.71,3.5625,0,0
-118.14,34.71,2.8194,0,0
-118.14,34.71,1.1917,0,0
-118.15,34.71,2.5278,0,0
-118.14,34.7,2.0182,0,0
-118.14,34.7,1.2532,0,0
-118.15,34.7,3.9615,0,0
-118.16,34.7,4.8787,0,0
-118.16,34.69,3.9028,0,0
-118.14,34.69,3.2699,0,0
-118.14,34.69,2.1167,0,0
-118.28,34.76,4.7875,0,0
-118.19,34.77,2.1979,0,0
-118.2,34.69,4.875,0,0
-118.17,34.69,4.1667,0,0
-118.17,34.68,6.6772,0,0
-118.19,34.67,5.0285,0,0
-118.17,34.67,4.5659,0,0
-118.19,34.65,3.9963,0,0
-118.17,34.66,5.7049,0,0
-118.22,34.67,4.3636,0,0
-118.23,34.66,3.6382,0,0
-118.22,34.66,4.9,0,0
-118.21,34.65,3.0441,0,0
-118.23,34.65,3.5673,0,0
-118.27,34.68,3.2125,0,0
-118.29,34.65,3.3173,0,0
-118.32,34.62,4.8409,0,0
-118.38,34.58,4.3456,0,0
-118.61,34.73,5.0839,0,0
-118.4,34.7,4.2941,0,0
-117.92,34.63,1.4091,0,0
-117.92,34.59,2.7396,0,0
-117.93,34.57,3.1946,0,0
-117.9,34.53,3.9766,0,0
-117.96,34.53,3.8594,0,0
-117.98,34.53,4.0945,0,0
-118.09,34.63,1.9722,0,0
-118.02,34.62,2.1413,0,0
-118.18,34.63,4.1573,0,0
-118.17,34.61,7.1381,0,0
-118.16,34.6,6.4865,0,0
-118.12,34.6,2.3958,0,0
-118.15,34.59,3.7344,0,0
-118.16,34.6,4.9904,0,0
-118.21,34.56,4.7097,0,0
-118.22,34.63,5.3799,0,0
-118.21,34.64,5.9508,0,0
-118.12,34.58,2.0547,0,0
-118.13,34.58,3.7464,0,0
-118.14,34.57,3.7636,0,0
-118.12,34.56,3.9936,0,0
-118.1,34.58,3.275,0,0
-118.1,34.58,2.6658,0,0
-118.1,34.57,3.3086,0,0
-118.09,34.57,4.5266,0,0
-118.08,34.58,4.1719,0,0
-118.07,34.58,4.0147,0,0
-118.06,34.58,3.86,0,0
-118.08,34.58,3.0101,0,0
-118.07,34.56,4.2329,0,0
-118.08,34.56,4.5615,0,0
-118.03,34.58,4.0729,0,0
-118.02,34.57,5.083,0,0
-118.01,34.55,4.071,0,0
-118.08,34.55,4.5237,0,0
-118.07,34.51,4.8667,0,0
-118.37,34.43,5.9507,0,0
-118.4,34.41,10.0285,0,0
-118.35,34.52,5.9171,0,0
-118.22,34.52,6.5538,0,0
-118.26,34.5,4.7778,0,0
-118.27,34.46,4.7437,0,0
-118.13,34.44,4.8295,0,0
-117.89,34.49,3.7043,0,0
-117.96,34.48,4.5769,0,0
-117.79,34.45,3.2765,0,0
-118.46,34.4,4.542,0,0
-118.5,34.45,6.0097,0,0
-118.5,34.52,5.9263,0,0
-118.48,34.47,3.375,0,0
-118.5,34.46,5.5061,0,0
-118.52,34.44,5.3209,0,0
-118.53,34.44,5.1163,0,0
-118.53,34.45,5.2374,0,0
-118.53,34.44,6.0398,0,0
-118.52,34.46,6.1281,0,0
-118.53,34.45,5.5981,0,0
-118.51,34.43,6.1082,0,0
-118.46,34.42,4.7007,0,0
-118.44,34.5,8.1344,0,0
-118.45,34.44,4.6861,0,0
-118.49,34.43,5.4829,0,0
-118.49,34.42,4.4107,0,0
-118.48,34.42,5.0166,0,0
-118.47,34.42,3.038,0,0
-118.47,34.42,5.2887,0,0
-118.43,34.42,6.2971,0,0
-118.43,34.43,4.2037,0,0
-118.55,34.44,6.3277,0,0
-118.56,34.42,1.9667,0,0
-118.61,34.59,4.0579,0,0
-118.7,34.53,5.4284,0,0
-118.66,34.43,3.775,0,0
-118.59,34.47,4.2391,0,0
-118.61,34.31,5.0151,0,0
-118.52,34.39,3.6625,0,0
-118.53,34.38,3.227,0,0
-118.54,34.38,6.8299,0,0
-118.52,34.4,5.305,0,0
-118.53,34.37,3.9118,0,0
-118.54,34.37,7.6059,0,0
-118.52,34.36,5.8703,0,0
-118.55,34.37,6.776,0,0
-118.56,34.37,4.8536,0,0
-118.55,34.41,5.8602,0,0
-118.55,34.38,6.3002,0,0
-118.56,34.41,5.6798,0,0
-118.55,34.39,6.8419,0,0
-118.61,34.38,6.6916,0,0
-117.86,34.24,4.1932,0,0
-118.12,34.23,3.9583,0,0
-118.35,34.32,1.9875,0,0
-118.38,34.3,4.1125,0,0
-118.29,34.36,4.5491,0,0
-119.53,37.34,2.3482,1,0
-119.51,37.32,3.5893,1,0
-119.56,37.29,3.0924,1,0
-119.45,37.21,2.9449,1,0
-119.65,37.09,3.55,1,0
-119.59,37.39,3.5446,1,0
-119.66,37.39,2.7813,1,0
-119.68,37.35,3.1326,1,0
-119.72,37.38,2.6071,1,0
-119.65,37.32,2.3565,1,0
-119.64,37.31,2.8393,1,0
-119.6,37.29,2.625,1,0
-119.62,37.33,3.0224,1,0
-119.91,37.23,3.625,1,0
-119.85,37.1,3.375,1,0
-119.68,37.19,2.8167,1,0
-119.77,37.19,4.1099,1,0
-119.67,37.27,2.7413,1,0
-120.31,37.11,2.4054,1,0
-120.35,37.04,2.9306,1,0
-120.25,37.04,3.2868,1,0
-120.16,37.12,1.9073,1,0
-120.27,37.11,2.6694,1,0
-120.25,37.11,1.5319,1,0
-120.26,37.11,1.2794,1,0
-120.27,37.12,1.7279,1,0
-120.27,37.12,1.9464,1,0
-120.27,37.12,2.9861,1,0
-120.26,37.13,2.0278,1,0
-120.43,36.99,2.9688,1,0
-120.29,36.88,2.4219,1,0
-120.06,36.95,2.125,1,0
-120.06,36.94,2.2375,1,0
-120.04,36.93,2.6941,1,0
-120.05,36.95,2.2527,1,0
-120.21,36.98,2.6012,1,0
-120.16,36.96,3.0,1,0
-120.11,36.96,3.8952,1,0
-120.08,37.06,1.9063,1,0
-120.09,37.0,3.4598,1,0
-120.06,37.02,3.5258,1,0
-119.94,37.04,3.125,1,0
-120.09,37.02,3.7143,1,0
-119.95,36.96,2.6087,1,0
-120.02,36.95,1.8431,1,0
-119.9,36.94,4.277,1,0
-119.85,36.97,4.475,1,0
-119.88,36.93,4.5347,1,0
-119.87,36.93,4.3625,1,0
-120.07,36.98,2.5388,1,0
-120.06,36.98,1.4712,1,0
-120.05,36.98,2.5288,1,0
-120.05,36.97,1.8444,1,0
-120.06,36.97,1.625,1,0
-120.07,36.97,1.5662,1,0
-120.07,36.96,3.6181,1,0
-120.08,36.97,3.8257,1,0
-120.1,36.96,4.8187,1,0
-120.09,36.95,4.1544,1,0
-120.08,36.96,3.1136,1,0
-120.08,36.95,2.4196,1,0
-120.07,36.97,1.6071,1,0
-120.06,36.97,1.4044,1,0
-120.05,36.96,1.4267,1,0
-120.05,36.95,1.4,1,0
-120.06,36.96,1.6534,1,0
-120.07,36.96,2.2898,1,0
-120.07,36.96,1.4511,1,0
-120.04,36.97,1.8973,1,0
-120.04,36.96,1.3713,1,0
-120.04,36.95,1.3594,1,0
-119.98,36.9,2.5833,1,0
-119.81,36.92,4.665,1,0
-119.98,36.86,3.0234,1,0
-120.13,36.87,2.234,1,0
-122.49,38.1,4.9286,1,0
-122.54,38.14,7.5412,1,0
-122.55,38.1,5.0029,1,0
-122.62,38.15,6.4092,1,0
-122.59,38.13,5.3755,1,0
-122.58,38.15,7.5,1,0
-122.57,38.11,3.1981,1,0
-122.57,38.11,3.4705,1,0
-122.59,38.12,6.0132,1,0
-122.58,38.12,4.9286,1,0
-122.6,38.11,3.8068,1,0
-122.6,38.11,5.3962,1,0
-122.65,38.11,5.5524,1,0
-122.61,38.09,6.9081,1,0
-122.58,38.1,4.6463,1,0
-122.58,38.08,5.615,1,0
-122.55,38.07,6.7232,1,0
-122.56,38.09,4.1705,1,0
-122.56,38.06,5.0965,1,0
-122.55,38.07,3.0573,1,0
-122.41,38.07,6.0433,1,0
-122.51,38.06,3.0742,1,0
-122.53,38.01,3.4432,1,0
-122.44,38.03,4.1289,1,0
-122.45,38.01,4.3182,1,0
-122.53,38.01,5.4781,1,0
-122.51,38.0,3.9519,1,0
-122.49,38.0,7.7197,1,0
-122.55,38.03,6.0902,1,0
-122.57,38.03,6.5253,1,0
-122.56,38.03,6.5249,1,0
-122.59,38.04,8.3646,1,0
-122.57,38.02,5.6512,1,0
-122.56,38.01,4.6,1,0
-122.55,38.02,6.4978,1,0
-122.55,38.01,6.3314,1,0
-122.54,38.0,3.18,1,0
-122.55,38.0,3.9265,1,0
-122.54,37.99,7.3521,1,0
-122.52,37.98,2.8903,1,0
-122.54,37.98,5.5083,1,0
-122.55,37.99,4.8993,1,0
-122.53,37.98,8.5759,1,0
-122.55,37.98,3.293,1,0
-122.51,37.99,5.5791,1,0
-122.51,37.98,6.0762,1,0
-122.51,37.97,3.2462,1,0
-122.47,37.99,7.494,1,0
-122.46,37.98,12.0933,1,0
-122.49,37.99,6.994,1,0
-122.49,37.98,6.4271,1,0
-122.53,37.97,1.9063,1,0
-122.53,37.97,2.5125,1,0
-122.53,37.97,2.6036,1,0
-122.54,37.97,5.6263,1,0
-122.52,37.97,2.75,1,0
-122.51,37.96,3.6863,1,0
-122.52,37.96,5.2818,1,0
-122.53,37.97,3.5588,1,0
-122.52,37.95,6.2862,1,0
-122.53,37.96,3.9917,1,0
-122.47,37.95,3.9712,1,0
-122.5,37.96,6.1359,1,0
-122.5,37.97,2.7273,1,0
-122.64,38.01,5.5789,1,0
-122.64,38.01,3.7321,1,0
-122.68,38.01,4.2011,1,0
-122.7,38.03,4.1379,1,0
-122.65,38.01,5.0766,1,0
-122.59,37.97,4.5625,1,0
-122.61,37.99,4.4375,1,0
-122.62,37.97,7.7006,1,0
-122.59,37.99,4.1659,1,0
-122.6,38.0,4.1098,1,0
-122.59,38.01,6.1724,1,0
-122.57,37.99,4.9674,1,0
-122.57,37.99,4.1711,1,0
-122.57,37.98,4.625,1,0
-122.58,37.98,4.6905,1,0
-122.58,37.98,4.9615,1,0
-122.56,37.98,4.8056,1,0
-122.56,37.97,4.6944,1,0
-122.57,37.97,3.5055,1,0
-122.55,37.97,7.1155,1,0
-122.57,37.96,9.1834,1,0
-122.56,37.95,6.1444,1,0
-122.56,37.94,10.6272,1,0
-122.64,37.96,9.5551,1,0
-122.54,37.96,10.129,1,0
-122.54,37.96,4.3083,1,0
-122.54,37.95,5.697,1,0
-122.52,37.95,7.8904,1,0
-122.53,37.95,3.5838,1,0
-122.53,37.96,8.3935,1,0
-122.53,37.93,6.6125,1,0
-122.54,37.93,5.5385,1,0
-122.54,37.94,4.4081,1,0
-122.54,37.94,5.1834,1,0
-122.52,37.94,5.9582,1,0
-122.53,37.94,4.7344,1,0
-122.52,37.93,5.0779,1,0
-122.51,37.92,3.7647,1,0
-122.52,37.92,14.5833,1,2
-122.53,37.92,5.5379,1,0
-122.53,37.93,4.125,1,0
-122.53,37.92,3.875,1,0
-122.52,37.92,5.8509,1,0
-122.5,37.92,6.1632,1,0
-122.5,37.92,5.5926,1,0
-122.49,37.92,6.2953,1,0
-122.51,37.91,6.641,1,0
-122.48,37.93,3.6731,1,0
-122.46,37.88,8.8386,1,0
-122.47,37.87,11.5706,1,0
-122.45,37.91,10.0791,1,0
-122.5,37.91,5.4851,1,0
-122.49,37.89,6.0238,1,0
-122.47,37.89,7.2905,1,0
-122.45,37.9,8.4888,1,0
-122.5,37.88,4.7475,1,0
-122.51,37.89,3.4485,1,0
-122.53,37.91,7.9892,1,0
-122.53,37.9,3.8839,1,0
-122.54,37.9,4.4375,1,0
-122.54,37.91,5.6302,1,0
-122.55,37.92,6.1085,1,0
-122.52,37.91,5.5951,1,0
-122.52,37.89,3.9531,1,0
-122.52,37.9,4.4239,1,0
-122.54,37.9,3.7813,1,0
-122.55,37.9,7.9606,1,0
-122.56,37.9,8.634,1,0
-122.56,37.91,7.1924,1,0
-122.56,37.92,8.9248,1,0
-122.55,37.91,3.2794,1,0
-122.53,37.88,6.8742,1,0
-122.54,37.88,6.7809,1,0
-122.53,37.87,7.9977,1,0
-122.53,37.88,4.4583,1,0
-122.56,37.9,6.7546,1,0
-122.54,37.89,6.1275,1,0
-122.53,37.89,5.9073,1,0
-122.56,37.9,5.1292,1,0
-122.51,37.87,2.862,1,0
-122.47,37.85,2.9145,1,0
-122.5,37.87,6.3066,1,0
-122.49,37.86,6.7669,1,0
-122.49,37.86,4.5398,1,0
-122.48,37.86,6.2113,1,0
-122.48,37.85,6.4752,1,0
-122.49,37.85,12.2547,1,0
-122.52,37.88,3.8068,1,0
-122.62,37.85,6.8198,1,0
-122.53,37.86,3.75,1,0
-122.66,37.93,4.1792,1,0
-122.71,37.88,4.3125,1,0
-122.69,37.91,4.3194,1,0
-122.71,37.9,3.115,1,0
-122.86,38.1,4.3125,1,0
-122.84,38.07,3.8269,1,0
-122.93,38.02,3.5469,1,0
-122.68,38.07,5.6305,1,0
-122.9,38.28,2.3482,1,0
-122.96,38.26,3.1429,1,0
-122.81,38.08,3.4609,1,0
-122.8,38.18,3.625,1,0
-120.19,37.53,1.7614,1,0
-120.02,37.57,2.7188,1,0
-119.99,37.51,1.398,1,0
-119.95,37.47,1.5,1,0
-119.98,37.43,2.5551,1,0
-120.07,37.34,1.75,1,0
-120.31,37.64,3.0,1,0
-120.15,37.69,2.875,1,0
-120.02,37.72,2.3818,1,0
-119.81,37.67,3.8333,1,0
-119.82,37.57,2.662,1,0
-119.9,37.49,3.0,1,0
-119.84,37.48,2.5,1,0
-119.8,37.5,3.1771,1,0
-119.72,37.46,2.875,1,0
-119.85,37.39,2.753,1,0
-119.55,37.75,3.5391,1,0
-119.64,37.61,2.6838,1,0
-123.15,39.74,2.9306,1,0
-123.24,39.81,1.7788,1,0
-123.23,39.77,1.2281,1,0
-123.47,39.8,2.3571,1,0
-123.71,39.88,1.4952,1,0
-123.84,39.83,1.5278,1,0
-123.58,39.66,2.2429,1,0
-123.5,39.67,2.1793,1,0
-123.64,39.45,3.0433,1,0
-123.79,39.5,2.325,1,0
-123.8,39.47,2.7857,1,0
-123.73,39.44,2.7,1,0
-123.84,39.46,2.5192,1,0
-123.8,39.46,2.9243,1,0
-123.8,39.44,1.9213,1,0
-123.79,39.44,3.5,1,0
-123.8,39.44,1.9208,1,0
-123.79,39.44,2.7813,1,0
-123.79,39.44,3.2171,1,0
-123.85,39.42,1.7574,1,0
-123.34,39.5,1.8967,1,0
-123.4,39.46,3.2156,1,0
-123.32,39.42,2.3906,1,0
-123.38,39.37,2.6424,1,0
-123.35,39.42,2.1625,1,0
-123.37,39.43,3.588,1,0
-123.36,39.41,2.9183,1,0
-123.35,39.4,1.85,1,0
-123.36,39.4,1.5625,1,0
-123.34,39.39,2.3333,1,0
-123.1,39.36,1.746,1,0
-123.23,39.33,3.9632,1,0
-123.15,39.31,2.8833,1,0
-123.11,39.32,3.3431,1,0
-123.18,39.26,3.788,1,0
-123.22,39.28,3.1455,1,0
-123.36,39.25,2.5875,1,0
-123.18,39.23,2.125,1,0
-123.21,39.2,2.2926,1,0
-123.19,39.21,3.5917,1,0
-123.2,39.23,2.3583,1,0
-123.75,39.37,3.25,1,0
-123.85,39.39,3.184,1,0
-123.81,39.34,3.1563,1,0
-123.7,39.32,3.1071,1,0
-123.81,39.31,3.3654,1,0
-123.73,39.17,2.375,1,0
-123.53,38.93,2.5625,1,0
-123.69,38.9,2.1985,1,0
-123.59,38.8,3.1201,1,0
-123.54,39.17,2.2946,1,0
-123.39,38.99,3.4063,1,0
-123.36,39.01,2.7232,1,0
-123.21,39.18,2.6275,1,0
-123.34,39.1,3.0652,1,0
-123.21,39.07,3.7833,1,0
-123.22,39.15,3.3667,1,0
-123.22,39.16,3.6587,1,0
-123.23,39.13,3.8958,1,0
-123.22,39.15,3.5938,1,0
-123.21,39.15,2.55,1,0
-123.21,39.14,3.0,1,0
-123.21,39.13,4.0469,1,0
-123.2,39.16,1.7929,1,0
-123.22,39.16,2.631,1,0
-123.2,39.15,2.0074,1,0
-123.19,39.15,2.6012,1,0
-123.21,39.15,1.6571,1,0
-123.2,39.14,1.8042,1,0
-123.2,39.13,1.375,1,0
-123.21,39.14,1.9032,1,0
-123.1,39.15,3.8333,1,0
-123.17,39.18,5.9585,1,-1
-123.17,39.15,4.425,1,0
-123.16,39.13,1.7813,1,0
-123.16,39.1,2.775,1,0
-123.19,39.12,2.3125,1,0
-123.15,38.94,2.7171,1,0
-123.1,38.97,2.5761,1,0
-120.46,37.51,2.9,1,0
-120.68,37.47,2.3043,1,0
-120.75,37.44,3.6182,1,0
-120.76,37.44,2.7562,1,0
-120.77,37.42,2.3333,1,0
-120.79,37.43,2.8519,1,0
-120.79,37.41,2.2071,1,0
-120.71,37.39,3.2721,1,0
-120.71,37.39,2.6058,1,0
-120.69,37.4,3.5167,1,0
-120.74,37.33,2.1484,1,0
-120.75,37.37,2.4964,1,0
-120.73,37.38,1.9236,1,0
-120.72,37.38,2.2813,1,0
-120.73,37.38,2.8698,1,0
-120.71,37.38,2.6923,1,0
-120.84,37.4,2.6214,1,0
-120.86,37.4,3.1111,1,0
-120.84,37.43,3.7784,1,0
-120.94,37.4,3.0,1,0
-120.88,37.37,2.6908,1,0
-120.89,37.33,2.0417,1,0
-120.64,37.38,2.567,1,0
-120.64,37.38,2.5129,1,0
-120.65,37.33,4.1058,1,0
-120.59,37.39,2.1061,1,0
-120.63,37.41,2.6439,1,0
-120.57,37.43,2.6758,1,0
-120.6,37.37,4.6667,1,0
-120.6,37.36,3.0911,1,0
-120.63,37.36,4.0694,1,0
-120.62,37.35,1.6833,1,0
-120.62,37.36,3.2656,1,0
-120.62,37.37,3.968,1,0
-120.59,37.36,2.0179,1,0
-120.6,37.35,2.4653,1,0
-120.61,37.35,2.2222,1,0
-120.62,37.35,1.4615,1,0
-120.61,37.32,4.25,1,0
-120.6,37.34,2.1182,1,0
-120.61,37.36,1.9135,1,0
-120.57,37.35,3.003,1,0
-120.6,37.35,3.2955,1,0
-120.59,37.35,3.5393,1,0
-120.58,37.36,2.2179,1,0
-120.64,37.2,2.0066,1,0
-120.55,37.32,3.3194,1,0
-120.49,37.26,1.8939,1,0
-120.5,37.37,2.4012,1,0
-120.41,37.16,2.0809,1,0
-120.51,37.32,2.3099,1,0
-120.49,37.32,3.0263,1,0
-120.5,37.32,2.75,1,0
-120.49,37.32,1.9528,1,0
-120.48,37.32,2.1418,1,0
-120.47,37.32,2.558,1,0
-120.5,37.34,3.4559,1,0
-120.48,37.34,4.67,1,0
-120.47,37.34,3.6742,1,0
-120.43,37.32,5.2522,1,0
-120.45,37.32,4.8214,1,0
-120.45,37.32,3.6471,1,0
-120.46,37.33,6.3215,1,-1
-120.46,37.33,3.2852,1,0
-120.44,37.31,5.2662,1,0
-120.45,37.31,3.7652,1,0
-120.46,37.31,3.48,1,0
-120.48,37.31,2.355,1,0
-120.5,37.31,2.6797,1,0
-120.49,37.31,2.0521,1,0
-120.48,37.3,1.5427,1,0
-120.48,37.3,1.5,1,0
-120.49,37.3,1.3125,1,0
-120.44,37.31,3.0515,1,0
-120.46,37.31,2.7344,1,0
-120.47,37.3,2.1838,1,0
-120.46,37.3,2.3095,1,0
-120.51,37.29,1.7679,1,0
-120.5,37.3,1.76,1,0
-120.49,37.3,1.75,1,0
-120.49,37.29,1.0955,1,0
-120.47,37.29,1.2054,1,0
-120.48,37.29,1.5635,1,0
-120.47,37.28,1.7756,1,0
-120.49,37.28,1.9535,1,0
-120.44,37.28,2.3929,1,0
-120.44,37.29,1.7222,1,0
-120.46,37.29,2.3594,1,0
-120.43,37.35,5.9378,1,-1
-120.4,37.3,1.5917,1,0
-120.3,37.34,2.4286,1,0
-120.32,37.29,2.3382,1,0
-120.31,37.29,1.6929,1,0
-120.31,37.29,1.5938,1,0
-120.32,37.29,1.6172,1,0
-120.25,37.23,2.1845,1,0
-120.24,37.21,3.3929,1,0
-120.35,37.31,2.0,1,0
-121.0,37.25,3.1738,1,0
-121.0,37.26,1.7062,1,0
-121.0,37.25,2.6087,1,0
-121.01,37.25,2.7316,1,0
-121.06,37.18,3.0909,1,0
-120.89,37.21,3.2262,1,0
-121.02,37.09,2.0216,1,0
-121.02,36.94,2.5074,1,0
-120.77,37.01,3.125,1,0
-120.95,37.09,2.875,1,0
-120.85,37.08,4.1779,1,0
-120.85,37.07,2.5363,1,0
-120.84,37.07,2.2019,1,0
-120.84,37.06,1.1301,1,0
-120.85,37.06,1.5479,1,0
-120.87,37.07,3.6331,1,0
-120.87,37.05,2.595,1,0
-120.85,37.05,3.1719,1,0
-120.84,37.05,5.3988,1,0
-120.79,37.08,2.9063,1,0
-120.83,37.07,2.5598,1,0
-120.82,37.05,1.933,1,0
-120.65,37.09,2.4398,1,0
-120.61,37.03,1.7841,1,0
-120.7,36.99,2.9271,1,0
-120.65,36.98,1.7188,1,0
-120.63,36.98,2.0595,1,0
-120.64,36.99,2.2794,1,0
-120.62,36.99,1.9732,1,0
-120.67,37.37,1.6607,1,0
-121.16,41.78,2.1434,1,-1
-121.18,41.31,2.4519,1,-1
-120.87,41.54,2.2321,1,-1
-120.51,41.35,2.5074,1,-1
-120.48,41.82,2.0227,1,-1
-120.08,41.79,2.0903,1,-1
-120.12,41.4,2.6062,1,-1
-120.55,41.61,2.0802,1,-1
-119.54,38.51,2.35,1,0
-119.44,38.53,1.5817,1,-1
-119.3,38.26,2.9509,1,-1
-118.98,38.03,3.5469,1,-1
-119.07,37.8,3.5294,1,-1
-119.08,37.78,2.7656,1,0
-118.45,37.7,2.35,1,-1
-118.74,37.58,3.7315,1,-1
-118.96,37.64,4.2381,1,-1
-119.02,37.64,3.2431,1,0
-118.98,37.65,4.5375,1,-1
-118.99,37.65,5.01,1,-1
-118.98,37.64,3.05,1,0
-118.97,37.64,3.0685,1,0
-118.97,37.64,3.0921,1,0
-118.97,37.64,3.6042,1,-1
-118.99,37.63,3.2917,1,-1
-121.64,36.72,4.1742,1,0
-121.63,36.71,3.9818,1,0
-121.62,36.71,4.3451,1,0
-121.62,36.74,5.0374,1,0
-121.64,36.7,4.1675,1,0
-121.65,36.7,3.0827,1,0
-121.66,36.71,3.2929,1,0
-121.66,36.7,3.4222,1,0
-121.65,36.69,2.7367,1,0
-121.64,36.68,2.3463,1,0
-121.63,36.68,2.1766,1,0
-121.61,36.68,2.8542,1,0
-121.62,36.68,2.4884,1,0
-121.61,36.69,2.0244,1,0
-121.61,36.67,2.5224,1,0
-121.62,36.67,2.8942,1,0
-121.62,36.67,2.5329,1,0
-121.63,36.67,2.5263,1,0
-121.64,36.67,3.0197,1,0
-121.63,36.65,1.6071,1,0
-121.64,36.66,5.2285,1,0
-121.65,36.66,3.2355,1,0
-121.65,36.66,3.5288,1,0
-121.65,36.67,2.8924,1,0
-121.65,36.67,1.9385,1,0
-121.66,36.68,0.9914,1,-1
-121.66,36.67,3.1439,1,0
-121.66,36.67,3.1071,1,0
-121.67,36.66,3.6875,1,0
-121.67,36.67,3.9219,1,0
-121.68,36.67,5.0,1,0
-121.67,36.68,2.8289,1,0
-121.66,36.69,3.7912,1,0
-121.79,36.85,2.7321,1,0
-121.77,36.87,3.3472,1,0
-121.73,36.9,2.5195,1,0
-121.71,36.9,4.6125,1,0
-121.68,36.9,5.2729,1,0
-121.66,36.89,5.5148,1,0
-121.76,36.83,3.6693,1,0
-121.73,36.86,4.4271,1,0
-121.71,36.88,3.7766,1,0
-121.73,36.85,3.6607,1,0
-121.7,36.84,4.9107,1,0
-121.65,36.85,4.5787,1,0
-121.69,36.8,3.338,1,0
-121.74,36.79,4.3814,1,0
-121.72,36.81,3.2969,1,0
-121.69,36.81,4.5272,1,0
-121.66,36.82,5.0092,1,0
-121.64,36.82,4.1696,1,0
-121.76,36.75,3.8424,1,0
-121.7,36.77,3.0347,1,0
-121.76,36.77,2.3384,1,0
-121.75,36.77,3.2937,1,0
-121.75,36.76,2.7694,1,0
-121.64,36.74,4.1696,1,0
-121.64,36.8,4.5812,1,0
-121.6,36.81,5.2203,1,0
-121.65,36.77,4.7969,1,0
-121.68,36.72,3.2652,1,0
-121.7,36.67,3.3456,1,0
-121.62,36.63,3.6286,1,0
-121.54,36.7,3.525,1,0
-121.62,36.69,2.5986,1,0
-121.62,36.69,2.2667,1,0
-121.69,36.62,6.0332,1,0
-121.7,36.6,5.0162,1,0
-121.67,36.58,6.1551,1,0
-121.59,36.55,5.1788,1,0
-121.7,36.55,7.6245,1,0
-121.69,36.52,8.0922,1,-1
-121.43,36.5,2.3879,1,0
-121.44,36.51,3.2219,1,0
-121.45,36.51,1.775,1,0
-121.42,36.57,2.8775,1,0
-121.48,36.49,1.9722,1,0
-121.74,36.49,4.4209,1,0
-121.73,36.5,5.6383,1,0
-121.74,36.47,4.25,1,0
-121.7,36.48,3.5039,1,0
-121.62,36.43,4.7891,1,0
-121.66,36.37,6.1668,1,0
-121.31,36.42,2.6629,1,0
-121.32,36.42,3.0437,1,0
-121.32,36.43,2.7153,1,0
-121.33,36.43,2.625,1,0
-121.4,36.38,3.3289,1,0
-121.23,36.33,3.0543,1,0
-121.25,36.32,2.9184,1,0
-121.26,36.32,2.3,1,0
-121.24,36.33,3.1222,1,0
-121.24,36.34,2.6648,1,0
-121.12,36.21,2.1107,1,0
-121.13,36.21,3.1929,1,0
-121.13,36.21,1.7548,1,0
-121.13,36.21,3.4821,1,0
-121.13,36.2,2.9559,1,0
-121.02,36.24,2.6801,1,0
-121.2,36.14,3.9647,1,0
-121.39,36.16,3.0526,1,0
-121.32,35.95,3.5547,1,0
-121.0,35.94,3.3724,1,0
-120.79,36.06,2.4881,1,0
-120.51,35.91,5.3245,1,0
-121.91,36.42,3.7083,1,0
-121.84,36.25,2.6094,1,0
-121.62,36.14,3.2375,1,0
-121.87,36.55,5.1506,1,0
-121.82,36.54,5.5469,1,0
-121.77,36.53,10.1854,1,0
-121.84,36.52,6.5234,1,0
-121.88,36.49,5.8142,1,0
-121.92,36.57,4.174,1,0
-121.91,36.55,5.7248,1,0
-121.92,36.54,3.9792,1,0
-121.92,36.56,5.5164,1,0
-121.94,36.55,3.4048,1,0
-121.92,36.56,2.7039,1,0
-121.92,36.55,3.7852,1,0
-121.92,36.55,3.6,1,0
-121.92,36.55,3.275,1,0
-121.95,36.61,6.3835,1,0
-121.93,36.59,5.0621,1,0
-121.95,36.6,7.1198,1,0
-121.95,36.59,5.8505,1,0
-121.94,36.58,6.777,1,0
-121.94,36.57,14.4113,1,-1
-121.93,36.6,4.0154,1,0
-121.92,36.61,3.1543,1,0
-121.93,36.62,3.725,1,0
-121.92,36.61,3.1359,1,0
-121.93,36.62,4.0313,1,0
-121.92,36.62,4.3281,1,0
-121.92,36.62,3.7614,1,0
-121.92,36.62,3.0379,1,0
-121.91,36.62,3.2865,1,0
-121.92,36.62,2.6713,1,0
-121.92,36.62,2.5625,1,0
-121.92,36.62,3.4327,1,0
-121.91,36.62,2.475,1,0
-121.91,36.62,3.3333,1,0
-121.71,36.78,5.9175,1,0
-121.92,36.62,2.5263,1,0
-121.91,36.62,3.5865,1,0
-121.91,36.62,3.7454,1,0
-121.91,36.63,2.1776,1,0
-121.93,36.63,3.5147,1,0
-121.93,36.63,3.1912,1,0
-121.92,36.63,3.4943,1,0
-121.93,36.63,4.3571,1,0
-121.92,36.63,3.4167,1,0
-121.89,36.63,3.0383,1,0
-121.9,36.61,2.9309,1,0
-121.91,36.61,3.2952,1,0
-121.92,36.61,4.3,1,0
-121.92,36.61,2.4922,1,0
-121.9,36.6,2.4663,1,0
-121.9,36.6,2.8727,1,0
-121.9,36.6,3.0625,1,0
-121.9,36.59,4.6182,1,0
-121.9,36.58,3.1977,1,0
-121.91,36.59,4.6964,1,0
-121.91,36.6,5.5519,1,0
-121.91,36.59,6.2323,1,0
-121.89,36.6,2.7917,1,0
-121.89,36.6,1.2656,1,0
-121.88,36.6,2.5164,1,0
-121.88,36.59,2.6894,1,0
-121.89,36.59,3.1364,1,0
-121.89,36.59,6.918,1,0
-121.88,36.58,4.0432,1,0
-121.86,36.58,5.7578,1,0
-121.81,36.57,6.9615,1,0
-121.87,36.61,4.2109,1,0
-121.86,36.6,3.038,1,0
-121.86,36.6,2.9085,1,0
-121.86,36.6,3.5568,1,0
-121.85,36.6,2.5372,1,0
-121.85,36.59,3.3156,1,0
-121.84,36.59,4.3269,1,0
-121.83,36.61,3.0542,1,0
-121.83,36.6,4.3472,1,0
-121.84,36.61,2.5663,1,0
-121.84,36.6,3.4643,1,0
-121.84,36.61,2.2007,1,0
-121.84,36.61,1.875,1,0
-121.82,36.61,3.8015,1,0
-121.83,36.61,3.4531,1,0
-121.83,36.61,3.2545,1,0
-121.83,36.62,3.5,1,0
-121.83,36.62,2.7708,1,0
-121.85,36.6,2.4864,1,0
-121.85,36.61,1.3897,1,0
-121.86,36.63,2.5313,1,0
-121.84,36.62,2.225,1,0
-121.79,36.64,2.3087,1,0
-121.8,36.68,3.0,1,0
-121.79,36.68,3.0608,1,0
-121.8,36.72,5.4508,1,0
-121.8,36.69,3.4239,1,0
-121.77,36.71,3.512,1,0
-122.29,38.3,1.0096,1,0
-122.29,38.3,1.8287,1,0
-122.3,38.3,2.7619,1,0
-122.3,38.3,3.3542,1,0
-122.29,38.3,1.6691,1,0
-122.28,38.29,2.2366,1,0
-122.29,38.29,2.4398,1,0
-122.3,38.29,2.9643,1,0
-122.3,38.29,2.6518,1,0
-122.29,38.28,3.6083,1,0
-122.26,38.29,6.5799,1,0
-122.27,38.29,2.8409,1,0
-122.28,38.3,2.0134,1,0
-122.28,38.29,1.9875,1,0
-122.27,38.29,3.3021,1,0
-122.26,38.28,4.5,1,0
-122.27,38.28,2.6618,1,0
-122.26,38.31,5.2444,1,0
-122.27,38.32,1.9946,1,0
-122.27,38.31,2.9054,1,0
-122.28,38.32,3.4543,1,0
-122.29,38.32,2.7667,1,0
-122.3,38.32,2.5035,1,0
-122.3,38.31,3.455,1,0
-122.29,38.31,2.7325,1,0
-122.28,38.31,1.76,1,0
-122.29,38.31,2.2721,1,0
-122.3,38.3,2.6346,1,0
-122.31,38.34,4.5293,1,0
-122.31,38.33,3.6042,1,0
-122.3,38.33,4.1862,1,0
-122.31,38.33,4.0132,1,0
-122.31,38.32,3.7045,1,0
-122.32,38.33,5.0877,1,0
-122.33,38.33,5.3017,1,0
-122.32,38.32,5.8002,1,0
-122.32,38.32,4.0878,1,0
-122.31,38.32,3.285,1,0
-122.32,38.32,5.0,1,0
-122.33,38.31,6.1953,1,0
-122.31,38.3,3.9,1,0
-122.31,38.31,3.8796,1,0
-122.31,38.3,3.6039,1,0
-122.32,38.29,2.3787,1,0
-122.33,38.29,5.3351,1,0
-122.3,38.29,2.4728,1,0
-122.3,38.29,3.0404,1,0
-122.3,38.28,3.3977,1,0
-122.31,38.27,4.3585,1,0
-122.3,38.27,3.6389,1,0
-122.3,38.25,3.7188,1,0
-122.21,38.28,4.4861,1,0
-122.24,38.25,4.9167,1,0
-122.28,38.22,7.5197,1,0
-122.29,38.19,4.7472,1,0
-122.25,38.17,4.2955,1,0
-122.23,38.17,1.8942,1,0
-122.25,38.16,2.9375,1,0
-122.26,38.16,4.0337,1,0
-122.39,38.37,6.8,1,0
-122.37,38.33,4.825,1,0
-122.35,38.3,5.6304,1,0
-122.33,38.21,4.625,1,0
-122.4,38.34,3.5781,1,0
-122.33,38.38,4.5694,1,0
-122.4,38.41,2.5685,1,0
-122.32,38.35,5.5718,1,0
-122.36,38.41,3.7067,1,0
-122.36,38.4,2.2536,1,0
-122.18,38.35,6.0266,1,0
-122.21,38.41,5.5266,1,0
-122.29,38.4,4.7833,1,0
-122.33,38.39,6.3427,1,0
-122.28,38.34,3.6389,1,0
-122.26,38.36,6.9931,1,0
-122.26,38.33,5.815,1,0
-122.23,38.33,5.5368,1,0
-122.24,38.31,6.1089,1,0
-122.52,38.53,4.875,1,0
-122.48,38.48,4.6379,1,0
-122.4,38.46,4.635,1,0
-122.47,38.51,3.5506,1,0
-122.47,38.51,3.4904,1,0
-122.48,38.51,3.1312,1,0
-122.48,38.5,4.3125,1,0
-122.47,38.5,4.1993,1,0
-122.45,38.51,1.9441,1,0
-122.4,38.53,3.6118,1,0
-122.44,38.57,3.6429,1,0
-122.45,38.58,3.0938,1,0
-122.47,38.6,5.3698,1,0
-122.48,38.54,4.2096,1,0
-122.46,38.53,3.6641,1,0
-122.27,38.68,3.1563,1,0
-122.26,38.57,2.1979,1,0
-122.27,38.53,4.4,1,0
-122.18,38.49,3.3393,1,0
-122.52,38.67,3.4539,1,0
-122.59,38.56,4.65,1,0
-122.57,38.58,1.9925,1,0
-122.58,38.59,3.5208,1,0
-122.58,38.58,2.3942,1,0
-122.59,38.58,3.7585,1,0
-121.07,39.15,2.4726,1,0
-121.07,39.09,2.8864,1,0
-121.1,39.08,2.5887,1,0
-121.11,39.09,2.3062,1,0
-121.12,39.03,3.6563,1,0
-121.05,39.13,4.4375,1,0
-121.03,39.14,4.0775,1,0
-121.07,39.13,4.0848,1,0
-121.05,39.11,3.6333,1,0
-121.04,39.08,3.463,1,0
-121.0,39.09,3.0781,1,0
-121.08,39.02,4.2031,1,0
-121.07,39.05,3.6087,1,0
-121.07,39.04,4.5042,1,0
-121.03,39.05,3.9185,1,0
-121.06,39.04,4.2802,1,0
-121.06,39.04,5.5161,1,0
-121.06,39.03,3.8417,1,0
-121.22,39.11,3.0804,1,0
-121.19,39.05,3.9,1,0
-121.14,39.1,5.0389,1,0
-121.12,39.2,3.045,1,0
-121.1,39.15,4.0333,1,0
-121.08,39.18,3.7426,1,0
-121.18,39.26,3.5938,1,0
-121.18,39.25,4.3646,1,0
-121.2,39.25,4.3523,1,0
-121.18,39.23,3.7125,1,0
-121.21,39.24,4.3702,1,0
-121.2,39.23,5.2359,1,0
-121.18,39.19,2.4688,1,0
-121.16,39.18,3.1042,1,0
-121.25,39.17,2.125,1,0
-121.2,39.2,2.9688,1,0
-121.15,39.23,2.8102,1,0
-121.24,39.22,2.2917,1,0
-121.23,39.27,3.3603,1,0
-121.07,39.23,1.9886,1,0
-121.04,39.24,2.3125,1,0
-121.05,39.23,1.5313,1,0
-121.06,39.23,2.186,1,0
-121.06,39.22,2.325,1,0
-121.09,39.23,2.7813,1,0
-121.07,39.22,2.425,1,0
-121.08,39.22,2.1419,1,0
-121.08,39.21,2.4811,1,0
-121.09,39.22,2.6042,1,0
-121.07,39.2,1.0,1,0
-121.02,39.23,1.4241,1,0
-121.04,39.22,2.25,1,0
-121.03,39.21,3.2337,1,0
-121.05,39.2,2.3125,1,0
-121.06,39.21,2.2083,1,0
-121.05,39.21,2.535,1,0
-120.94,39.22,4.0062,1,0
-120.83,39.27,3.67,1,0
-121.0,39.23,4.0426,1,0
-120.99,39.22,2.8942,1,0
-120.99,39.2,3.3009,1,0
-120.93,39.17,3.6563,1,0
-120.99,39.13,3.6434,1,0
-120.99,39.18,3.6607,1,0
-121.0,39.16,3.2813,1,0
-121.04,39.19,3.5859,1,0
-121.02,39.17,3.2303,1,0
-121.02,39.27,3.2,1,0
-121.03,39.26,2.4283,1,0
-121.0,39.26,3.1094,1,0
-121.02,39.25,2.2278,1,0
-121.06,39.29,3.4028,1,0
-120.94,39.32,3.5385,1,0
-121.06,39.25,3.9537,1,0
-120.89,39.3,3.5417,1,0
-120.99,39.26,3.7917,1,0
-120.91,39.39,1.6094,1,0
-121.03,39.37,2.6341,1,0
-121.13,39.31,2.8102,1,0
-120.74,39.39,1.3523,1,0
-120.09,39.4,2.125,1,0
-120.17,39.33,4.119,1,0
-120.2,39.33,3.7841,1,0
-120.19,39.32,2.3594,1,0
-120.17,39.32,3.5652,1,0
-120.17,39.33,0.9283,1,-1
-120.1,39.37,4.5208,1,0
-120.1,39.33,4.3958,1,0
-120.15,39.36,5.6856,1,-1
-120.26,39.32,3.0043,1,0
-120.35,39.34,4.0278,1,0
-120.27,39.35,4.665,1,0
-120.25,39.34,3.1842,1,0
-120.24,39.35,3.4792,1,0
-120.23,39.36,4.0481,1,0
-120.22,39.35,4.5882,1,0
-120.21,39.35,4.7917,1,0
-120.19,39.35,5.0622,1,0
-117.95,33.94,5.0782,0,0
-117.96,33.94,4.8906,0,0
-117.97,33.94,4.1205,0,0
-117.97,33.94,5.5608,0,0
-117.97,33.94,4.0893,0,0
-117.97,33.93,4.4107,0,0
-117.97,33.93,4.5461,0,0
-117.96,33.93,3.46,0,0
-117.96,33.93,3.776,0,0
-117.96,33.94,2.6641,0,0
-117.94,33.93,4.0833,0,0
-117.94,33.93,3.8194,0,0
-117.94,33.93,2.7125,0,0
-117.95,33.93,3.4702,0,0
-117.95,33.93,2.6123,0,0
-117.96,33.93,4.7446,0,0
-117.97,33.92,5.7796,0,0
-117.97,33.93,4.1321,0,0
-117.97,33.92,3.0,0,0
-117.96,33.92,3.2158,0,0
-117.95,33.92,3.6106,0,0
-117.94,33.92,3.0588,0,0
-117.95,33.92,4.0,0,0
-117.95,33.92,4.3426,0,0
-117.94,33.92,4.6696,0,0
-117.95,33.92,3.1378,0,0
-117.94,33.94,5.1084,0,0
-117.94,33.94,4.5096,0,0
-117.95,33.94,4.45,0,0
-117.94,33.94,2.2156,0,0
-117.93,33.94,6.0516,0,0
-117.93,33.94,4.225,0,0
-117.93,33.93,3.7933,0,0
-117.92,33.94,5.583,0,0
-117.92,33.94,4.7813,0,0
-117.93,33.92,4.2443,0,0
-117.93,33.93,2.8,0,0
-117.93,33.93,2.1944,0,0
-117.92,33.93,3.75,0,0
-117.91,33.93,6.2452,0,0
-117.91,33.94,6.3433,0,0
-117.89,33.94,4.7216,0,0
-117.88,33.93,7.6486,0,0
-117.9,33.93,3.3173,0,0
-117.89,33.92,5.4617,0,0
-117.9,33.92,5.9177,0,0
-117.91,33.92,4.7222,0,0
-117.91,33.91,3.6106,0,0
-117.91,33.91,5.0096,0,0
-117.91,33.91,4.125,0,0
-117.91,33.91,4.9766,0,0
-117.89,33.92,3.8333,0,0
-117.89,33.91,3.7321,0,0
-117.9,33.91,3.5403,0,0
-117.89,33.92,3.4954,0,0
-117.89,33.92,2.3935,0,0
-117.89,33.9,6.5284,0,0
-117.89,33.9,7.898,0,0
-117.9,33.9,4.9743,0,0
-117.9,33.91,4.9524,0,0
-117.9,33.91,4.3103,0,0
-117.92,33.92,5.1952,0,0
-117.92,33.91,6.1825,0,0
-117.92,33.91,9.5561,0,0
-117.91,33.9,9.3125,0,0
-117.92,33.89,5.4716,0,0
-117.92,33.9,6.3489,0,0
-117.93,33.91,5.2017,0,0
-117.9,33.9,6.9399,0,0
-117.9,33.88,9.0055,0,0
-117.89,33.89,13.1107,0,-1
-117.92,33.89,5.0258,0,0
-117.97,33.91,6.0076,0,0
-117.96,33.9,7.2532,0,0
-117.95,33.9,6.8429,0,0
-117.96,33.9,6.5635,0,0
-117.98,33.9,4.8264,0,0
-117.96,33.88,6.2556,0,0
-117.95,33.89,6.5764,0,0
-117.96,33.89,4.4375,0,0
-117.94,33.91,5.6441,0,0
-117.93,33.9,9.9071,0,0
-117.94,33.89,6.7528,0,0
-117.94,33.88,5.3738,0,0
-117.94,33.9,9.7956,0,0
-117.98,33.87,3.3199,0,0
-117.98,33.87,3.8068,0,0
-117.98,33.86,3.875,0,0
-117.98,33.86,4.1287,0,0
-117.97,33.87,3.7054,0,0
-117.97,33.86,3.6006,0,0
-117.97,33.86,3.5855,0,0
-117.97,33.86,3.6471,0,0
-117.96,33.86,3.7813,0,0
-117.96,33.86,4.2937,0,0
-117.96,33.87,3.7222,0,0
-117.95,33.86,4.53,0,0
-117.95,33.86,5.2099,0,0
-117.96,33.86,3.3516,0,0
-117.94,33.88,5.4217,0,0
-117.95,33.87,4.285,0,0
-117.95,33.87,4.4784,0,0
-117.95,33.87,2.0227,0,0
-117.96,33.87,3.141,0,0
-117.96,33.87,4.7984,0,0
-117.95,33.88,3.6705,0,0
-117.94,33.86,4.6477,0,0
-117.94,33.86,2.1432,0,0
-117.95,33.86,5.197,0,0
-117.93,33.86,4.5774,0,0
-117.93,33.86,4.0288,0,0
-117.94,33.86,4.6964,0,0
-117.94,33.86,4.75,0,0
-117.93,33.88,5.1237,0,0
-117.93,33.87,1.4803,0,0
-117.94,33.87,3.9375,0,0
-117.94,33.88,4.3333,0,0
-117.92,33.87,2.1991,0,0
-117.92,33.87,2.8438,0,0
-117.93,33.87,2.315,0,0
-117.93,33.88,4.0812,0,0
-117.93,33.88,7.2893,0,0
-117.92,33.88,3.75,0,0
-117.91,33.88,5.2336,0,0
-117.92,33.88,5.3649,0,0
-117.92,33.88,5.3986,0,0
-117.91,33.89,7.875,0,0
-117.9,33.88,5.2897,0,0
-117.9,33.88,4.675,0,0
-117.9,33.87,2.9861,0,0
-117.9,33.87,3.4338,0,0
-117.91,33.87,2.5,0,0
-117.91,33.87,2.9076,0,0
-117.88,33.89,3.6435,0,0
-117.88,33.89,4.5,0,0
-117.88,33.88,3.0263,0,0
-117.89,33.88,1.9127,0,0
-117.89,33.88,5.3836,0,0
-117.89,33.88,5.7519,0,0
-117.89,33.87,3.0893,0,0
-117.89,33.87,3.3594,0,0
-117.88,33.87,5.6409,0,0
-117.89,33.87,3.0465,0,0
-117.93,33.87,3.3472,0,0
-117.93,33.86,2.6563,0,0
-117.93,33.86,3.3438,0,0
-117.93,33.86,5.5867,0,0
-117.93,33.87,1.7935,0,0
-117.89,33.86,3.3008,0,0
-117.91,33.86,2.4732,0,0
-117.92,33.86,3.6375,0,0
-117.92,33.87,3.055,0,0
-117.87,33.91,4.2188,0,0
-117.88,33.9,6.5945,0,0
-117.88,33.9,3.5333,0,0
-117.88,33.89,3.0214,0,0
-117.88,33.89,3.6946,0,0
-117.87,33.89,7.1472,0,0
-117.86,33.91,6.4514,0,0
-117.86,33.9,6.9113,0,0
-117.86,33.9,7.2478,0,0
-117.87,33.9,6.8268,0,0
-117.86,33.89,6.6897,0,0
-117.86,33.89,6.9612,0,0
-117.87,33.89,6.4218,0,0
-117.86,33.88,3.7361,0,0
-117.87,33.89,2.425,0,0
-117.87,33.89,3.343,0,0
-117.87,33.88,3.025,0,0
-117.87,33.88,3.3036,0,0
-117.87,33.88,3.5667,0,0
-117.87,33.88,3.6417,0,0
-117.86,33.87,5.1784,0,0
-117.87,33.85,5.2949,0,0
-117.85,33.86,4.6806,0,0
-117.85,33.89,5.9639,0,0
-117.85,33.88,7.3658,0,0
-117.86,33.88,6.5843,0,0
-117.85,33.87,5.6549,0,0
-117.85,33.9,5.5918,0,0
-117.85,33.9,5.2037,0,0
-117.84,33.89,5.7951,0,0
-117.85,33.89,5.7457,0,0
-117.88,33.87,3.2083,0,0
-117.87,33.86,3.1534,0,0
-117.87,33.87,4.6563,0,0
-117.87,33.87,2.4929,0,0
-117.87,33.87,3.0227,0,0
-117.86,33.87,5.6573,0,0
-117.88,33.85,2.7759,0,0
-117.87,33.86,3.4856,0,0
-117.88,33.85,3.1667,0,0
-117.81,33.89,5.8243,0,0
-117.82,33.88,7.0526,0,0
-117.82,33.89,4.6172,0,0
-117.81,33.88,5.3339,0,0
-117.82,33.89,4.0714,0,0
-117.78,33.86,4.1064,0,0
-117.76,33.87,6.4265,0,0
-117.83,33.9,6.5755,0,0
-117.84,33.9,7.0352,0,0
-117.83,33.89,4.625,0,0
-117.83,33.88,6.0132,0,0
-117.84,33.89,6.7837,0,0
-117.83,33.88,6.9308,0,0
-117.82,33.88,6.2185,0,0
-117.83,33.87,5.2131,0,0
-117.81,33.88,9.2327,0,0
-117.81,33.87,6.0591,0,0
-117.8,33.87,4.2566,0,0
-117.81,33.86,3.5625,0,0
-117.87,33.92,6.3303,0,0
-117.88,33.92,5.457,0,0
-117.85,33.92,8.0287,0,0
-117.87,33.92,6.0571,0,0
-117.83,33.93,6.5841,0,0
-117.8,33.92,4.6315,0,0
-117.8,33.89,7.0217,0,0
-117.79,33.88,6.0829,0,0
-117.78,33.87,5.3307,0,0
-117.78,33.88,6.6678,0,0
-117.78,33.9,6.5437,0,0
-117.82,33.9,7.5744,0,0
-117.8,33.9,7.8537,0,0
-117.74,33.89,7.4947,0,0
-117.76,33.88,6.6536,0,0
-117.77,33.88,8.1117,0,0
-117.78,33.89,8.9088,0,0
-117.8,33.85,5.6403,0,0
-117.82,33.85,6.057,0,0
-117.82,33.85,5.2227,0,0
-117.8,33.85,5.806,0,0
-117.82,33.84,10.1299,0,0
-117.81,33.84,10.5981,0,0
-117.79,33.84,8.3931,0,0
-117.78,33.85,7.2554,0,0
-117.78,33.86,6.1504,0,0
-117.76,33.87,7.0592,0,0
-117.78,33.81,7.7752,0,0
-117.77,33.8,9.8074,0,0
-117.8,33.79,4.3269,0,0
-117.79,33.8,6.67,0,0
-117.77,33.85,7.3681,0,0
-117.76,33.84,8.7124,0,0
-117.75,33.84,6.6207,0,0
-117.76,33.83,6.4415,0,0
-117.77,33.84,6.7274,0,0
-117.76,33.86,10.1316,0,0
-117.75,33.83,8.2375,0,0
-117.74,33.85,6.9544,0,0
-117.78,33.82,9.1808,0,0
-117.76,33.81,7.1193,0,0
-117.81,33.8,6.0531,0,0
-117.81,33.79,4.2564,0,0
-117.8,33.81,8.847,0,0
-117.8,33.78,6.925,0,0
-117.8,33.78,4.7804,0,0
-117.69,33.8,5.2541,0,0
-117.66,33.61,8.4112,0,0
-117.66,33.62,6.2177,0,0
-117.67,33.61,5.7871,0,0
-117.66,33.61,6.0471,0,0
-117.66,33.61,7.1497,0,0
-117.66,33.6,6.8667,0,0
-117.66,33.6,7.5488,0,0
-117.67,33.61,6.1401,0,0
-117.68,33.63,3.929,0,0
-117.68,33.63,6.2403,0,0
-117.67,33.63,4.4063,0,0
-117.62,33.77,4.6369,0,0
-117.6,33.72,5.6346,0,0
-117.67,33.6,6.7921,0,0
-117.66,33.59,7.5791,0,0
-117.67,33.6,7.2592,0,0
-117.66,33.58,7.5196,0,0
-117.67,33.57,7.9294,0,0
-117.66,33.57,8.0082,0,0
-117.7,33.62,3.7361,0,0
-117.69,33.62,6.4598,0,0
-117.68,33.61,6.0689,0,0
-117.69,33.61,4.0221,0,0
-117.68,33.6,7.2147,0,0
-117.65,33.65,5.5779,0,0
-117.66,33.64,6.7079,0,0
-117.67,33.64,5.1645,0,0
-117.66,33.65,6.2242,0,0
-117.65,33.65,6.7543,0,0
-117.65,33.63,8.4471,0,0
-117.65,33.65,7.5426,0,0
-117.66,33.63,5.5085,0,0
-117.63,33.65,7.7814,0,0
-117.62,33.64,10.1531,0,0
-117.64,33.63,8.798,0,0
-117.64,33.64,6.1935,0,0
-117.64,33.65,5.4132,0,0
-117.63,33.62,3.7139,0,0
-117.63,33.63,4.2009,0,0
-117.65,33.62,6.2899,0,0
-117.64,33.62,3.4115,0,0
-117.66,33.62,6.1493,0,0
-117.65,33.6,6.4114,0,0
-117.64,33.61,5.826,0,0
-117.65,33.6,5.133,0,0
-117.64,33.59,8.1611,0,0
-117.66,33.58,9.6986,0,0
-117.65,33.57,4.3542,0,0
-117.65,33.58,7.8061,0,0
-117.66,33.57,5.5545,0,0
-117.65,33.59,8.0409,0,0
-117.67,33.54,4.7981,0,0
-117.67,33.54,4.8906,0,0
-117.67,33.55,3.7609,0,0
-117.67,33.56,4.6863,0,0
-117.64,33.51,5.9339,0,0
-117.64,33.51,7.2648,0,0
-117.55,33.52,5.136,0,0
-117.59,33.61,10.0765,0,0
-117.58,33.6,11.0567,0,0
-117.49,33.64,6.8588,0,0
-117.59,33.67,6.5143,0,0
-117.53,33.69,10.9704,0,0
-117.59,33.66,5.1589,0,0
-117.58,33.66,5.2497,0,0
-117.58,33.65,5.7709,0,0
-117.59,33.66,6.0722,0,0
-117.59,33.65,4.5022,0,0
-117.6,33.65,6.2464,0,0
-117.61,33.67,6.8004,0,0
-117.64,33.66,4.6076,0,0
-117.59,33.65,4.2463,0,0
-117.58,33.65,3.375,0,0
-117.61,33.63,6.1078,0,0
-117.65,33.53,10.49,0,0
-117.62,33.42,4.0294,0,0
-117.63,33.38,5.1482,0,0
-117.61,33.41,6.1557,0,0
-117.61,33.42,4.0313,0,0
-117.6,33.41,4.5476,0,0
-117.62,33.47,6.487,0,0
-117.63,33.45,5.3705,0,0
-117.63,33.47,7.6012,0,0
-117.61,33.45,4.7237,0,0
-117.63,33.46,6.3401,0,0
-117.64,33.45,6.2871,0,0
-117.65,33.42,3.3967,0,0
-117.64,33.45,4.875,0,0
-117.62,33.43,3.2232,0,0
-117.62,33.43,3.3155,0,0
-117.62,33.43,2.7545,0,0
-117.65,33.4,3.5729,0,0
-117.62,33.43,4.0647,0,0
-117.61,33.43,2.3545,0,0
-117.62,33.42,3.1029,0,0
-117.62,33.42,3.1395,0,0
-117.6,33.45,5.4031,0,0
-117.59,33.44,4.3897,0,0
-117.59,33.4,4.0076,0,0
-117.59,33.41,5.1298,0,0
-117.6,33.42,4.665,0,0
-117.61,33.43,3.9875,0,0
-117.6,33.43,5.1439,0,0
-117.61,33.44,6.5954,0,0
-117.59,33.43,6.5964,0,0
-117.67,33.47,1.6393,0,0
-117.67,33.46,4.6518,0,0
-117.67,33.44,6.6852,0,0
-117.67,33.46,5.3999,0,0
-117.66,33.46,5.0877,0,0
-117.66,33.46,5.1024,0,0
-117.66,33.48,2.3846,0,0
-117.65,33.49,4.3603,0,0
-117.64,33.49,5.6197,0,0
-117.65,33.48,5.4188,0,0
-117.65,33.48,13.0502,0,-1
-117.63,33.5,7.2013,0,0
-117.63,33.47,6.3369,0,0
-117.65,33.46,6.0873,0,0
-117.64,33.48,5.6754,0,0
-117.65,33.45,5.49,0,0
-117.73,33.49,10.3983,0,0
-117.76,33.48,5.0044,0,0
-117.74,33.51,7.8239,0,0
-117.73,33.53,7.8915,0,0
-117.72,33.54,4.9821,0,0
-117.72,33.53,5.1129,0,0
-117.72,33.51,5.133,0,0
-117.72,33.49,5.7281,0,0
-117.73,33.49,9.8321,0,0
-117.73,33.51,6.1785,0,0
-117.69,33.6,6.4211,0,0
-117.68,33.6,6.8154,0,0
-117.69,33.6,5.4622,0,0
-117.7,33.6,3.0461,0,0
-117.69,33.6,3.475,0,0
-117.69,33.6,6.5413,0,0
-117.69,33.59,7.9283,0,0
-117.68,33.59,8.8636,0,0
-117.69,33.58,7.5177,0,0
-117.68,33.59,14.9009,0,1
-117.69,33.58,10.3953,0,0
-117.68,33.47,6.126,0,0
-117.68,33.48,5.0527,0,0
-117.68,33.49,4.245,0,0
-117.68,33.49,2.8357,0,0
-117.67,33.49,2.1935,0,0
-117.67,33.49,8.163,0,0
-117.68,33.51,6.323,0,0
-117.68,33.49,6.3568,0,0
-117.69,33.48,6.1815,0,0
-117.69,33.47,5.756,0,0
-117.66,33.51,4.0167,0,0
-117.66,33.5,4.4732,0,0
-117.67,33.51,4.0388,0,0
-117.67,33.51,3.4792,0,0
-117.67,33.51,2.9762,0,0
-117.69,33.47,3.86,0,0
-117.7,33.47,4.1563,0,0
-117.7,33.47,3.5915,0,0
-117.69,33.47,3.668,0,0
-117.7,33.47,3.8403,0,0
-117.72,33.43,3.8992,0,0
-117.68,33.55,6.065,0,0
-117.68,33.54,7.618,0,0
-117.68,33.52,5.753,0,0
-117.69,33.55,6.8007,0,0
-117.69,33.54,6.5394,0,0
-117.69,33.53,6.0868,0,0
-117.69,33.52,3.4455,0,0
-117.7,33.51,6.8279,0,0
-117.69,33.52,4.538,0,0
-117.7,33.53,5.9088,0,0
-117.71,33.52,6.1007,0,0
-117.71,33.51,13.1477,0,-1
-117.71,33.51,6.379,0,0
-117.68,33.57,10.1122,0,0
-117.69,33.55,8.3275,0,0
-117.69,33.55,6.0743,0,0
-117.7,33.54,7.9338,0,0
-117.7,33.55,7.1736,0,0
-117.7,33.56,6.9343,0,0
-117.7,33.56,4.1379,0,0
-117.7,33.57,3.3125,0,0
-117.71,33.54,10.4415,0,0
-117.71,33.54,7.3878,0,0
-117.71,33.58,4.6336,0,0
-117.7,33.57,3.6196,0,0
-117.71,33.57,4.045,0,0
-117.71,33.57,4.877,0,0
-117.68,33.51,6.2661,0,0
-117.69,33.51,4.6607,0,0
-117.7,33.5,5.5677,0,0
-117.71,33.49,8.583,0,0
-117.7,33.5,8.7591,0,0
-117.7,33.48,6.3579,0,0
-117.7,33.48,6.3088,0,0
-117.71,33.47,6.5206,0,0
-117.74,33.46,4.89,0,0
-117.71,33.47,5.5507,0,0
-117.7,33.68,2.8192,0,0
-117.76,33.71,8.3634,0,0
-117.75,33.71,3.2841,0,0
-117.76,33.7,7.9125,0,0
-117.77,33.71,7.3141,0,0
-117.77,33.7,5.5464,0,0
-117.77,33.7,3.7147,0,0
-117.69,33.65,6.1062,0,0
-117.71,33.65,8.6088,0,0
-117.7,33.65,6.1863,0,0
-117.71,33.64,8.111,0,0
-117.71,33.63,5.8399,0,0
-117.71,33.63,4.5909,0,0
-117.71,33.63,3.4261,0,0
-117.7,33.63,5.2325,0,0
-117.72,33.64,2.2969,0,0
-117.7,33.62,5.0686,0,0
-117.7,33.63,5.5584,0,0
-117.71,33.62,5.8898,0,0
-117.76,33.72,10.4498,0,0
-117.76,33.72,7.9739,0,0
-117.75,33.72,8.7603,0,0
-117.76,33.72,4.3636,0,0
-117.76,33.71,3.2229,0,0
-117.74,33.73,4.1167,0,0
-117.69,33.66,8.2953,0,0
-117.69,33.66,6.9501,0,0
-117.67,33.67,5.7797,0,0
-117.67,33.66,4.7341,0,0
-117.68,33.65,5.928,0,0
-117.64,33.68,6.5069,0,0
-117.7,33.72,1.9659,0,0
-117.69,33.65,7.5619,0,0
-117.7,33.64,8.1926,0,0
-117.69,33.63,4.9079,0,0
-117.69,33.64,5.7559,0,0
-117.69,33.64,6.9741,0,0
-117.82,33.71,2.885,0,0
-117.82,33.72,6.5987,0,0
-117.81,33.73,2.1719,0,0
-117.8,33.72,4.821,0,0
-117.81,33.71,7.3769,0,0
-117.82,33.72,6.8634,0,0
-117.77,33.7,5.4248,0,0
-117.77,33.69,3.7988,0,0
-117.77,33.69,5.0631,0,0
-117.77,33.69,2.1406,0,0
-117.78,33.69,5.1299,0,0
-117.78,33.68,6.115,0,0
-117.78,33.69,6.0961,0,0
-117.8,33.69,6.8219,0,0
-117.79,33.69,5.7115,0,0
-117.79,33.68,6.8722,0,0
-117.8,33.68,4.4391,0,0
-117.8,33.69,4.2083,0,0
-117.8,33.69,7.9887,0,0
-117.8,33.68,3.631,0,0
-117.8,33.68,6.9133,0,0
-117.81,33.67,7.7589,0,0
-117.81,33.67,4.6019,0,0
-117.81,33.67,5.2124,0,0
-117.81,33.67,7.2025,0,0
-117.81,33.67,7.4581,0,0
-117.81,33.68,5.1583,0,0
-117.78,33.68,6.0634,0,0
-117.78,33.68,4.6793,0,0
-117.79,33.68,7.2118,0,0
-117.78,33.68,4.0187,0,0
-117.79,33.68,5.7858,0,0
-117.79,33.68,8.735,0,0
-117.8,33.67,5.7759,0,0
-117.8,33.67,8.284,0,0
-117.8,33.67,6.7962,0,0
-117.81,33.69,2.4233,0,0
-117.81,33.68,4.5469,0,0
-117.82,33.68,8.7974,0,0
-117.82,33.68,7.9187,0,0
-117.82,33.67,6.276,0,0
-117.83,33.68,4.1652,0,0
-117.82,33.68,6.1395,0,0
-117.77,33.67,4.5094,0,0
-117.77,33.72,6.5743,0,0
-117.77,33.72,7.8139,0,0
-117.77,33.71,8.1111,0,0
-117.77,33.71,7.5847,0,0
-117.77,33.71,5.5631,0,0
-117.78,33.71,7.3518,0,0
-117.78,33.71,4.6141,0,0
-117.79,33.73,7.2074,0,0
-117.78,33.7,5.409,0,0
-117.79,33.7,6.3298,0,0
-117.79,33.71,6.2162,0,0
-117.79,33.71,7.1069,0,0
-117.79,33.7,4.4286,0,0
-117.8,33.7,5.2923,0,0
-117.79,33.7,5.1741,0,0
-117.79,33.69,6.5783,0,0
-117.79,33.69,8.7385,0,0
-117.8,33.69,3.3438,0,0
-117.8,33.55,4.1304,0,0
-117.79,33.56,7.866,0,0
-117.81,33.56,10.9601,0,0
-117.8,33.55,5.8371,0,0
-117.77,33.6,3.7059,0,0
-117.8,33.53,4.1591,0,0
-117.78,33.54,2.2969,0,0
-117.79,33.55,3.821,0,0
-117.75,33.54,5.0907,0,0
-117.77,33.51,4.4464,0,0
-117.77,33.55,6.7861,0,0
-117.73,33.57,4.8488,0,0
-117.86,33.67,3.875,0,0
-117.82,33.67,2.5197,0,0
-117.83,33.67,3.7976,0,0
-117.83,33.66,6.5356,0,0
-117.83,33.66,5.3423,0,0
-117.81,33.67,6.3767,0,0
-117.8,33.66,4.0,0,0
-117.81,33.66,10.0757,0,0
-117.81,33.66,5.8752,0,0
-117.82,33.66,6.4238,0,0
-117.84,33.64,2.4132,0,0
-117.87,33.61,7.79,0,0
-117.86,33.61,8.6001,0,0
-117.88,33.55,10.1275,0,0
-117.84,33.6,9.0519,0,0
-117.86,33.62,7.9367,0,0
-117.86,33.62,10.1989,0,0
-117.85,33.62,10.3893,0,0
-117.85,33.61,7.5674,0,0
-117.85,33.62,15.0001,0,1
-117.86,33.63,5.3099,0,0
-117.77,33.54,7.2217,0,0
-117.76,33.54,6.9257,0,0
-117.77,33.54,4.1699,0,0
-117.77,33.53,3.2708,0,0
-117.8,33.52,3.053,0,0
-117.76,33.53,7.9794,0,0
-117.76,33.53,8.4614,0,0
-117.76,33.53,10.6349,0,0
-117.77,33.53,5.1837,0,0
-117.78,33.51,6.6178,0,0
-117.73,33.63,5.5137,0,0
-117.74,33.62,5.6877,0,0
-117.75,33.64,5.5342,0,0
-117.72,33.62,3.1679,0,0
-117.72,33.62,2.8583,0,0
-117.71,33.61,2.395,0,0
-117.72,33.63,1.9,0,0
-117.72,33.62,2.7634,0,0
-117.73,33.61,4.8611,0,0
-117.74,33.62,3.4706,0,0
-117.74,33.61,3.7422,0,0
-117.74,33.61,3.5625,0,0
-117.75,33.61,3.1779,0,0
-117.75,33.6,4.9,0,0
-117.75,33.61,3.2845,0,0
-117.73,33.61,2.6759,0,0
-117.7,33.61,3.6484,0,0
-117.7,33.6,2.3774,0,0
-117.71,33.6,3.5521,0,0
-117.71,33.6,2.3387,0,0
-117.72,33.61,2.5685,0,0
-117.72,33.61,2.49,0,0
-117.71,33.61,2.6848,0,0
-117.71,33.61,2.3438,0,0
-117.71,33.6,2.7601,0,0
-117.7,33.6,2.625,0,0
-117.7,33.6,3.1131,0,0
-117.7,33.59,4.1678,0,0
-117.84,33.66,4.5833,0,0
-117.84,33.66,3.7857,0,0
-117.84,33.65,2.2262,0,0
-117.83,33.66,7.9217,0,0
-117.83,33.65,3.7875,0,0
-117.83,33.65,4.1103,0,0
-117.82,33.66,6.4967,0,0
-117.81,33.63,8.1093,0,0
-117.82,33.65,6.3822,0,0
-117.8,33.63,4.1944,0,0
-117.8,33.64,8.8693,0,0
-117.8,33.63,11.1121,0,0
-117.82,33.64,9.8589,0,0
-117.81,33.64,11.0138,0,0
-117.81,33.64,12.3411,0,-1
-117.88,33.6,8.8742,0,0
-117.87,33.6,6.6155,0,0
-117.87,33.6,5.1155,0,0
-117.87,33.59,6.6544,0,0
-117.87,33.6,5.2949,0,0
-117.86,33.6,6.6265,0,0
-117.87,33.6,4.498,0,0
-117.89,33.6,7.8164,0,0
-117.9,33.61,4.0764,0,0
-117.91,33.61,4.8,0,0
-117.91,33.6,5.1048,0,0
-117.92,33.57,7.2988,0,0
-117.9,33.6,3.6538,0,0
-117.92,33.61,3.5682,0,0
-117.91,33.61,11.075,0,0
-117.92,33.61,10.3682,0,0
-117.92,33.61,10.3048,0,0
-117.91,33.61,11.216,0,0
-117.88,33.63,4.7024,0,0
-117.89,33.62,3.0625,0,0
-117.88,33.64,8.5574,0,0
-117.9,33.61,13.1738,0,-1
-117.89,33.61,6.3017,0,0
-117.89,33.61,6.0247,0,0
-117.89,33.61,5.0,0,0
-117.89,33.61,5.1923,0,0
-117.89,33.6,5.6336,0,0
-117.89,33.61,4.2222,0,0
-117.9,33.61,3.4937,0,0
-117.87,33.64,10.2849,0,0
-117.86,33.65,5.4284,0,0
-117.87,33.63,10.8289,0,0
-117.87,33.62,15.0001,0,1
-117.87,33.62,9.802,0,0
-117.88,33.65,5.9055,0,0
-117.9,33.63,10.1454,0,0
-117.91,33.63,3.1985,0,0
-117.9,33.63,6.1426,0,0
-117.9,33.63,3.2125,0,0
-117.9,33.63,7.1148,0,0
-117.88,33.66,3.5426,0,0
-117.89,33.66,4.1372,0,0
-117.9,33.66,3.6042,0,0
-117.9,33.65,4.6808,0,0
-117.89,33.66,5.5422,0,0
-117.9,33.65,6.632,0,0
-117.9,33.64,3.9375,0,0
-117.9,33.65,5.2549,0,0
-117.9,33.65,4.4135,0,0
-117.91,33.65,2.625,0,0
-117.9,33.65,3.4125,0,0
-117.91,33.65,2.2222,0,0
-117.91,33.64,3.9306,0,0
-117.9,33.64,5.0532,0,0
-117.91,33.64,4.8098,0,0
-117.91,33.64,3.6406,0,0
-117.91,33.63,2.7264,0,0
-117.92,33.63,4.9643,0,0
-117.91,33.63,4.9125,0,0
-117.92,33.64,3.1305,0,0
-117.91,33.64,2.8553,0,0
-117.92,33.63,3.5161,0,0
-117.91,33.63,3.5388,0,0
-117.92,33.62,5.2416,0,0
-117.92,33.63,7.8496,0,0
-117.92,33.62,6.5842,0,0
-117.91,33.61,5.9196,0,0
-117.91,33.62,4.4063,0,0
-117.91,33.62,9.2175,0,0
-117.92,33.61,5.3369,0,0
-117.93,33.62,4.5658,0,0
-117.93,33.62,5.6315,0,0
-117.94,33.62,6.5928,0,0
-117.95,33.63,6.0516,0,0
-117.96,33.6,5.2333,0,0
-117.93,33.61,3.8125,0,0
-117.93,33.62,7.0516,0,0
-117.94,33.62,3.6607,0,0
-117.94,33.65,5.6637,0,0
-117.93,33.65,4.4211,0,0
-117.93,33.64,2.7143,0,0
-117.94,33.64,2.6221,0,0
-117.93,33.64,2.5301,0,0
-117.92,33.64,3.0708,0,0
-117.94,33.64,1.6389,0,0
-117.93,33.64,2.7543,0,0
-117.95,33.63,5.8777,0,0
-117.95,33.63,6.0,0,0
-117.93,33.63,4.6161,0,0
-117.95,33.63,3.9917,0,0
-117.91,33.65,4.1029,0,0
-117.92,33.64,2.75,0,0
-117.92,33.65,3.4417,0,0
-117.93,33.65,3.5179,0,0
-117.91,33.65,2.1074,0,0
-117.92,33.65,0.9702,0,0
-117.92,33.65,4.1026,0,0
-117.92,33.65,3.184,0,0
-117.93,33.65,2.75,0,0
-117.92,33.68,4.8125,0,0
-117.93,33.67,8.1001,0,0
-117.94,33.67,8.1839,0,0
-117.94,33.66,5.5,0,0
-117.94,33.65,5.2732,0,0
-117.93,33.65,4.2036,0,0
-117.93,33.69,5.01,0,0
-117.93,33.69,6.4441,0,0
-117.92,33.68,4.4732,0,0
-117.93,33.68,5.069,0,0
-117.94,33.68,7.4056,0,0
-117.92,33.67,4.2071,0,0
-117.93,33.66,9.6062,0,0
-117.93,33.65,3.1483,0,0
-117.91,33.69,5.2815,0,0
-117.91,33.67,3.512,0,0
-117.9,33.68,4.8359,0,0
-117.9,33.67,6.1601,0,0
-117.89,33.68,5.0853,0,0
-117.9,33.67,6.6833,0,0
-117.91,33.67,4.4625,0,0
-117.91,33.66,4.0341,0,0
-117.91,33.65,4.0417,0,0
-117.91,33.66,3.225,0,0
-117.9,33.66,3.1667,0,0
-117.9,33.66,6.6369,0,0
-117.9,33.69,5.422,0,0
-117.87,33.69,3.7174,0,0
-117.89,33.68,3.3409,0,0
-117.88,33.69,5.2138,0,0
-117.86,33.71,3.152,0,0
-117.86,33.71,3.375,0,0
-117.87,33.71,4.9148,0,0
-117.87,33.71,3.5326,0,0
-117.87,33.7,4.9153,0,0
-117.87,33.7,5.0956,0,0
-117.88,33.71,4.1,0,0
-117.88,33.71,3.5551,0,0
-117.88,33.71,3.1742,0,0
-117.88,33.7,5.4836,0,0
-117.88,33.7,3.4835,0,0
-117.88,33.7,5.3254,0,0
-117.88,33.7,3.8029,0,0
-117.9,33.72,3.6875,0,0
-117.91,33.72,4.5607,0,0
-117.9,33.72,4.3899,0,0
-117.9,33.73,3.2639,0,0
-117.89,33.72,4.65,0,0
-117.89,33.72,3.6618,0,0
-117.88,33.73,4.5726,0,0
-117.88,33.72,3.9844,0,0
-117.88,33.72,3.89,0,0
-117.9,33.71,6.1966,0,0
-117.89,33.71,4.7422,0,0
-117.89,33.71,4.5814,0,0
-117.9,33.71,6.2488,0,0
-117.89,33.71,6.2452,0,0
-117.9,33.71,6.3427,0,0
-117.92,33.7,4.2708,0,0
-117.91,33.71,3.6505,0,0
-117.89,33.7,3.2386,0,0
-117.9,33.7,4.6483,0,0
-117.9,33.7,4.5757,0,0
-117.86,33.73,3.5694,0,0
-117.86,33.72,2.3333,0,0
-117.87,33.72,3.5902,0,0
-117.87,33.72,3.8421,0,0
-117.86,33.72,3.413,0,0
-117.86,33.72,3.5511,0,0
-117.85,33.73,2.4539,0,0
-117.84,33.73,2.4211,0,0
-117.84,33.74,3.1353,0,0
-117.84,33.74,3.3611,0,0
-117.84,33.74,3.2104,0,0
-117.83,33.74,2.6771,0,0
-117.86,33.75,1.8,0,0
-117.86,33.75,1.9309,0,0
-117.86,33.75,2.9271,0,0
-117.86,33.76,2.8289,0,0
-117.85,33.74,2.7059,0,0
-117.85,33.75,2.5651,0,0
-117.86,33.74,3.375,0,0
-117.86,33.74,4.125,0,0
-117.85,33.74,2.1992,0,0
-117.86,33.73,3.775,0,0
-117.86,33.73,3.7202,0,0
-117.86,33.73,2.6385,0,0
-117.87,33.74,2.6734,0,0
-117.87,33.73,3.4193,0,0
-117.87,33.74,3.415,0,0
-117.86,33.74,3.425,0,0
-117.86,33.73,3.3125,0,0
-117.86,33.74,2.5,0,0
-117.89,33.73,3.0824,0,0
-117.9,33.73,3.7147,0,0
-117.9,33.73,4.1,0,0
-117.88,33.73,3.2037,0,0
-117.88,33.73,3.75,0,0
-117.89,33.75,4.0231,0,0
-117.89,33.74,2.9167,0,0
-117.89,33.74,3.2292,0,0
-117.9,33.75,3.425,0,0
-117.9,33.74,2.2105,0,0
-117.9,33.74,2.3783,0,0
-117.91,33.74,2.9926,0,0
-117.91,33.73,4.7639,0,0
-117.9,33.73,3.9659,0,0
-117.9,33.74,2.7535,0,0
-117.9,33.74,4.7679,0,0
-117.9,33.74,3.0833,0,0
-117.89,33.74,3.75,0,0
-117.89,33.74,4.6875,0,0
-117.89,33.73,4.0769,0,0
-117.88,33.75,1.5026,0,0
-117.88,33.74,3.1964,0,0
-117.88,33.74,3.1691,0,0
-117.88,33.74,2.8077,0,0
-117.87,33.74,2.7632,0,0
-117.88,33.74,2.5224,0,0
-117.88,33.74,3.0083,0,0
-117.87,33.76,2.246,0,0
-117.87,33.75,2.6561,0,0
-117.87,33.75,2.6635,0,0
-117.86,33.75,3.5972,0,0
-117.86,33.75,1.5054,0,0
-117.87,33.75,0.971,0,0
-117.87,33.75,1.7019,0,0
-117.88,33.76,3.4345,0,0
-117.88,33.76,1.7823,0,0
-117.88,33.75,4.5125,0,0
-117.88,33.75,2.8342,0,0
-117.9,33.76,3.6953,0,0
-117.9,33.75,3.7143,0,0
-117.89,33.76,3.8056,0,0
-117.89,33.75,3.1713,0,0
-117.88,33.78,3.5972,0,0
-117.88,33.77,6.9737,0,0
-117.88,33.78,3.3472,0,0
-117.89,33.77,4.1951,0,0
-117.89,33.77,3.9219,0,0
-117.89,33.76,4.8,0,0
-117.87,33.77,8.0784,0,0
-117.87,33.76,4.1071,0,0
-117.86,33.77,4.6111,0,0
-117.86,33.76,4.7083,0,0
-117.84,33.76,4.2798,0,0
-117.85,33.76,2.8828,0,0
-117.84,33.76,5.375,0,0
-117.84,33.76,3.6806,0,0
-117.84,33.75,4.0214,0,0
-117.85,33.76,4.5461,0,0
-117.84,33.77,4.3292,0,0
-117.85,33.77,4.0398,0,0
-117.84,33.77,3.5195,0,0
-117.84,33.76,4.3698,0,0
-117.83,33.75,4.9957,0,0
-117.82,33.75,4.6161,0,0
-117.82,33.75,2.8261,0,0
-117.82,33.74,3.0958,0,0
-117.83,33.75,3.4152,0,0
-117.81,33.75,5.021,0,0
-117.8,33.74,5.2998,0,0
-117.81,33.73,3.5719,0,0
-117.81,33.74,3.3047,0,0
-117.81,33.73,3.0305,0,0
-117.81,33.73,4.7273,0,0
-117.82,33.73,3.8703,0,0
-117.82,33.73,4.7039,0,0
-117.82,33.73,5.0162,0,0
-117.83,33.74,3.0382,0,0
-117.83,33.73,3.5387,0,0
-117.8,33.76,6.9014,0,0
-117.79,33.76,11.0546,0,0
-117.79,33.75,13.466,0,-1
-117.79,33.75,9.3845,0,0
-117.8,33.75,5.3903,0,0
-117.8,33.74,6.5616,0,0
-117.81,33.75,3.7031,0,0
-117.79,33.77,8.5403,0,0
-117.79,33.77,6.9014,0,0
-117.78,33.76,11.4537,0,0
-117.78,33.78,10.1714,0,0
-117.76,33.79,8.2653,0,0
-117.77,33.76,11.0124,0,0
-117.82,33.77,7.0565,0,0
-117.83,33.77,4.1151,0,0
-117.83,33.77,4.275,0,0
-117.82,33.76,6.5308,0,0
-117.82,33.77,7.1882,0,0
-117.82,33.76,6.2944,0,0
-117.81,33.76,5.5654,0,0
-117.8,33.77,8.7496,0,0
-117.81,33.77,7.2392,0,0
-117.81,33.83,10.157,0,0
-117.83,33.83,8.3818,0,0
-117.83,33.83,3.6707,0,0
-117.82,33.8,4.0484,0,0
-117.83,33.79,4.8542,0,0
-117.82,33.79,4.1339,0,0
-117.83,33.8,5.8622,0,0
-117.83,33.8,3.8681,0,0
-117.84,33.79,5.3041,0,0
-117.83,33.79,2.9312,0,0
-117.84,33.79,2.378,0,0
-117.84,33.78,4.6125,0,0
-117.84,33.78,4.25,0,0
-117.81,33.79,3.75,0,0
-117.82,33.78,6.58,0,0
-117.81,33.78,5.7934,0,0
-117.82,33.78,5.4562,0,0
-117.81,33.82,12.2092,0,-1
-117.8,33.83,11.1228,0,0
-117.82,33.82,8.3637,0,0
-117.81,33.81,8.9257,0,0
-117.81,33.82,10.8111,0,0
-117.82,33.81,9.9055,0,0
-117.83,33.82,5.7817,0,0
-117.83,33.82,3.6953,0,0
-117.83,33.81,2.8403,0,0
-117.82,33.81,5.4395,0,0
-117.83,33.81,5.4298,0,0
-117.82,33.81,6.0705,0,0
-117.85,33.79,3.4234,0,0
-117.85,33.79,3.6827,0,0
-117.86,33.79,3.1792,0,0
-117.85,33.79,3.8929,0,0
-117.85,33.78,3.3939,0,0
-117.86,33.78,3.125,0,0
-117.85,33.77,4.575,0,0
-117.85,33.79,2.4688,0,0
-117.86,33.79,3.8929,0,0
-117.86,33.78,2.6959,0,0
-117.87,33.78,4.3039,0,0
-117.87,33.78,4.7208,0,0
-117.87,33.78,3.7454,0,0
-117.86,33.8,3.5172,0,0
-117.86,33.79,4.105,0,0
-117.87,33.79,4.192,0,0
-117.88,33.79,5.1418,0,0
-117.89,33.78,2.8835,0,0
-117.9,33.78,3.3627,0,0
-117.85,33.84,6.6719,0,0
-117.86,33.84,3.0087,0,0
-117.85,33.84,5.1785,0,0
-117.85,33.83,5.6784,0,0
-117.86,33.83,5.3439,0,0
-117.84,33.84,4.5217,0,0
-117.86,33.8,2.8235,0,0
-117.85,33.81,4.9917,0,0
-117.85,33.81,4.0417,0,0
-117.85,33.8,3.825,0,0
-117.85,33.8,4.3269,0,0
-117.84,33.81,4.0324,0,0
-117.84,33.8,4.3661,0,0
-117.84,33.8,3.59,0,0
-117.86,33.82,6.6603,0,0
-117.84,33.82,4.7946,0,0
-117.84,33.84,5.0629,0,0
-117.89,33.84,3.5521,0,0
-117.89,33.83,5.6276,0,0
-117.9,33.83,3.8456,0,0
-117.89,33.82,4.8906,0,0
-117.89,33.8,6.0224,0,0
-117.89,33.82,5.0605,0,0
-117.89,33.82,3.6761,0,0
-117.87,33.81,3.7604,0,0
-117.87,33.84,5.3812,0,0
-117.88,33.84,3.5893,0,0
-117.88,33.84,3.7303,0,0
-117.87,33.83,5.6163,0,0
-117.88,33.83,6.4685,0,0
-117.88,33.83,6.8407,0,0
-117.88,33.82,3.8631,0,0
-117.88,33.82,6.0488,0,0
-117.87,33.82,5.9397,0,0
-117.88,33.85,3.7772,0,0
-117.88,33.85,4.375,0,0
-117.88,33.84,6.1168,0,0
-117.88,33.84,5.1782,0,0
-117.9,33.85,4.325,0,0
-117.9,33.85,3.6,0,0
-117.89,33.85,3.875,0,0
-117.9,33.85,3.3375,0,0
-117.89,33.85,3.2303,0,0
-117.9,33.84,3.5329,0,0
-117.89,33.84,2.8021,0,0
-117.88,33.85,2.3173,0,0
-117.88,33.84,3.9286,0,0
-117.87,33.84,4.5,0,0
-117.87,33.84,4.0724,0,0
-117.87,33.84,4.5112,0,0
-117.87,33.84,5.1182,0,0
-117.85,33.85,4.2276,0,0
-117.86,33.85,4.9306,0,0
-117.92,33.85,2.3704,0,0
-117.92,33.84,4.6111,0,0
-117.92,33.85,3.2344,0,0
-117.91,33.85,2.7014,0,0
-117.91,33.84,2.9583,0,0
-117.91,33.85,3.025,0,0
-117.91,33.84,2.6563,0,0
-117.93,33.85,1.9621,0,0
-117.94,33.85,3.3393,0,0
-117.93,33.85,2.9474,0,0
-117.93,33.85,3.875,0,0
-117.93,33.85,4.2019,0,0
-117.93,33.85,3.2188,0,0
-117.94,33.85,4.275,0,0
-117.93,33.84,3.2301,0,0
-117.95,33.85,4.1325,0,0
-117.96,33.85,4.125,0,0
-117.97,33.85,4.0061,0,0
-117.96,33.85,4.8438,0,0
-117.95,33.84,3.4028,0,0
-117.95,33.84,3.75,0,0
-117.95,33.84,3.5455,0,0
-117.94,33.84,3.1884,0,0
-117.94,33.84,3.6214,0,0
-117.98,33.85,4.765,0,0
-117.98,33.84,3.9539,0,0
-117.98,33.84,5.0747,0,0
-117.97,33.85,5.1057,0,0
-117.96,33.84,3.4583,0,0
-117.97,33.84,4.8667,0,0
-117.97,33.84,5.25,0,0
-117.97,33.84,4.2679,0,0
-117.97,33.84,2.8348,0,0
-117.99,33.84,4.9115,0,0
-117.97,33.83,3.2546,0,0
-117.98,33.84,4.6042,0,0
-117.98,33.83,3.3006,0,0
-118.0,33.82,3.2326,0,0
-118.01,33.82,4.0625,0,0
-118.01,33.83,2.5577,0,0
-118.01,33.83,2.4609,0,0
-118.0,33.83,3.9333,0,0
-118.0,33.83,2.2401,0,0
-118.0,33.82,4.5294,0,0
-117.99,33.83,3.2539,0,0
-117.99,33.82,3.1538,0,0
-117.99,33.83,5.2657,0,0
-117.99,33.82,4.1167,0,0
-117.98,33.83,3.2823,0,0
-117.98,33.82,4.9219,0,0
-117.98,33.82,5.5486,0,0
-117.98,33.83,6.213,0,0
-117.97,33.83,4.0185,0,0
-117.97,33.82,2.9891,0,0
-117.97,33.82,3.7655,0,0
-117.96,33.83,3.3831,0,0
-117.96,33.83,3.1315,0,0
-117.96,33.83,6.1001,0,0
-117.95,33.84,3.65,0,0
-117.94,33.83,3.25,0,0
-117.95,33.83,4.9394,0,0
-117.94,33.82,3.8828,0,0
-117.94,33.82,3.4,0,0
-117.95,33.82,3.6875,0,0
-117.95,33.83,5.0599,0,0
-117.96,33.83,6.3214,0,0
-117.95,33.83,3.8214,0,0
-117.93,33.83,2.4942,0,0
-117.92,33.82,4.3583,0,0
-117.94,33.82,2.3347,0,0
-117.94,33.82,5.0764,0,0
-117.93,33.82,3.0179,0,0
-117.92,33.84,3.2969,0,0
-117.92,33.83,2.5564,0,0
-117.93,33.83,3.375,0,0
-117.93,33.84,6.0531,0,0
-117.93,33.84,3.475,0,0
-117.91,33.84,2.2716,0,0
-117.9,33.83,2.8072,0,0
-117.91,33.83,1.119,0,0
-117.92,33.83,1.425,0,0
-117.91,33.84,1.5903,0,0
-117.91,33.84,3.125,0,0
-117.91,33.83,3.6607,0,0
-117.91,33.83,3.0288,0,0
-117.92,33.83,5.0275,0,0
-117.92,33.83,3.6042,0,0
-117.91,33.83,2.5509,0,0
-117.9,33.82,2.4931,0,0
-117.92,33.82,4.5057,0,0
-117.91,33.82,2.9479,0,0
-117.91,33.82,2.3843,0,0
-117.91,33.81,2.5625,0,0
-117.91,33.82,3.7014,0,0
-117.93,33.81,4.8981,0,0
-117.92,33.81,5.6047,0,0
-117.93,33.8,4.2731,0,0
-117.92,33.8,4.6696,0,0
-117.9,33.8,2.9231,0,0
-117.9,33.8,2.4833,0,0
-117.9,33.8,3.0789,0,0
-117.9,33.8,4.375,0,0
-117.94,33.81,4.2759,0,0
-117.94,33.81,3.256,0,0
-117.94,33.81,5.8461,0,0
-117.94,33.81,4.5714,0,0
-117.94,33.8,4.9429,0,0
-117.94,33.81,3.6771,0,0
-117.93,33.8,4.8611,0,0
-117.95,33.82,4.0735,0,0
-117.95,33.82,4.3269,0,0
-117.96,33.82,3.63,0,0
-117.96,33.82,3.7917,0,0
-117.96,33.8,4.7667,0,0
-117.96,33.81,5.2384,0,0
-117.96,33.81,4.7772,0,0
-117.96,33.81,4.7738,0,0
-117.96,33.82,3.707,0,0
-117.96,33.82,3.6422,0,0
-117.95,33.81,5.118,0,0
-117.96,33.81,4.4663,0,0
-117.95,33.81,4.025,0,0
-118.0,33.81,4.3636,0,0
-118.0,33.81,3.5268,0,0
-118.01,33.81,4.5179,0,0
-118.0,33.82,3.1087,0,0
-118.0,33.81,4.1276,0,0
-118.0,33.81,3.7059,0,0
-117.99,33.8,3.975,0,0
-118.0,33.81,2.8835,0,0
-117.99,33.82,2.8625,0,0
-117.99,33.81,2.4526,0,0
-117.99,33.81,2.2,0,0
-117.99,33.81,4.1667,0,0
-117.98,33.81,2.582,0,0
-117.98,33.81,3.7201,0,0
-117.98,33.81,5.152,0,0
-117.97,33.81,2.8042,0,0
-117.97,33.81,4.485,0,0
-117.99,33.8,3.3281,0,0
-117.99,33.79,4.5263,0,0
-117.99,33.79,3.1801,0,0
-117.99,33.79,3.9566,0,0
-117.98,33.8,5.4876,0,0
-117.98,33.79,4.1115,0,0
-117.98,33.8,4.3036,0,0
-117.97,33.8,5.4631,0,0
-117.97,33.79,3.6849,0,0
-118.0,33.79,3.6531,0,0
-117.99,33.78,3.5313,0,0
-117.99,33.79,3.2857,0,0
-117.98,33.78,3.9798,0,0
-117.97,33.79,4.1818,0,0
-117.99,33.78,3.1049,0,0
-117.97,33.78,3.9479,0,0
-117.98,33.78,3.2636,0,0
-117.96,33.8,3.4821,0,0
-117.96,33.79,5.2816,0,0
-117.96,33.8,5.244,0,0
-117.96,33.8,4.425,0,0
-117.95,33.79,5.6935,0,0
-117.95,33.78,3.9536,0,0
-117.96,33.79,2.0677,0,0
-117.96,33.78,6.37,0,0
-117.94,33.8,2.8,0,0
-117.95,33.79,4.4667,0,0
-117.95,33.8,4.6389,0,0
-117.95,33.8,5.237,0,0
-117.94,33.79,4.7986,0,0
-117.93,33.78,4.3906,0,0
-117.94,33.78,4.7731,0,0
-117.93,33.79,4.0909,0,0
-117.93,33.79,5.2129,0,0
-117.92,33.79,4.5739,0,0
-117.92,33.79,3.1726,0,0
-117.92,33.79,2.8622,0,0
-117.91,33.79,4.25,0,0
-117.91,33.78,4.0362,0,0
-117.93,33.78,3.9018,0,0
-117.92,33.77,3.522,0,0
-117.91,33.78,3.045,0,0
-117.92,33.78,3.4837,0,0
-117.95,33.78,2.9726,0,0
-117.94,33.77,4.5052,0,0
-117.94,33.77,3.2591,0,0
-117.94,33.78,3.8056,0,0
-117.94,33.78,3.0125,0,0
-117.93,33.77,4.5833,0,0
-117.96,33.78,2.4931,0,0
-117.95,33.78,3.7303,0,0
-117.96,33.78,4.875,0,0
-117.95,33.77,4.1917,0,0
-117.95,33.77,3.2632,0,0
-117.96,33.77,4.1321,0,0
-117.97,33.77,2.9414,0,0
-117.97,33.77,2.7157,0,0
-117.97,33.77,2.6618,0,0
-117.99,33.77,3.4955,0,0
-117.98,33.77,3.6333,0,0
-117.97,33.76,3.1771,0,0
-117.98,33.77,4.0955,0,0
-117.98,33.76,4.32,0,0
-117.97,33.76,4.7464,0,0
-117.96,33.76,4.2813,0,0
-117.96,33.76,3.7734,0,0
-117.96,33.75,2.7986,0,0
-117.95,33.76,4.1295,0,0
-117.94,33.76,4.2386,0,0
-117.94,33.76,3.7232,0,0
-117.95,33.76,4.3512,0,0
-117.94,33.75,4.015,0,0
-117.96,33.75,4.6167,0,0
-117.96,33.75,2.78,0,0
-117.95,33.75,6.6355,0,0
-117.95,33.75,5.1416,0,0
-117.97,33.76,4.0508,0,0
-117.97,33.75,3.9107,0,0
-117.97,33.75,3.75,0,0
-117.93,33.76,4.1577,0,0
-117.93,33.75,4.2219,0,0
-117.93,33.75,3.5967,0,0
-117.93,33.76,3.371,0,0
-117.93,33.76,4.05,0,0
-117.92,33.75,3.3629,0,0
-117.92,33.75,4.0313,0,0
-117.89,33.77,4.4732,0,0
-117.9,33.77,3.9613,0,0
-117.91,33.77,3.0902,0,0
-117.91,33.76,3.8506,0,0
-117.92,33.76,2.8438,0,0
-117.91,33.76,2.8594,0,0
-117.92,33.75,2.6442,0,0
-117.92,33.75,3.0625,0,0
-117.91,33.75,3.0635,0,0
-117.93,33.74,3.9219,0,0
-117.93,33.74,3.1403,0,0
-117.93,33.74,3.3017,0,0
-117.92,33.74,3.1773,0,0
-117.92,33.74,2.1838,0,0
-117.91,33.74,3.3846,0,0
-117.92,33.74,4.3882,0,0
-117.93,33.73,3.9816,0,0
-117.94,33.74,4.2222,0,0
-117.94,33.73,5.2563,0,0
-117.95,33.74,3.7162,0,0
-117.95,33.74,5.4485,0,0
-117.95,33.74,5.9838,0,0
-117.98,33.7,4.1603,0,0
-117.98,33.71,4.4766,0,0
-117.99,33.71,3.6696,0,0
-117.98,33.71,4.8611,0,0
-117.96,33.68,6.0905,0,0
-117.97,33.68,4.6452,0,0
-117.96,33.68,4.7656,0,0
-117.96,33.68,2.3674,0,0
-117.96,33.68,4.25,0,0
-117.97,33.68,5.7301,0,0
-117.95,33.69,4.875,0,0
-117.95,33.68,5.0287,0,0
-117.95,33.68,5.5312,0,0
-117.95,33.68,3.6364,0,0
-117.95,33.67,3.0417,0,0
-117.95,33.67,8.289,0,0
-117.95,33.66,6.8226,0,0
-117.95,33.66,7.3719,0,0
-117.98,33.65,3.7315,0,0
-117.98,33.65,4.2159,0,0
-117.98,33.65,6.5501,0,0
-117.98,33.64,3.8187,0,0
-117.97,33.74,4.2566,0,0
-117.97,33.74,3.599,0,0
-117.97,33.73,5.7121,0,0
-117.97,33.73,5.0875,0,0
-117.96,33.74,4.1484,0,0
-117.96,33.73,6.6324,0,0
-117.97,33.73,7.2845,0,0
-117.97,33.72,5.4286,0,0
-117.95,33.72,5.9582,0,0
-117.96,33.72,6.8645,0,0
-117.93,33.73,6.7919,0,0
-117.93,33.72,7.6709,0,0
-117.92,33.73,4.4728,0,0
-117.92,33.73,3.9929,0,0
-117.92,33.72,5.5501,0,0
-117.96,33.71,5.5702,0,0
-117.95,33.71,3.4133,0,0
-117.96,33.71,4.5962,0,0
-117.95,33.71,6.1092,0,0
-117.94,33.71,5.9449,0,0
-117.93,33.71,4.1366,0,0
-117.94,33.7,6.1181,0,0
-117.95,33.69,6.9261,0,0
-117.95,33.7,5.343,0,0
-117.98,33.69,7.0907,0,0
-117.97,33.69,6.799,0,0
-117.98,33.7,7.8195,0,0
-117.96,33.7,5.3428,0,0
-117.96,33.7,4.725,0,0
-117.96,33.69,6.091,0,0
-117.96,33.69,7.7313,0,0
-117.98,33.7,6.3749,0,0
-117.98,33.71,5.6825,0,0
-117.97,33.71,5.3737,0,0
-117.97,33.71,5.8195,0,0
-117.99,33.7,4.0345,0,0
-117.98,33.7,4.4148,0,0
-117.99,33.69,3.7479,0,0
-117.98,33.69,5.7117,0,0
-117.97,33.67,5.6765,0,0
-117.97,33.66,5.8541,0,0
-117.96,33.67,7.0173,0,0
-117.96,33.66,7.5699,0,0
-117.96,33.65,7.0151,0,0
-117.97,33.65,5.3674,0,0
-117.97,33.63,6.1572,0,0
-117.96,33.65,5.7395,0,0
-117.96,33.65,7.8453,0,0
-117.96,33.65,4.0229,0,0
-117.98,33.61,6.8939,0,0
-117.97,33.73,6.2984,0,0
-117.98,33.73,3.4679,0,0
-117.98,33.72,6.0494,0,0
-117.98,33.72,5.2655,0,0
-117.98,33.67,5.8252,0,0
-117.98,33.66,6.1624,0,0
-117.97,33.67,6.979,0,0
-117.97,33.66,2.8061,0,0
-117.98,33.68,7.3982,0,0
-117.98,33.68,6.2473,0,0
-117.98,33.68,6.8039,0,0
-117.97,33.68,7.3731,0,0
-117.97,33.68,5.5105,0,0
-118.01,33.67,5.888,0,0
-118.01,33.67,5.041,0,0
-118.01,33.66,4.355,0,0
-118.0,33.66,4.2289,0,0
-118.02,33.65,2.8352,0,0
-117.99,33.68,4.7245,0,0
-117.99,33.68,3.5848,0,0
-117.99,33.67,4.2165,0,0
-117.99,33.68,3.4899,0,0
-117.99,33.67,4.625,0,0
-117.99,33.67,4.0385,0,0
-117.99,33.67,3.5859,0,0
-118.0,33.66,3.2353,0,0
-117.99,33.66,4.6591,0,0
-117.99,33.66,3.0625,0,0
-118.02,33.62,4.3409,0,0
-118.05,33.65,10.1154,0,0
-118.0,33.68,6.4858,0,0
-118.0,33.67,4.8125,0,0
-118.0,33.71,4.0121,0,0
-117.99,33.71,2.7614,0,0
-117.99,33.71,2.7865,0,0
-118.02,33.71,5.3886,0,0
-118.02,33.7,6.3047,0,0
-118.02,33.72,4.4453,0,0
-118.01,33.73,6.7418,0,0
-118.02,33.73,5.1384,0,0
-118.03,33.72,5.163,0,0
-118.04,33.72,4.6649,0,0
-117.99,33.73,3.8365,0,0
-118.0,33.73,6.7395,0,0
-117.99,33.73,3.1912,0,0
-117.99,33.72,5.5514,0,0
-117.99,33.72,4.2875,0,0
-117.99,33.72,3.628,0,0
-118.01,33.71,4.7515,0,0
-118.01,33.7,7.248,0,0
-118.01,33.69,11.5199,0,0
-117.99,33.7,4.625,0,0
-117.99,33.69,5.3259,0,0
-117.99,33.69,1.6705,0,0
-118.02,33.71,5.8623,0,0
-118.03,33.7,7.7854,0,0
-118.03,33.71,6.0,0,0
-118.07,33.67,9.5268,0,0
-118.04,33.72,4.7821,0,0
-118.05,33.72,4.1862,0,0
-118.04,33.72,4.0238,0,0
-118.09,33.7,5.883,0,0
-118.04,33.71,6.0102,0,0
-118.09,33.75,6.6188,0,0
-118.1,33.74,4.7773,0,0
-118.11,33.75,5.4011,0,0
-118.11,33.74,4.8482,0,0
-118.09,33.74,4.6369,0,0
-118.11,33.75,5.0926,0,0
-118.1,33.74,4.537,0,0
-118.1,33.74,4.6528,0,0
-118.11,33.73,5.0476,0,0
-118.1,33.74,4.2287,0,0
-118.07,33.72,4.9044,0,0
-118.07,33.72,5.1824,0,0
-118.09,33.71,8.7397,0,0
-118.06,33.72,5.7704,0,0
-118.05,33.71,8.8281,0,0
-118.06,33.72,9.8177,0,0
-118.07,33.73,9.8346,0,0
-118.06,33.72,15.0001,0,1
-118.06,33.73,10.5424,0,0
-118.08,33.72,7.1673,0,0
-118.05,33.73,5.0699,0,0
-118.05,33.72,5.2589,0,0
-118.05,33.72,3.8038,0,0
-118.09,33.77,1.8015,0,0
-118.08,33.77,2.1944,0,0
-118.08,33.77,2.2708,0,0
-118.08,33.77,1.9074,0,0
-118.08,33.76,1.4617,0,0
-118.09,33.76,1.808,0,0
-118.09,33.77,1.7675,0,0
-118.08,33.76,1.6111,0,0
-118.08,33.76,1.2813,0,0
-118.08,33.76,2.0952,0,0
-118.09,33.77,1.7208,0,0
-118.0,33.76,2.925,0,0
-118.01,33.75,4.525,0,0
-118.0,33.75,2.7589,0,0
-118.0,33.74,6.394,0,0
-118.02,33.76,4.25,0,0
-118.02,33.75,5.7157,0,0
-118.03,33.76,5.742,0,0
-118.04,33.76,7.0879,0,0
-118.04,33.75,5.2001,0,0
-118.04,33.74,5.3559,0,0
-118.02,33.74,6.128,0,0
-118.02,33.73,5.5599,0,0
-118.01,33.74,6.0609,0,0
-117.98,33.75,3.8158,0,0
-117.98,33.75,3.3438,0,0
-117.99,33.75,3.0909,0,0
-117.98,33.74,4.7404,0,0
-117.99,33.74,4.506,0,0
-117.98,33.74,4.4261,0,0
-117.99,33.73,4.375,0,0
-117.98,33.73,6.6539,0,0
-117.99,33.77,3.1902,0,0
-117.98,33.76,4.0194,0,0
-117.99,33.76,3.369,0,0
-117.99,33.76,1.9439,0,0
-117.99,33.75,3.3125,0,0
-117.98,33.76,2.1375,0,0
-117.98,33.76,4.4545,0,0
-117.98,33.75,5.1345,0,0
-118.02,33.77,5.1507,0,0
-118.02,33.77,5.0091,0,0
-118.02,33.76,3.6289,0,0
-118.01,33.77,5.422,0,0
-118.01,33.77,5.8362,0,0
-118.01,33.76,3.9855,0,0
-118.01,33.76,2.2981,0,0
-118.0,33.77,3.4327,0,0
-118.0,33.76,3.0263,0,0
-118.0,33.77,3.5139,0,0
-118.0,33.76,2.9083,0,0
-118.0,33.76,3.0625,0,0
-118.03,33.77,3.0,0,0
-118.02,33.77,5.2077,0,0
-118.03,33.77,5.635,0,0
-118.03,33.77,5.8053,0,0
-118.03,33.76,5.0866,0,0
-118.04,33.76,7.1572,0,0
-118.03,33.79,5.8914,0,0
-118.03,33.79,4.1548,0,0
-118.01,33.79,5.4372,0,0
-118.02,33.78,5.5446,0,0
-118.01,33.78,5.9357,0,0
-118.03,33.78,5.1061,0,0
-118.01,33.78,6.0,0,0
-118.03,33.78,6.6453,0,0
-118.04,33.78,5.8426,0,0
-118.04,33.78,5.7705,0,0
-118.08,33.8,6.0553,0,0
-118.07,33.8,7.1221,0,0
-118.08,33.79,7.6144,0,0
-118.09,33.78,6.6137,0,0
-118.07,33.79,5.8283,0,0
-118.09,33.79,6.6312,0,0
-118.08,33.78,5.5767,0,0
-118.08,33.78,6.9324,0,0
-118.08,33.78,5.0102,0,0
-118.02,33.79,6.1142,0,0
-118.01,33.79,5.7837,0,0
-118.02,33.8,5.875,0,0
-118.02,33.8,8.4952,0,0
-118.01,33.8,5.32,0,0
-118.05,33.78,8.7015,0,0
-118.05,33.78,6.0,0,0
-118.05,33.78,6.6264,0,0
-118.06,33.78,7.3463,0,0
-118.04,33.8,5.0261,0,0
-118.06,33.8,4.8,0,0
-118.07,33.79,6.4288,0,0
-118.06,33.8,4.1379,0,0
-118.06,33.8,3.6217,0,0
-118.07,33.8,3.6442,0,0
-118.05,33.79,3.2465,0,0
-118.04,33.84,4.5395,0,0
-118.05,33.84,6.983,0,0
-118.04,33.83,4.6681,0,0
-118.04,33.82,5.844,0,0
-118.04,33.83,4.055,0,0
-118.05,33.82,5.123,0,0
-118.06,33.82,4.5833,0,0
-118.06,33.81,5.4216,0,0
-118.07,33.81,8.5407,0,0
-118.07,33.8,3.8792,0,0
-118.08,33.81,3.3155,0,0
-118.03,33.82,5.6093,0,0
-118.03,33.82,3.6815,0,0
-118.03,33.82,6.0162,0,0
-118.02,33.82,4.7466,0,0
-118.02,33.83,3.2933,0,0
-118.03,33.83,4.225,0,0
-118.03,33.83,4.625,0,0
-118.03,33.83,3.175,0,0
-118.06,33.83,4.53,0,0
-118.05,33.83,5.7018,0,0
-118.06,33.83,4.88,0,0
-118.05,33.82,8.6123,0,0
-118.06,33.83,3.8512,0,0
-118.06,33.82,4.6458,0,0
-118.04,33.81,5.8527,0,0
-118.04,33.81,5.6846,0,0
-118.05,33.81,5.2542,0,0
-118.03,33.81,5.7089,0,0
-118.03,33.86,4.535,0,0
-118.04,33.85,5.6094,0,0
-118.04,33.85,5.777,0,0
-118.05,33.85,6.1737,0,0
-118.04,33.85,7.5057,0,0
-118.03,33.85,3.8426,0,0
-118.01,33.83,4.9803,0,0
-118.01,33.84,3.9628,0,0
-118.03,33.84,4.0156,0,0
-118.02,33.83,3.1497,0,0
-118.02,33.82,3.7885,0,0
-118.01,33.82,4.1591,0,0
-118.01,33.81,4.4583,0,0
-118.02,33.81,5.1155,0,0
-118.02,33.86,5.6677,0,0
-118.02,33.85,5.3416,0,0
-118.03,33.85,4.0865,0,0
-118.03,33.85,3.9156,0,0
-118.01,33.85,3.8864,0,0
-118.01,33.85,4.6326,0,0
-118.0,33.85,4.5083,0,0
-118.01,33.86,3.4306,0,0
-118.01,33.84,4.5,0,0
-118.01,33.84,5.1775,0,0
-118.02,33.84,4.4821,0,0
-118.03,33.84,5.4746,0,0
-117.99,33.86,3.4167,0,0
-117.99,33.85,4.9777,0,0
-118.0,33.85,4.0455,0,0
-118.0,33.86,3.875,0,0
-117.99,33.85,5.2548,0,0
-117.99,33.84,5.103,0,0
-118.0,33.84,4.0039,0,0
-118.0,33.84,2.8169,0,0
-118.01,33.87,3.139,0,0
-117.99,33.86,3.0252,0,0
-118.0,33.88,4.7083,0,0
-118.01,33.88,3.369,0,0
-117.99,33.88,4.2422,0,0
-117.99,33.88,3.9559,0,0
-118.0,33.88,2.735,0,0
-117.99,33.87,3.1205,0,0
-118.0,33.87,2.95,0,0
-117.99,33.87,3.0147,0,0
-117.99,33.87,3.59,0,0
-117.99,33.86,2.9,0,0
-117.98,33.89,7.1425,0,0
-117.99,33.88,6.6704,0,0
-117.99,33.89,4.5033,0,0
-117.99,33.89,8.5621,0,0
-117.97,33.89,5.1315,0,0
-117.97,33.89,2.8649,0,0
-117.97,33.88,5.0731,0,0
-117.97,33.88,6.2427,0,0
-117.97,33.89,9.0683,0,0
-117.97,33.88,6.0394,0,0
-117.97,33.89,10.2252,0,0
-120.1,39.17,1.7083,1,0
-120.06,39.09,2.1987,1,0
-120.06,39.15,1.1912,1,0
-120.2,39.12,4.1316,1,0
-120.18,39.14,3.0375,1,0
-120.16,39.14,3.9722,1,0
-120.18,39.17,3.6563,1,0
-120.15,39.17,2.9125,1,0
-120.15,39.15,5.75,1,-1
-120.15,39.2,4.1016,1,0
-120.12,39.18,3.5667,1,0
-120.1,39.19,5.5456,1,-1
-120.1,39.19,3.9375,1,0
-120.1,39.2,3.087,1,0
-120.11,39.21,4.5795,1,0
-120.11,39.24,3.1193,1,0
-120.08,39.23,4.8182,1,0
-120.07,39.24,4.962,1,0
-120.06,39.25,3.01,1,0
-120.04,39.24,2.65,1,0
-120.04,39.27,4.1364,1,0
-120.02,39.24,1.7609,1,0
-120.02,39.24,3.0057,1,0
-120.02,39.24,1.8269,1,0
-120.01,39.26,2.6023,1,0
-120.91,38.98,3.653,1,0
-120.81,39.02,2.8155,1,0
-120.69,39.12,2.2917,1,0
-120.83,39.02,2.6319,1,0
-121.06,38.91,2.5373,1,0
-121.08,38.9,2.4273,1,0
-121.06,38.88,4.2917,1,0
-121.08,38.89,2.6701,1,0
-121.07,38.9,1.7375,1,0
-121.15,38.89,5.2903,1,0
-121.12,38.86,3.3802,1,0
-121.13,38.87,3.0917,1,0
-121.15,38.91,4.2723,1,0
-121.08,38.85,6.0,1,0
-121.16,38.74,5.1721,1,0
-121.14,38.77,6.4789,1,0
-121.16,38.75,8.4882,1,-1
-121.14,38.84,4.2143,1,0
-121.14,38.82,5.07,1,0
-121.15,38.8,4.1685,1,0
-121.18,38.78,6.1642,1,0
-121.18,38.8,5.1857,1,0
-121.21,38.76,3.1583,1,0
-121.21,38.75,4.3962,1,0
-121.17,38.76,6.5322,1,0
-121.2,38.73,7.7499,1,-1
-121.18,38.73,6.0302,1,0
-121.18,38.75,4.7941,1,0
-121.24,38.75,5.4896,1,0
-121.24,38.72,4.9,1,0
-121.27,38.74,2.6065,1,0
-121.26,38.73,5.3451,1,0
-121.26,38.74,3.3941,1,0
-121.28,38.73,5.419,1,0
-121.27,38.72,6.0804,1,0
-121.25,38.72,4.485,1,0
-121.27,38.75,2.5083,1,0
-121.28,38.74,4.05,1,0
-121.3,38.73,3.6455,1,0
-121.36,38.73,3.141,1,0
-121.32,38.74,4.3897,1,0
-121.31,38.75,4.0519,1,0
-121.3,38.75,2.655,1,0
-121.28,38.75,2.108,1,0
-121.3,38.74,2.3611,1,0
-121.33,38.77,4.2259,1,0
-121.28,38.76,2.1366,1,0
-121.27,38.75,2.7188,1,0
-121.29,38.76,6.0097,1,0
-121.28,38.77,5.8718,1,0
-121.28,38.8,3.816,1,0
-121.24,38.78,3.5288,1,0
-121.24,38.78,0.8691,1,0
-121.23,38.78,2.0807,1,0
-121.22,38.78,6.3914,1,0
-121.24,38.82,5.4498,1,0
-121.25,38.8,5.5205,1,0
-121.24,38.79,3.7904,1,0
-121.24,38.79,3.1875,1,0
-121.23,38.79,2.2292,1,0
-121.22,38.8,3.5265,1,0
-121.19,38.87,6.0,1,0
-121.21,38.83,3.5607,1,0
-121.19,38.85,4.4085,1,0
-121.18,38.83,2.9484,1,0
-121.39,38.85,4.0862,1,0
-121.3,39.0,4.0282,1,0
-121.31,38.97,2.7083,1,0
-121.22,38.92,4.4958,1,0
-121.27,38.87,4.4769,1,0
-121.29,38.9,3.1691,1,0
-121.28,38.9,2.7656,1,0
-121.29,38.89,3.3889,1,0
-121.3,38.89,3.4706,1,0
-121.3,38.89,2.9866,1,0
-121.32,38.89,2.8194,1,0
-121.14,38.92,4.6771,1,0
-121.1,38.92,3.0321,1,0
-121.11,38.91,4.0679,1,0
-121.1,38.94,1.0179,1,0
-121.07,38.92,4.515,1,0
-121.05,38.92,3.3021,1,0
-121.15,39.0,4.3553,1,0
-121.19,38.95,4.5129,1,0
-121.11,38.95,1.8238,1,0
-121.1,38.95,2.1287,1,0
-121.06,38.98,4.7019,1,0
-121.05,38.97,4.8214,1,0
-121.09,38.97,5.2536,1,0
-121.1,39.0,5.0126,1,0
-121.08,38.95,2.7463,1,0
-121.08,38.93,2.4278,1,0
-121.07,38.94,4.7143,1,0
-121.04,38.95,2.75,1,0
-120.99,39.04,2.3696,1,0
-120.98,38.99,3.6354,1,0
-121.04,39.0,4.8051,1,0
-121.02,39.01,3.9734,1,0
-121.0,39.0,10.9891,1,-1
-120.87,39.18,3.9196,1,0
-120.87,39.15,2.8603,1,0
-120.58,39.27,3.0147,1,0
-120.33,39.3,3.0,1,0
-120.18,39.28,4.0819,1,0
-120.22,39.2,3.3699,1,0
-120.96,39.12,2.5326,1,0
-120.98,39.08,3.0403,1,0
-120.94,39.05,3.1972,1,0
-120.98,39.93,1.8914,1,0
-120.95,39.93,2.8125,1,0
-120.93,39.9,2.0221,1,0
-120.9,39.93,2.8812,1,0
-120.9,39.95,3.5417,1,0
-120.93,39.96,2.9559,1,0
-120.92,40.02,2.6458,1,0
-120.74,39.9,2.2656,1,0
-120.57,39.78,2.1216,1,0
-120.66,39.72,2.2019,1,0
-120.74,39.82,3.9583,1,0
-121.0,39.75,2.5893,1,0
-121.14,39.86,2.2101,1,0
-120.53,39.79,2.5156,1,0
-120.48,39.78,2.375,1,0
-120.45,39.8,1.7829,1,0
-120.46,39.83,2.2717,1,0
-120.38,39.82,2.1667,1,0
-120.15,39.8,3.0625,1,0
-120.94,40.17,2.2132,1,0
-120.91,40.08,2.2067,1,0
-120.94,40.14,1.5774,1,0
-121.23,40.01,1.625,1,0
-120.71,40.13,2.9554,1,0
-121.25,40.27,2.625,1,0
-121.24,40.31,3.5962,1,-1
-121.23,40.29,2.1524,1,0
-121.19,40.23,5.8453,1,-1
-121.08,40.19,1.6944,1,0
-121.06,40.23,3.4844,1,-1
-121.09,40.3,3.6477,1,-1
-121.14,40.29,1.6875,1,0
-121.15,40.25,3.3462,1,-1
-117.35,34.0,2.5469,0,0
-117.36,33.99,2.9688,0,0
-117.37,34.0,2.4306,0,0
-117.37,34.0,3.025,0,0
-117.36,34.0,3.3622,0,0
-117.37,34.01,3.6415,0,0
-117.38,34.0,3.3687,0,0
-117.38,33.99,2.7054,0,0
-117.38,33.98,2.0284,0,0
-117.39,33.98,3.145,0,0
-117.41,33.97,3.0694,0,0
-117.37,33.98,2.1151,0,0
-117.38,33.97,1.6389,0,0
-117.38,33.98,2.1528,0,0
-117.37,33.98,1.1194,0,0
-117.37,33.99,1.685,0,0
-117.36,33.98,2.0436,0,0
-117.37,33.97,2.5804,0,0
-117.37,33.97,1.4514,0,0
-117.37,33.97,1.95,0,0
-117.37,33.98,2.025,0,0
-117.35,33.99,2.6071,0,0
-117.35,33.98,1.6943,0,0
-117.35,33.97,3.024,0,0
-117.36,33.97,2.7596,0,0
-117.36,33.98,2.4667,0,0
-117.37,33.96,7.2519,0,0
-117.35,33.96,8.2405,0,0
-117.35,33.95,7.6632,0,0
-117.37,33.94,6.6635,0,0
-117.36,33.92,8.5326,0,0
-117.39,33.97,4.3176,0,0
-117.38,33.97,2.6895,0,0
-117.39,33.96,3.2917,0,0
-117.4,33.96,3.575,0,0
-117.39,33.97,3.4044,0,0
-117.4,33.97,5.0194,0,0
-117.4,33.97,3.8618,0,0
-117.41,33.96,2.3798,0,0
-117.41,33.96,3.864,0,0
-117.41,33.97,4.337,0,0
-117.44,33.96,12.5381,0,-1
-117.43,33.96,3.8682,0,0
-117.44,33.95,3.7344,0,0
-117.4,33.95,3.1384,0,0
-117.4,33.95,2.4408,0,0
-117.41,33.95,2.9583,0,0
-117.41,33.95,3.0542,0,0
-117.42,33.95,2.8173,0,0
-117.42,33.96,2.7452,0,0
-117.41,33.96,3.0208,0,0
-117.38,33.96,3.4491,0,0
-117.39,33.95,3.1667,0,0
-117.39,33.95,4.125,0,0
-117.4,33.95,1.1601,0,0
-117.39,33.96,4.0833,0,0
-117.37,33.95,4.3542,0,0
-117.37,33.94,4.0966,0,0
-117.38,33.94,4.0625,0,0
-117.39,33.93,4.8333,0,0
-117.39,33.95,3.7109,0,0
-117.4,33.94,3.0509,0,0
-117.4,33.93,2.2222,0,0
-117.41,33.93,4.0156,0,0
-117.4,33.94,3.5865,0,0
-117.4,33.94,3.1458,0,0
-117.41,33.94,2.87,0,0
-117.41,33.94,3.25,0,0
-117.42,33.93,3.1795,0,0
-117.41,33.94,2.4435,0,0
-117.42,33.94,3.5403,0,0
-117.42,33.94,4.1528,0,0
-117.43,33.95,4.0526,0,0
-117.43,33.93,4.5122,0,0
-117.43,33.93,2.1865,0,0
-117.43,33.93,2.4922,0,0
-117.44,33.93,4.6327,0,0
-117.45,33.94,2.1023,0,0
-117.44,33.94,3.9118,0,0
-117.44,33.94,3.9128,0,0
-117.44,33.94,4.1776,0,0
-117.44,33.93,4.375,0,0
-117.45,33.93,3.2731,0,0
-117.44,33.92,3.0437,0,0
-117.45,33.91,3.7333,0,0
-117.45,33.92,2.2548,0,0
-117.39,33.92,2.3851,0,0
-117.4,33.9,3.6667,0,0
-117.44,33.9,4.2788,0,0
-117.43,33.91,4.3222,0,0
-117.42,33.89,7.7197,0,0
-117.4,34.01,2.7083,0,0
-117.41,34.01,2.6442,0,0
-117.43,34.02,3.05,0,0
-117.42,34.02,4.2321,0,0
-117.4,34.0,1.6955,0,0
-117.4,34.0,2.0742,0,0
-117.41,34.0,1.9052,0,0
-117.43,33.98,4.2589,0,0
-117.42,33.98,3.0606,0,0
-117.45,34.01,2.76,0,0
-117.43,34.01,3.0909,0,0
-117.41,34.0,1.4719,0,0
-117.42,34.0,3.016,0,0
-117.43,33.99,4.566,0,0
-117.44,33.99,4.5625,0,0
-117.5,34.0,4.4063,0,0
-117.49,33.99,4.84,0,0
-117.48,33.98,3.3966,0,0
-117.49,33.98,4.8371,0,0
-117.5,33.98,4.2099,0,0
-117.47,33.98,4.9886,0,0
-117.48,34.01,4.369,0,0
-117.49,34.02,3.6711,0,0
-117.49,34.02,4.4545,0,0
-117.51,34.02,2.1764,0,0
-117.48,34.0,3.8529,0,0
-117.51,34.0,3.2067,0,0
-117.52,33.99,5.2759,0,0
-117.53,33.97,3.8906,0,0
-117.53,33.97,4.0833,0,0
-117.51,33.97,3.6691,0,0
-117.53,34.02,5.3269,0,0
-117.6,33.94,3.1859,0,0
-117.55,34.0,2.6979,0,0
-117.53,33.94,4.2263,0,0
-117.55,33.94,4.4762,0,0
-117.56,33.94,1.625,0,0
-117.56,33.94,7.0215,0,0
-117.57,33.93,7.5408,0,0
-117.55,33.95,5.9333,0,0
-117.59,33.91,5.4872,0,0
-117.57,33.9,3.5525,0,0
-117.56,33.89,2.3417,0,0
-117.55,33.89,5.6973,0,0
-117.52,33.89,5.1695,0,0
-117.6,33.91,7.2379,0,0
-117.55,33.93,4.1865,0,0
-117.55,33.92,4.8167,0,0
-117.55,33.9,3.4459,0,0
-117.53,33.92,6.1561,0,0
-117.58,33.92,6.155,0,0
-117.57,33.91,5.3735,0,0
-117.59,33.93,7.8118,0,0
-117.5,33.93,4.3723,0,0
-117.49,33.91,3.2857,0,0
-117.5,33.92,2.9821,0,0
-117.5,33.92,4.55,0,0
-117.51,33.95,4.9984,0,0
-117.46,33.95,3.6979,0,0
-117.47,33.95,4.1264,0,0
-117.5,33.96,4.2985,0,0
-117.5,33.95,4.8214,0,0
-117.46,33.94,1.7059,0,0
-117.47,33.94,3.0687,0,0
-117.48,33.94,2.7813,0,0
-117.48,33.94,3.1985,0,0
-117.49,33.94,4.0256,0,0
-117.46,33.93,3.0122,0,0
-117.46,33.93,3.7431,0,0
-117.46,33.92,3.5208,0,0
-117.47,33.93,3.4028,0,0
-117.47,33.94,3.2311,0,0
-117.46,33.94,3.5227,0,0
-117.48,33.93,2.6776,0,0
-117.47,33.92,3.6583,0,0
-117.49,33.93,3.9522,0,0
-117.47,33.91,2.2241,0,0
-117.46,33.9,3.3187,0,0
-117.48,33.89,4.7295,0,0
-117.49,33.9,3.6071,0,0
-117.48,33.91,4.2207,0,0
-117.44,33.88,6.8089,0,0
-117.51,33.89,4.0556,0,0
-117.51,33.88,4.131,0,0
-117.52,33.88,2.5656,0,0
-117.53,33.88,3.1312,0,0
-117.5,33.87,5.0493,0,0
-117.56,33.88,2.4861,0,0
-117.58,33.89,2.3654,0,0
-117.55,33.88,2.2372,0,0
-117.57,33.87,2.2197,0,0
-117.56,33.88,2.0682,0,0
-117.57,33.88,2.316,0,0
-117.57,33.88,2.3036,0,0
-117.58,33.87,1.6875,0,0
-117.59,33.88,2.4387,0,0
-117.59,33.88,2.6111,0,0
-117.58,33.88,2.2969,0,0
-117.57,33.87,2.3333,0,0
-117.57,33.87,5.1929,0,0
-117.58,33.87,5.0464,0,0
-117.58,33.87,3.2917,0,0
-117.58,33.87,3.5313,0,0
-117.55,33.85,4.8686,0,0
-117.56,33.83,5.4788,0,0
-117.58,33.85,5.2861,0,0
-117.54,33.82,4.125,0,0
-117.55,33.83,4.2386,0,0
-117.6,33.85,5.3006,0,0
-117.56,33.86,5.2898,0,0
-117.55,33.87,3.9414,0,0
-117.64,33.88,5.536,0,0
-117.6,33.87,4.2721,0,0
-117.6,33.86,5.195,0,0
-117.6,33.87,3.4419,0,0
-117.64,33.87,6.2308,0,0
-117.52,33.84,3.55,0,0
-117.52,33.83,4.46,0,0
-117.53,33.83,5.5362,0,0
-117.54,33.76,4.7965,0,0
-117.52,33.82,5.1365,0,0
-117.36,33.88,4.6875,0,0
-117.33,33.9,5.1512,0,0
-117.34,33.89,5.363,0,0
-117.38,33.89,5.1624,0,0
-117.36,33.88,5.0346,0,0
-117.26,33.86,3.1103,0,0
-117.33,33.87,5.1045,0,0
-117.3,33.85,2.9542,0,0
-117.28,33.85,2.3229,0,0
-117.43,33.81,4.2273,0,0
-117.4,33.76,4.4875,0,0
-117.4,33.85,5.4625,0,0
-117.26,33.84,2.7232,0,0
-117.32,33.87,4.8125,0,0
-117.28,33.89,2.5379,0,0
-117.34,33.96,4.1883,0,0
-117.32,33.96,3.7585,0,0
-117.34,33.94,7.4141,0,0
-117.34,33.94,5.5563,0,0
-117.31,33.94,5.2713,0,0
-117.33,33.98,1.9531,0,0
-117.33,33.97,1.625,0,0
-117.34,34.0,3.175,0,0
-117.34,33.98,1.7579,0,0
-117.32,33.99,4.711,0,0
-117.31,33.97,3.4896,0,0
-117.29,33.97,4.6667,0,0
-117.35,34.01,2.725,0,0
-117.34,34.02,2.275,0,0
-117.32,34.01,4.4063,0,0
-117.24,33.95,4.7877,0,0
-117.23,33.94,3.5851,0,0
-117.25,33.95,4.2775,0,0
-117.23,33.96,5.253,0,0
-117.21,33.95,5.2174,0,0
-117.14,33.94,6.3223,0,0
-117.21,33.97,5.6409,0,0
-117.28,33.94,1.3125,0,0
-117.28,33.92,2.1574,0,0
-117.27,33.92,3.0907,0,0
-117.27,33.93,3.1042,0,0
-117.24,33.94,1.6111,0,0
-117.24,33.93,3.2705,0,0
-117.25,33.93,4.2654,0,0
-117.25,33.92,4.1482,0,0
-117.23,33.91,4.0473,0,0
-117.23,33.89,4.1953,0,0
-117.23,33.94,3.0789,0,0
-117.22,33.93,3.2148,0,0
-117.22,33.92,4.0938,0,0
-117.21,33.93,5.0223,0,0
-117.16,33.92,4.7568,0,0
-117.22,33.9,4.0467,0,0
-117.13,33.89,3.5781,0,0
-117.19,33.9,4.189,0,0
-117.22,33.87,2.625,0,0
-117.24,33.85,2.8194,0,0
-117.17,33.83,4.6,0,0
-117.2,33.83,3.6618,0,0
-117.23,33.83,4.0833,0,0
-117.21,33.82,3.9052,0,0
-117.22,33.81,3.4237,0,0
-117.21,33.71,2.1848,0,0
-117.2,33.72,2.5335,0,0
-117.2,33.72,1.9912,0,0
-117.2,33.71,2.0881,0,0
-117.2,33.7,2.3276,0,0
-117.19,33.7,1.9014,0,0
-117.19,33.69,4.5881,0,0
-117.27,33.68,5.3238,0,0
-117.25,33.7,3.58,0,0
-117.23,33.68,3.8869,0,0
-117.22,33.66,3.125,0,0
-117.17,33.66,4.1386,0,0
-117.07,33.67,2.375,0,0
-117.11,33.83,3.8036,0,0
-117.11,33.78,4.1875,0,0
-117.08,33.82,4.065,0,0
-117.18,33.78,1.3417,0,0
-117.11,33.75,2.2618,0,0
-117.16,33.76,2.625,0,0
-117.22,33.74,2.5221,0,0
-117.06,33.78,2.5847,0,0
-117.14,33.81,3.2778,0,0
-117.22,33.8,4.0717,0,0
-117.09,33.71,1.972,0,0
-117.07,33.72,2.7983,0,0
-117.11,33.74,2.1182,0,0
-117.15,33.7,3.1319,0,0
-117.16,33.73,2.6322,0,0
-117.23,33.79,2.2969,0,0
-117.23,33.78,1.9767,0,0
-117.23,33.77,2.0,0,0
-117.29,33.83,2.4662,0,0
-117.32,33.8,4.0982,0,0
-117.26,33.81,2.1549,0,0
-117.24,33.77,2.8401,0,0
-117.31,33.75,2.1484,0,0
-117.27,33.77,2.0878,0,0
-117.29,33.72,2.817,0,0
-117.28,33.72,2.1667,0,0
-117.39,33.69,5.3275,0,0
-117.37,33.7,3.2481,0,0
-117.34,33.71,3.1513,0,0
-117.31,33.67,3.1832,0,0
-117.35,33.69,3.102,0,0
-117.33,33.67,1.9194,0,0
-117.35,33.68,4.2788,0,0
-117.38,33.67,3.375,0,0
-117.38,33.67,2.2423,0,0
-117.35,33.64,2.5395,0,0
-117.29,33.63,3.8056,0,0
-117.28,33.66,2.6949,0,0
-117.43,33.55,9.4356,0,0
-117.36,33.6,3.2258,0,0
-117.25,33.65,3.5125,0,0
-117.19,33.64,3.235,0,0
-117.21,33.61,3.6273,0,0
-117.2,33.58,4.5936,0,0
-117.16,33.61,4.7944,0,0
-117.12,33.61,4.3651,0,0
-117.16,33.57,3.9443,0,0
-117.16,33.54,3.7538,0,0
-117.05,33.52,4.8083,0,0
-116.96,33.52,4.125,0,0
-117.1,33.56,4.3833,0,0
-117.02,33.6,3.244,0,0
-116.96,33.62,4.2917,0,0
-117.22,33.48,6.9136,0,0
-117.19,33.53,3.475,0,0
-117.18,33.51,6.993,0,0
-117.12,33.49,3.9963,0,0
-117.12,33.52,4.5841,0,0
-117.15,33.45,4.6904,0,0
-116.99,33.46,2.83,0,0
-117.23,33.57,3.9617,0,0
-117.27,33.55,5.5351,0,0
-117.32,33.51,5.2066,0,0
-117.02,33.71,3.0043,0,0
-116.91,33.71,3.1591,0,0
-116.89,33.73,5.3623,0,0
-116.95,33.68,4.4792,0,0
-116.9,33.65,2.1071,0,0
-116.92,33.63,2.8125,0,0
-116.99,33.73,1.9961,0,0
-116.9,33.74,2.3712,0,0
-116.95,33.75,2.0714,0,0
-116.95,33.75,1.7847,0,0
-116.93,33.75,2.964,0,0
-116.93,33.74,3.6806,0,0
-116.95,33.74,2.4554,0,0
-116.96,33.73,3.069,0,0
-116.95,33.73,3.2371,0,0
-116.95,33.74,2.7083,0,0
-116.94,33.74,4.6406,0,0
-116.94,33.73,3.7175,0,0
-116.93,33.73,4.0433,0,0
-116.96,33.75,2.5898,0,0
-116.97,33.74,1.942,0,0
-116.97,33.75,1.3039,0,0
-116.99,33.75,1.4366,0,0
-116.98,33.74,1.8446,0,0
-116.97,33.74,2.2161,0,0
-116.96,33.74,2.2115,0,0
-116.94,33.77,2.4145,0,0
-117.01,33.75,1.8015,0,0
-116.95,33.76,1.7079,0,0
-116.98,33.77,1.9707,0,0
-116.99,33.76,2.1722,0,0
-117.0,33.74,2.1103,0,0
-117.02,33.73,1.9476,0,0
-116.99,33.77,2.2925,0,0
-117.02,33.76,2.8393,0,0
-116.98,33.83,2.683,0,0
-117.02,33.81,2.3,0,0
-116.95,33.79,2.1979,0,0
-116.95,33.79,1.8845,0,0
-116.96,33.79,2.0135,0,0
-116.97,33.78,2.535,0,0
-116.95,33.78,1.7303,0,0
-116.89,33.79,2.0577,0,0
-116.87,33.76,2.5612,0,0
-116.88,33.74,1.5982,0,0
-116.89,33.75,2.0154,0,0
-116.91,33.75,2.3169,0,0
-116.86,33.73,2.933,0,0
-117.04,34.0,2.4167,0,0
-117.06,34.0,2.5357,0,0
-117.04,34.0,3.5255,0,0
-116.99,33.99,4.7356,0,0
-117.01,33.97,2.3355,0,0
-116.95,33.97,3.1393,0,0
-116.97,33.96,2.4322,0,0
-117.11,33.98,2.7344,0,0
-117.02,33.95,2.8783,0,0
-117.03,33.89,3.125,0,0
-116.96,33.94,1.4063,0,0
-116.99,33.92,3.7083,0,0
-116.86,33.97,2.3977,0,0
-116.79,33.99,1.4688,0,0
-116.77,33.92,1.6875,0,0
-116.81,33.9,1.3286,0,0
-116.89,33.86,3.0417,0,0
-116.95,33.86,1.625,0,0
-116.86,33.84,2.7788,0,0
-116.98,33.94,3.4545,0,0
-116.98,33.93,1.9472,0,0
-116.97,33.94,3.0432,0,0
-116.97,33.93,1.424,0,0
-116.98,33.93,2.1581,0,0
-116.9,33.98,3.6339,0,0
-116.93,33.93,2.0549,0,0
-116.89,33.93,2.0976,0,0
-116.88,33.93,1.2188,0,0
-116.9,33.93,2.2321,0,0
-116.91,34.0,5.5,0,0
-116.87,33.94,2.218,0,0
-116.87,33.93,1.4556,0,0
-116.87,33.91,2.7536,0,0
-116.89,33.92,2.6643,0,0
-116.75,33.83,3.3333,0,0
-116.8,33.8,3.4167,0,0
-116.71,33.75,3.0625,0,0
-116.68,33.71,3.5882,0,0
-116.74,33.62,2.9141,0,0
-116.8,33.52,3.8281,0,0
-116.89,33.48,2.8071,0,0
-116.87,33.57,3.038,0,0
-116.72,33.56,2.355,0,0
-116.48,33.61,2.9167,0,0
-116.57,33.64,6.2702,0,-1
-116.76,33.46,3.0694,0,0
-116.42,33.51,2.5625,0,0
-116.6,33.49,2.183,0,0
-116.69,33.5,1.9107,0,0
-116.39,33.82,2.7219,0,0
-116.71,33.94,3.0208,0,0
-116.51,33.89,1.95,0,0
-116.61,33.93,2.8056,0,0
-116.57,33.94,1.1917,0,0
-116.57,34.0,3.5208,0,0
-116.44,33.93,1.6849,0,0
-116.36,33.88,1.7844,0,0
-116.52,33.97,3.3616,0,0
-116.51,33.96,1.4665,0,0
-116.53,33.95,2.625,0,0
-116.5,33.95,1.6983,0,0
-116.51,33.94,1.7388,0,0
-116.48,33.96,2.3382,0,0
-116.47,33.94,3.2578,0,0
-116.48,33.94,1.8,0,0
-116.5,33.98,4.0417,0,0
-116.51,33.84,4.0729,0,0
-116.63,33.89,1.5227,0,0
-116.52,33.84,3.6875,0,0
-116.54,33.87,1.9167,0,0
-116.57,33.84,3.3897,0,0
-116.53,33.85,2.9647,0,0
-116.55,33.84,5.7613,0,0
-116.53,33.84,2.5885,0,0
-116.52,33.85,3.4886,0,0
-116.5,33.82,2.1042,0,0
-116.49,33.82,2.9569,0,0
-116.52,33.82,2.5212,0,0
-116.54,33.82,1.5595,0,0
-116.56,33.83,2.6083,0,0
-116.48,33.8,3.6667,0,0
-116.5,33.81,2.5399,0,0
-116.52,33.81,3.4394,0,0
-116.54,33.81,2.1176,0,0
-116.54,33.81,3.1493,0,0
-116.49,33.8,3.7396,0,0
-116.54,33.8,2.2216,0,0
-116.57,33.76,3.1364,0,0
-116.5,33.69,2.25,0,0
-116.54,33.79,3.9737,0,0
-116.53,33.78,2.5489,0,0
-116.53,33.88,4.6855,0,0
-116.48,33.84,1.7204,0,0
-116.48,33.79,2.6298,0,0
-116.47,33.84,4.3111,0,0
-116.46,33.82,3.9508,0,0
-116.47,33.81,2.4497,0,0
-116.46,33.79,2.1411,0,0
-116.43,33.81,3.5223,0,0
-116.42,33.79,4.9444,0,0
-116.43,33.78,6.1437,0,-1
-116.45,33.78,3.0859,0,0
-116.42,33.76,7.6281,0,-1
-116.4,33.78,6.8729,0,-1
-116.45,33.8,3.6161,0,0
-116.36,33.78,3.3799,0,0
-116.38,33.74,4.084,0,0
-116.33,33.75,4.036,0,0
-116.31,33.73,3.2846,0,0
-116.46,33.78,1.3801,0,0
-116.46,33.78,2.5477,0,0
-116.47,33.77,4.4107,0,0
-116.47,33.78,3.3162,0,0
-116.38,33.73,4.0079,0,0
-116.37,33.72,3.312,0,0
-116.39,33.72,3.5569,0,0
-116.38,33.71,4.5556,0,0
-116.39,33.69,6.9833,0,-1
-116.37,33.72,3.0021,0,0
-116.44,33.77,2.2439,0,0
-116.43,33.75,3.7727,0,0
-116.44,33.74,7.9885,0,-1
-116.41,33.74,3.3639,0,0
-116.41,33.74,2.4659,0,0
-116.42,33.68,2.2208,0,0
-116.37,33.69,7.8005,0,-1
-116.33,33.72,7.4382,0,-1
-116.29,33.67,5.6918,0,-1
-116.3,33.68,2.8882,0,0
-116.31,33.67,2.9187,0,0
-116.31,33.67,3.3333,0,0
-116.31,33.66,3.6354,0,0
-116.31,33.65,4.5938,0,0
-116.26,33.72,3.1086,0,0
-116.25,33.69,2.7667,0,0
-116.22,33.7,3.2833,0,0
-116.24,33.76,3.8125,0,0
-116.29,33.74,4.7195,0,0
-116.29,33.72,3.1771,0,0
-116.25,33.81,3.4583,0,0
-116.25,33.75,2.025,0,0
-116.24,33.72,3.775,0,0
-116.24,33.71,2.7598,0,0
-116.24,33.73,3.0682,0,0
-116.22,33.74,3.3107,0,0
-116.21,33.75,3.0673,0,0
-116.21,33.72,2.3169,0,0
-116.22,33.73,2.1217,0,0
-116.23,33.73,2.8648,0,0
-116.21,33.71,1.7083,0,0
-116.22,33.72,1.7172,0,0
-116.2,33.7,2.2989,0,0
-116.23,33.72,1.7805,0,0
-116.23,33.71,2.444,0,0
-116.15,33.69,2.9286,0,0
-116.11,33.64,2.0871,0,0
-116.15,33.64,1.6557,0,0
-116.2,33.63,2.5,0,0
-116.21,33.66,3.8846,0,0
-116.21,33.68,1.5809,0,0
-116.25,33.68,3.0114,0,0
-116.26,33.65,10.2948,0,-1
-116.17,33.53,2.1287,0,0
-116.12,33.53,1.654,0,0
-116.01,33.51,1.7344,0,0
-115.84,33.49,2.0347,0,0
-116.16,33.68,2.2679,0,0
-116.17,33.67,2.5714,0,0
-116.17,33.66,1.9306,0,0
-116.19,33.67,1.7297,0,0
-116.18,33.67,2.2141,0,0
-116.18,33.69,2.375,0,0
-116.19,33.69,2.5383,0,0
-116.08,33.86,2.425,0,0
-115.22,33.54,1.625,0,0
-114.67,33.92,1.2656,0,-1
-115.58,33.88,3.1827,0,0
-114.98,33.82,3.2097,0,-1
-114.49,33.97,1.6154,0,-1
-114.65,33.6,2.9653,0,-1
-114.68,33.49,1.6395,0,-1
-114.56,33.69,1.6509,0,-1
-114.57,33.64,3.1917,0,-1
-114.57,33.57,1.925,0,-1
-114.57,33.52,2.0833,0,-1
-114.59,33.61,2.1782,0,-1
-114.61,33.62,2.1759,0,-1
-114.6,33.62,2.6797,0,-1
-114.58,33.63,3.3438,0,-1
-114.62,33.62,0.536,0,-1
-114.58,33.61,2.6768,0,-1
-114.6,33.6,1.625,0,-1
-121.43,38.58,3.9167,1,0
-121.43,38.57,4.0972,1,0
-121.42,38.57,3.7731,1,0
-121.44,38.58,3.9271,1,0
-121.43,38.57,3.5893,1,0
-121.44,38.57,3.776,1,0
-121.44,38.58,3.0208,1,0
-121.45,38.58,3.4914,1,0
-121.45,38.57,3.5313,1,0
-121.46,38.58,3.8914,1,0
-121.46,38.58,1.7765,1,0
-121.47,38.58,1.5922,1,0
-121.47,38.58,2.3266,1,0
-121.47,38.58,2.6976,1,0
-121.48,38.58,2.01,1,0
-121.48,38.58,1.6277,1,0
-121.49,38.58,1.4034,1,0
-121.48,38.59,1.6116,1,0
-121.49,38.59,1.0313,1,0
-121.49,38.58,1.4375,1,0
-121.5,38.58,0.7526,1,0
-121.5,38.58,2.5821,1,0
-121.5,38.57,3.358,1,0
-121.49,38.58,0.9196,1,0
-121.48,38.58,1.245,1,0
-121.48,38.57,1.4301,1,0
-121.48,38.57,1.625,1,0
-121.49,38.57,1.7568,1,0
-121.49,38.57,1.2209,1,0
-121.47,38.57,2.1691,1,0
-121.47,38.57,1.9034,1,0
-121.48,38.57,1.8512,1,0
-121.47,38.57,3.0217,1,0
-121.47,38.57,1.2041,1,0
-121.48,38.58,1.5872,1,0
-121.45,38.57,3.2963,1,0
-121.45,38.56,4.63,1,0
-121.46,38.56,2.9191,1,0
-121.46,38.57,3.1583,1,0
-121.46,38.57,3.2386,1,0
-121.46,38.57,3.1484,1,0
-121.46,38.57,2.0549,1,0
-121.43,38.56,3.1827,1,0
-121.44,38.56,3.7167,1,0
-121.44,38.56,2.8542,1,0
-121.43,38.56,2.5417,1,0
-121.43,38.56,3.0938,1,0
-121.45,38.57,5.1169,1,0
-121.45,38.56,4.0417,1,0
-121.42,38.55,2.6417,1,0
-121.43,38.55,2.7333,1,0
-121.45,38.55,1.4889,1,0
-121.46,38.56,3.3348,1,0
-121.45,38.56,2.625,1,0
-121.44,38.55,2.9821,1,0
-121.47,38.56,3.125,1,0
-121.46,38.56,2.2125,1,0
-121.46,38.55,1.7616,1,0
-121.46,38.55,1.2235,1,0
-121.47,38.55,1.1458,1,0
-121.47,38.56,1.8911,1,0
-121.47,38.56,2.0221,1,0
-121.47,38.56,1.7328,1,0
-121.48,38.56,2.0089,1,0
-121.48,38.56,2.7316,1,0
-121.48,38.57,1.78,1,0
-121.49,38.56,1.2813,1,0
-121.49,38.56,1.9013,1,0
-121.49,38.57,1.7155,1,0
-121.5,38.57,1.4712,1,0
-121.5,38.57,2.1719,1,0
-121.51,38.57,2.2031,1,0
-121.5,38.57,1.0114,1,0
-121.5,38.56,1.128,1,0
-121.51,38.56,1.0649,1,0
-121.51,38.55,2.8417,1,0
-121.51,38.55,2.7885,1,0
-121.49,38.56,3.0033,1,0
-121.49,38.55,3.3844,1,0
-121.5,38.55,5.6402,1,0
-121.49,38.56,3.6729,1,0
-121.49,38.54,2.5639,1,0
-121.5,38.54,8.338,1,-1
-121.49,38.55,5.0359,1,0
-121.5,38.55,5.2362,1,0
-121.5,38.54,3.7344,1,0
-121.48,38.55,7.1035,1,0
-121.48,38.55,4.3929,1,0
-121.48,38.56,2.0833,1,0
-121.48,38.55,4.1467,1,0
-121.48,38.55,4.8603,1,0
-121.48,38.56,2.8542,1,0
-121.47,38.55,0.9948,1,0
-121.47,38.55,1.0208,1,0
-121.47,38.54,1.2679,1,0
-121.47,38.55,1.186,1,0
-121.47,38.55,2.0242,1,0
-121.45,38.54,2.7787,1,0
-121.45,38.54,1.4702,1,0
-121.46,38.54,1.8333,1,0
-121.46,38.55,2.0074,1,0
-121.42,38.54,3.0521,1,0
-121.43,38.54,2.9769,1,0
-121.43,38.54,3.15,1,0
-121.44,38.54,2.5694,1,0
-121.45,38.54,1.9485,1,0
-121.42,38.54,2.398,1,0
-121.42,38.54,2.925,1,0
-121.43,38.54,2.4618,1,0
-121.44,38.54,3.2404,1,0
-121.44,38.54,2.5389,1,0
-121.41,38.53,3.1944,1,0
-121.41,38.53,2.9737,1,0
-121.42,38.53,2.8298,1,0
-121.42,38.53,3.4083,1,0
-121.43,38.53,3.1208,1,0
-121.43,38.53,3.1667,1,0
-121.44,38.53,2.3272,1,0
-121.41,38.52,1.8689,1,0
-121.42,38.51,1.9423,1,0
-121.42,38.52,2.5574,1,0
-121.43,38.52,2.5898,1,0
-121.43,38.52,1.3927,1,0
-121.44,38.52,2.7697,1,0
-121.5,38.53,4.6923,1,0
-121.5,38.53,3.5231,1,0
-121.51,38.53,4.25,1,0
-121.51,38.53,5.3135,1,0
-121.5,38.52,2.2574,1,0
-121.51,38.51,5.5208,1,0
-121.51,38.51,6.6112,1,0
-121.51,38.52,4.0972,1,0
-121.48,38.53,2.3487,1,0
-121.49,38.53,3.125,1,0
-121.49,38.54,1.6932,1,0
-121.48,38.53,2.3542,1,0
-121.48,38.52,2.9911,1,0
-121.49,38.52,3.1014,1,0
-121.49,38.53,3.3906,1,0
-121.48,38.54,2.1975,1,0
-121.48,38.53,1.9837,1,0
-121.47,38.54,1.4138,1,0
-121.47,38.53,1.4625,1,0
-121.47,38.53,1.3646,1,0
-121.49,38.51,2.9219,1,0
-121.49,38.5,3.319,1,0
-121.49,38.5,3.0313,1,0
-121.5,38.5,3.7414,1,0
-121.49,38.51,3.1768,1,0
-121.51,38.54,3.9792,1,0
-121.52,38.53,4.2885,1,0
-121.52,38.53,3.5737,1,0
-121.52,38.51,3.0963,1,0
-121.51,38.49,4.1,1,0
-121.51,38.5,5.0371,1,0
-121.55,38.51,6.5253,1,0
-121.55,38.5,5.7621,1,0
-121.54,38.5,4.2075,1,0
-121.54,38.51,4.2216,1,0
-121.53,38.5,6.4667,1,0
-121.53,38.51,3.1607,1,0
-121.52,38.5,4.8497,1,0
-121.53,38.48,4.8811,1,0
-121.52,38.49,3.6196,1,0
-121.54,38.49,5.1442,1,0
-121.48,38.52,3.1583,1,0
-121.48,38.51,2.5926,1,0
-121.48,38.5,1.3679,1,0
-121.49,38.49,2.6613,1,0
-121.5,38.49,2.7368,1,0
-121.5,38.49,3.3689,1,0
-121.48,38.49,1.5908,1,0
-121.49,38.49,2.735,1,0
-121.47,38.49,2.3233,1,0
-121.47,38.48,2.6382,1,0
-121.49,38.47,2.3496,1,0
-121.47,38.48,3.2702,1,0
-121.45,38.54,1.7891,1,0
-121.45,38.53,1.7714,1,0
-121.45,38.53,2.1679,1,0
-121.45,38.53,2.4741,1,0
-121.46,38.54,1.7692,1,0
-121.46,38.53,1.8007,1,0
-121.46,38.54,1.5292,1,0
-121.47,38.52,1.2575,1,0
-121.46,38.51,1.5735,1,0
-121.45,38.5,2.7101,1,0
-121.47,38.5,1.7188,1,0
-121.47,38.51,3.625,1,0
-121.47,38.52,1.8205,1,0
-121.44,38.52,1.6521,1,0
-121.45,38.51,2.2245,1,0
-121.45,38.52,2.6288,1,0
-121.45,38.52,2.5592,1,0
-121.46,38.52,2.1736,1,0
-121.46,38.51,1.68,1,0
-121.46,38.52,2.71,1,0
-121.44,38.51,2.214,1,0
-121.44,38.5,4.088,1,0
-121.44,38.5,1.4007,1,0
-121.42,38.51,2.8139,1,0
-121.42,38.5,3.025,1,0
-121.46,38.49,2.575,1,0
-121.45,38.49,3.5323,1,0
-121.44,38.49,3.3878,1,0
-121.45,38.48,2.9571,1,0
-121.43,38.48,3.0625,1,0
-121.44,38.48,2.7262,1,0
-121.45,38.48,3.5402,1,0
-121.46,38.48,3.5227,1,0
-121.42,38.49,3.363,1,0
-121.42,38.48,1.9657,1,0
-121.4,38.49,3.5968,1,0
-121.38,38.49,2.9647,1,0
-121.39,38.51,2.0062,1,0
-121.42,38.56,1.3571,1,0
-121.39,38.56,4.3644,1,0
-121.38,38.55,4.3288,1,0
-121.38,38.55,4.6944,1,0
-121.39,38.55,3.5278,1,0
-121.39,38.55,1.9044,1,0
-121.4,38.55,5.0,1,0
-121.41,38.55,1.9167,1,0
-121.4,38.55,2.925,1,0
-121.4,38.53,0.9274,1,0
-121.48,38.59,0.9204,1,0
-121.5,38.59,1.725,1,0
-121.44,38.6,2.8231,1,0
-121.41,38.56,5.1385,1,0
-121.37,38.57,5.2449,1,0
-121.39,38.57,8.4016,1,-1
-121.4,38.57,5.8416,1,0
-121.41,38.57,3.2443,1,0
-121.4,38.56,7.143,1,0
-121.42,38.6,1.7451,1,0
-121.42,38.6,2.2452,1,0
-121.42,38.6,3.8672,1,0
-121.43,38.61,2.1694,1,0
-121.44,38.61,2.6442,1,0
-121.41,38.61,3.4784,1,0
-121.41,38.6,2.0471,1,0
-121.41,38.59,2.6485,1,0
-121.41,38.59,2.5245,1,0
-121.41,38.58,3.089,1,0
-121.39,38.61,2.9559,1,0
-121.39,38.6,2.5238,1,0
-121.4,38.61,4.1488,1,0
-121.38,38.59,3.0156,1,0
-121.39,38.59,2.2264,1,0
-121.39,38.59,2.8,1,0
-121.4,38.59,2.5363,1,0
-121.4,38.59,2.0432,1,0
-121.38,38.59,3.2596,1,0
-121.39,38.58,2.8462,1,0
-121.39,38.58,6.3406,1,0
-121.37,38.6,3.788,1,0
-121.37,38.6,5.8336,1,0
-121.38,38.6,6.8469,1,0
-121.38,38.61,3.6053,1,0
-121.37,38.59,3.5179,1,0
-121.37,38.58,7.3343,1,0
-121.38,38.58,5.0497,1,0
-121.38,38.59,4.5313,1,0
-121.37,38.59,4.775,1,0
-121.35,38.61,2.7788,1,0
-121.35,38.6,5.0997,1,0
-121.36,38.6,4.4643,1,0
-121.36,38.6,3.875,1,0
-121.36,38.61,5.0492,1,0
-121.35,38.59,5.3243,1,0
-121.36,38.59,5.0508,1,0
-121.36,38.58,8.4699,1,-1
-121.35,38.58,8.6572,1,-1
-121.34,38.58,7.8031,1,-1
-121.34,38.59,5.9174,1,0
-121.34,38.59,8.05,1,-1
-121.36,38.64,5.5632,1,0
-121.36,38.63,4.875,1,0
-121.35,38.62,3.4299,1,0
-121.35,38.61,2.5511,1,0
-121.36,38.61,3.8882,1,0
-121.36,38.62,3.058,1,0
-121.36,38.63,4.7283,1,0
-121.37,38.64,4.6111,1,0
-121.38,38.64,2.1472,1,0
-121.37,38.63,2.6623,1,0
-121.37,38.63,4.8194,1,0
-121.37,38.63,4.6127,1,0
-121.37,38.62,1.6678,1,0
-121.38,38.62,2.2,1,0
-121.38,38.62,3.5625,1,0
-121.37,38.62,3.0139,1,0
-121.37,38.61,3.7569,1,0
-121.37,38.61,3.0833,1,0
-121.38,38.61,3.0086,1,0
-121.39,38.63,2.7813,1,0
-121.39,38.63,3.8068,1,0
-121.39,38.61,2.4632,1,0
-121.39,38.62,2.2844,1,0
-121.39,38.62,1.8176,1,0
-121.4,38.63,2.517,1,0
-121.4,38.63,1.8571,1,0
-121.4,38.62,2.2292,1,0
-121.4,38.61,1.9908,1,0
-121.41,38.62,2.5162,1,0
-121.42,38.62,2.0786,1,0
-121.42,38.61,2.1776,1,0
-121.43,38.61,1.3696,1,0
-121.42,38.62,2.0224,1,0
-121.42,38.63,2.6055,1,0
-121.43,38.63,1.6641,1,0
-121.42,38.63,1.9412,1,0
-121.43,38.62,2.0639,1,0
-121.44,38.61,1.8792,1,0
-121.41,38.64,2.3214,1,0
-121.41,38.64,1.9167,1,0
-121.42,38.64,1.8611,1,0
-121.42,38.64,1.6033,1,0
-121.42,38.65,2.098,1,0
-121.43,38.65,3.1696,1,0
-121.43,38.64,2.0417,1,0
-121.44,38.64,1.125,1,0
-121.44,38.64,1.0398,1,0
-121.44,38.65,3.8295,1,0
-121.44,38.63,1.3302,1,0
-121.44,38.63,1.3462,1,0
-121.44,38.63,1.6343,1,0
-121.44,38.62,1.9107,1,0
-121.44,38.62,1.4387,1,0
-121.45,38.65,2.6369,1,0
-121.46,38.65,3.2039,1,0
-121.46,38.65,3.8125,1,0
-121.45,38.64,1.867,1,0
-121.46,38.64,1.6607,1,0
-121.46,38.63,1.56,1,0
-121.45,38.63,1.4397,1,0
-121.45,38.62,2.5643,1,0
-121.45,38.62,1.4861,1,0
-121.45,38.61,1.0424,1,0
-121.46,38.61,2.4205,1,0
-121.46,38.62,1.9871,1,0
-121.44,38.61,1.0467,1,0
-121.45,38.6,4.6625,1,0
-121.45,38.61,1.0685,1,0
-121.46,38.61,1.2917,1,0
-121.46,38.6,1.9688,1,0
-121.45,38.61,0.9379,1,0
-121.47,38.63,2.1889,1,0
-121.47,38.61,1.6563,1,0
-121.47,38.61,1.6331,1,0
-121.52,38.65,3.9615,1,0
-121.53,38.61,3.6788,1,0
-121.49,38.63,3.7449,1,0
-121.5,38.62,3.7188,1,0
-121.5,38.61,2.6745,1,0
-121.5,38.63,3.1944,1,0
-121.49,38.62,3.9143,1,0
-121.49,38.61,3.4291,1,0
-121.48,38.62,3.8272,1,0
-121.48,38.61,2.3438,1,0
-121.51,38.69,2.1029,1,0
-121.59,38.69,8.0379,1,-1
-121.42,38.72,3.0903,1,0
-121.44,38.73,4.7396,1,0
-121.47,38.72,4.0227,1,0
-121.44,38.71,3.5129,1,0
-121.42,38.7,4.0625,1,0
-121.45,38.7,3.9853,1,0
-121.46,38.7,3.8611,1,0
-121.43,38.69,2.5,1,0
-121.44,38.68,2.0625,1,0
-121.42,38.68,3.725,1,0
-121.41,38.69,3.6429,1,0
-121.44,38.69,3.1942,1,0
-121.45,38.69,2.2243,1,0
-121.46,38.68,2.8333,1,0
-121.47,38.68,5.0155,1,0
-121.46,38.69,3.3125,1,0
-121.47,38.7,3.625,1,0
-121.43,38.66,2.7179,1,0
-121.46,38.66,3.9914,1,0
-121.4,38.66,2.5062,1,0
-121.37,38.69,3.0833,1,0
-121.37,38.68,3.3074,1,0
-121.38,38.68,4.0673,1,0
-121.37,38.68,3.1786,1,0
-121.37,38.69,3.2361,1,0
-121.38,38.69,2.6713,1,0
-121.39,38.69,4.0909,1,0
-121.37,38.69,2.7009,1,0
-121.37,38.68,3.5429,1,0
-121.37,38.68,2.5542,1,0
-121.38,38.68,2.4844,1,0
-121.38,38.68,1.7596,1,0
-121.37,38.67,2.2723,1,0
-121.37,38.67,2.555,1,0
-121.38,38.67,2.3958,1,0
-121.38,38.67,2.2788,1,0
-121.39,38.67,0.9338,1,0
-121.37,38.7,3.6484,1,0
-121.38,38.7,2.2402,1,0
-121.39,38.69,3.865,1,0
-121.37,38.7,3.4911,1,0
-121.34,38.69,3.7857,1,0
-121.34,38.69,3.7031,1,0
-121.35,38.68,4.3118,1,0
-121.35,38.68,3.5403,1,0
-121.35,38.72,4.5432,1,0
-121.38,38.71,3.9318,1,0
-121.4,38.71,3.8355,1,0
-121.36,38.69,3.6989,1,0
-121.35,38.7,3.5802,1,0
-121.36,38.67,2.3683,1,0
-121.36,38.67,2.2339,1,0
-121.37,38.66,2.3844,1,0
-121.36,38.66,2.7955,1,0
-121.37,38.66,2.4574,1,0
-121.38,38.66,1.8972,1,0
-121.38,38.65,3.1858,1,0
-121.39,38.64,3.6937,1,0
-121.34,38.68,4.2743,1,0
-121.34,38.67,4.0352,1,0
-121.34,38.67,3.0417,1,0
-121.34,38.66,1.9805,1,0
-121.35,38.66,2.7011,1,0
-121.34,38.66,2.8092,1,0
-121.34,38.66,2.119,1,0
-121.35,38.66,2.5556,1,0
-121.36,38.66,3.6953,1,0
-121.37,38.64,3.6786,1,0
-121.35,38.65,3.2243,1,0
-121.33,38.66,2.7797,1,0
-121.33,38.65,2.6266,1,0
-121.34,38.65,4.6,1,0
-121.33,38.65,2.8106,1,0
-121.34,38.64,3.8068,1,0
-121.33,38.64,2.4342,1,0
-121.34,38.64,3.7562,1,0
-121.34,38.63,4.0036,1,0
-121.33,38.63,2.7181,1,0
-121.33,38.62,2.2574,1,0
-121.34,38.62,2.4537,1,0
-121.34,38.61,2.6023,1,0
-121.34,38.61,2.0926,1,0
-121.33,38.61,2.7079,1,0
-121.34,38.61,3.9063,1,0
-121.33,38.6,6.2817,1,0
-121.29,38.63,3.3182,1,0
-121.3,38.63,3.0972,1,0
-121.32,38.63,3.0348,1,0
-121.31,38.62,6.244,1,0
-121.32,38.62,3.0864,1,0
-121.32,38.62,2.6897,1,0
-121.32,38.61,2.774,1,0
-121.31,38.61,6.6238,1,0
-121.3,38.64,4.0833,1,0
-121.31,38.64,4.6302,1,0
-121.32,38.64,3.6523,1,0
-121.31,38.66,5.2081,1,0
-121.31,38.66,4.7381,1,0
-121.32,38.66,5.078,1,0
-121.32,38.66,3.95,1,0
-121.32,38.65,3.0952,1,0
-121.31,38.65,5.5,1,0
-121.3,38.66,3.712,1,0
-121.3,38.66,4.2188,1,0
-121.3,38.65,4.5278,1,0
-121.3,38.65,3.5852,1,0
-121.21,38.66,5.4889,1,0
-121.21,38.65,5.6529,1,0
-121.24,38.64,5.259,1,0
-121.23,38.65,4.6437,1,0
-121.23,38.66,4.8088,1,0
-121.24,38.66,6.2082,1,0
-121.28,38.66,3.7869,1,0
-121.25,38.66,5.02,1,0
-121.26,38.66,6.1183,1,0
-121.27,38.66,6.1872,1,0
-121.27,38.66,4.1382,1,0
-121.25,38.64,5.6864,1,0
-121.26,38.65,4.6484,1,0
-121.27,38.65,2.9016,1,0
-121.27,38.64,4.3098,1,0
-121.26,38.64,4.8375,1,0
-121.27,38.65,5.2949,1,0
-121.29,38.65,3.8816,1,0
-121.28,38.64,4.8661,1,0
-121.28,38.63,10.2264,1,-1
-121.28,38.64,3.6298,1,0
-121.28,38.71,2.8973,1,0
-121.28,38.7,3.0212,1,0
-121.28,38.71,3.575,1,0
-121.28,38.7,3.7813,1,0
-121.28,38.68,2.6016,1,0
-121.3,38.7,3.235,1,0
-121.3,38.69,4.0739,1,0
-121.32,38.69,3.8776,1,0
-121.33,38.68,1.9093,1,0
-121.3,38.71,2.8226,1,0
-121.29,38.71,3.5769,1,0
-121.3,38.72,2.2813,1,0
-121.31,38.72,3.9506,1,0
-121.32,38.71,4.5245,1,0
-121.31,38.71,4.3836,1,0
-121.32,38.7,4.3643,1,0
-121.32,38.7,3.2444,1,0
-121.32,38.7,3.0703,1,0
-121.33,38.7,2.7868,1,0
-121.33,38.69,4.6923,1,0
-121.32,38.68,3.5893,1,0
-121.32,38.67,2.8426,1,0
-121.32,38.67,3.1382,1,0
-121.31,38.67,4.1563,1,0
-121.33,38.67,1.962,1,0
-121.33,38.66,2.5909,1,0
-121.31,38.67,4.8224,1,0
-121.32,38.67,4.0417,1,0
-121.29,38.68,3.5444,1,0
-121.3,38.69,3.6995,1,0
-121.31,38.68,2.1009,1,0
-121.31,38.68,3.8603,1,0
-121.3,38.67,3.0733,1,0
-121.3,38.68,5.2817,1,0
-121.3,38.67,4.8523,1,0
-121.3,38.66,3.3188,1,0
-121.3,38.67,4.2037,1,0
-121.27,38.7,4.6488,1,0
-121.27,38.69,4.4489,1,0
-121.26,38.68,2.7477,1,0
-121.24,38.7,5.7133,1,0
-121.25,38.7,4.2464,1,0
-121.26,38.69,5.2586,1,0
-121.25,38.69,4.5562,1,0
-121.25,38.69,4.1607,1,0
-121.24,38.68,3.7426,1,0
-121.25,38.68,4.9688,1,0
-121.26,38.68,5.2051,1,0
-121.25,38.68,6.1943,1,0
-121.25,38.67,4.2262,1,0
-121.26,38.67,4.2273,1,0
-121.27,38.67,2.5199,1,0
-121.26,38.66,4.0781,1,0
-121.27,38.67,2.7388,1,0
-121.27,38.67,3.8906,1,0
-121.28,38.68,3.75,1,0
-121.28,38.67,5.4797,1,0
-121.28,38.67,4.3625,1,0
-121.29,38.68,1.8589,1,0
-121.29,38.67,3.6516,1,0
-121.25,38.72,5.2177,1,0
-121.27,38.71,4.4609,1,0
-121.25,38.71,4.3009,1,0
-121.26,38.7,4.3826,1,0
-121.17,38.69,5.6902,1,0
-121.19,38.71,3.2321,1,0
-121.18,38.69,6.3528,1,0
-121.2,38.7,4.3214,1,0
-121.2,38.69,2.7174,1,0
-121.22,38.68,3.4506,1,0
-121.22,38.71,4.4695,1,0
-121.23,38.71,4.8542,1,0
-121.23,38.69,3.9226,1,0
-121.23,38.67,3.8954,1,0
-121.24,38.67,4.0182,1,0
-121.2,38.68,3.4896,1,0
-121.21,38.67,4.1071,1,0
-121.22,38.67,4.05,1,0
-121.21,38.67,3.0533,1,0
-121.19,38.67,4.817,1,0
-121.2,38.67,2.9803,1,0
-121.2,38.67,4.6902,1,0
-121.19,38.66,6.1185,1,0
-121.2,38.66,5.47,1,0
-121.15,38.69,6.1359,1,0
-121.17,38.71,2.5183,1,0
-121.17,38.68,3.0,1,0
-121.18,38.67,2.3333,1,0
-121.16,38.67,3.7796,1,0
-121.15,38.68,5.0159,1,0
-121.16,38.68,3.1161,1,0
-121.13,38.66,6.2503,1,0
-121.13,38.55,4.2031,1,0
-121.06,38.51,6.8869,1,0
-121.13,38.47,3.6645,1,0
-121.24,38.63,7.2582,1,0
-121.22,38.58,2.233,1,0
-121.28,38.55,2.6981,1,0
-121.31,38.59,3.1711,1,0
-121.32,38.59,3.6817,1,0
-121.32,38.59,2.5035,1,0
-121.29,38.61,3.9727,1,0
-121.3,38.61,4.3235,1,0
-121.3,38.6,3.3926,1,0
-121.27,38.62,2.7652,1,0
-121.28,38.61,2.7356,1,0
-121.28,38.61,2.4722,1,0
-121.29,38.61,4.4519,1,0
-121.27,38.61,2.9452,1,0
-121.28,38.6,3.1654,1,0
-121.28,38.6,3.1194,1,0
-121.29,38.6,4.0938,1,0
-121.32,38.57,5.31,1,0
-121.33,38.56,3.311,1,0
-121.32,38.57,3.6897,1,0
-121.32,38.56,4.5766,1,0
-121.32,38.54,2.9693,1,0
-121.28,38.53,3.1042,1,0
-121.3,38.58,2.3787,1,0
-121.3,38.58,2.6471,1,0
-121.31,38.58,2.5035,1,0
-121.31,38.57,3.5192,1,0
-121.31,38.57,2.5,1,0
-121.33,38.57,2.3684,1,0
-121.28,38.59,3.0481,1,0
-121.29,38.59,3.6563,1,0
-121.3,38.59,2.1116,1,0
-121.3,38.58,2.8966,1,0
-121.34,38.56,2.9896,1,0
-121.34,38.55,4.1447,1,0
-121.35,38.54,3.5691,1,0
-121.37,38.56,2.9464,1,0
-121.37,38.57,2.6635,1,0
-121.37,38.56,2.7679,1,0
-121.36,38.57,5.6485,1,0
-121.35,38.56,4.5066,1,0
-121.34,38.58,5.0917,1,0
-121.34,38.57,4.4602,1,0
-121.35,38.55,3.9934,1,0
-121.35,38.55,5.0427,1,0
-121.36,38.55,2.8021,1,0
-121.35,38.56,5.0622,1,0
-121.36,38.56,5.2881,1,0
-121.37,38.55,4.5815,1,0
-121.36,38.56,1.8288,1,0
-121.37,38.56,2.0901,1,0
-121.3,38.51,4.15,1,0
-121.35,38.51,4.2206,1,0
-121.4,38.47,4.3658,1,0
-121.38,38.47,4.5604,1,0
-121.39,38.43,5.4445,1,0
-121.27,38.44,5.8831,1,0
-121.35,38.46,4.3879,1,0
-121.34,38.44,5.7452,1,0
-121.32,38.41,5.8239,1,0
-121.36,38.42,5.1811,1,0
-121.37,38.41,3.5625,1,0
-121.37,38.42,3.3281,1,0
-121.38,38.41,4.7557,1,0
-121.38,38.41,4.45,1,0
-121.38,38.4,4.8831,1,0
-121.37,38.39,6.2575,1,0
-121.35,38.4,3.175,1,0
-121.36,38.4,4.175,1,0
-121.36,38.39,5.2447,1,0
-121.13,38.37,7.0326,1,0
-121.2,38.36,3.8897,1,0
-121.22,38.4,4.6989,1,0
-121.22,38.43,4.5368,1,0
-121.29,38.36,4.5272,1,0
-121.27,38.31,4.4107,1,0
-121.1,38.33,4.1974,1,0
-121.2,38.28,3.9808,1,0
-121.26,38.27,4.4125,1,0
-121.29,38.28,4.8073,1,0
-121.35,38.28,3.2234,1,0
-121.33,38.28,4.4306,1,0
-121.31,38.28,1.9485,1,0
-121.3,38.26,3.215,1,0
-121.31,38.26,1.8846,1,0
-121.32,38.26,4.1179,1,0
-121.3,38.25,2.5727,1,0
-121.48,38.46,4.0516,1,0
-121.42,38.47,2.3343,1,0
-121.43,38.46,4.0625,1,0
-121.43,38.47,4.35,1,0
-121.44,38.47,4.1597,1,0
-121.44,38.47,3.3608,1,0
-121.44,38.46,3.5461,1,0
-121.44,38.43,4.9516,1,0
-121.41,38.34,3.0833,1,0
-121.45,38.37,4.4519,1,0
-121.5,38.34,2.0048,1,0
-121.54,38.29,2.8616,1,0
-121.56,38.26,2.9744,1,0
-121.51,38.26,1.6458,1,0
-121.57,38.19,2.4353,1,0
-121.7,38.1,3.3398,1,0
-121.29,36.9,5.8324,1,0
-121.37,36.89,4.025,1,0
-121.47,36.92,4.6477,1,0
-121.53,36.85,2.6719,1,0
-121.51,36.86,2.625,1,0
-121.6,36.88,4.7813,1,0
-121.5,36.81,4.2333,1,0
-121.45,36.86,3.1375,1,0
-121.42,36.86,2.6818,1,0
-121.41,36.85,2.8839,1,0
-121.4,36.85,2.6598,1,0
-121.4,36.84,2.9554,1,0
-121.4,36.84,3.0912,1,0
-121.41,36.84,3.7049,1,0
-121.4,36.86,1.9405,1,0
-121.38,36.85,3.7316,1,0
-121.38,36.84,4.1875,1,0
-121.37,36.84,3.5714,1,0
-121.38,36.84,3.6354,1,0
-121.37,36.83,4.76,1,0
-121.4,36.83,3.067,1,0
-121.44,36.84,4.005,1,0
-121.42,36.85,2.3125,1,0
-121.32,36.79,3.6333,1,0
-121.36,36.81,5.0871,1,0
-121.34,36.76,4.1528,1,0
-121.06,36.72,2.2132,1,0
-120.95,36.47,3.2292,1,0
-117.75,34.01,6.1287,0,0
-117.78,33.97,8.4411,0,0
-117.72,33.99,5.7763,0,0
-117.76,33.98,6.7172,0,0
-117.74,33.97,5.6501,0,0
-117.72,33.97,5.228,0,0
-117.71,33.97,3.851,0,0
-117.7,33.92,6.2141,0,0
-117.75,33.95,7.5839,0,0
-117.76,33.94,5.1165,0,0
-117.69,34.09,2.725,0,0
-117.7,34.08,3.7802,0,0
-117.7,34.09,3.625,0,0
-117.71,34.08,2.5972,0,0
-117.71,34.07,3.8875,0,0
-117.69,34.08,4.5185,0,0
-117.69,34.07,3.7083,0,0
-117.69,34.07,3.8586,0,0
-117.69,34.08,3.2344,0,0
-117.71,34.07,3.6,0,0
-117.7,34.08,4.1448,0,0
-117.7,34.07,3.7969,0,0
-117.69,34.06,2.7986,0,0
-117.69,34.06,2.5536,0,0
-117.7,34.06,2.3049,0,0
-117.7,34.06,2.9107,0,0
-117.71,34.06,1.4722,0,0
-117.68,34.05,2.5395,0,0
-117.69,34.05,4.3264,0,0
-117.7,34.05,4.7357,0,0
-117.71,34.06,3.625,0,0
-117.71,34.05,2.5735,0,0
-117.72,34.05,2.7321,0,0
-117.72,34.05,4.0614,0,0
-117.69,34.04,4.0096,0,0
-117.7,34.04,3.5954,0,0
-117.71,34.04,4.625,0,0
-117.71,34.04,2.9811,0,0
-117.72,34.03,5.6029,0,0
-117.72,34.02,6.5958,0,0
-117.73,34.01,4.125,0,0
-117.72,34.0,5.4824,0,0
-117.68,34.0,5.7338,0,0
-117.69,34.0,2.5781,0,0
-117.7,34.0,5.7021,0,0
-117.71,34.02,3.6361,0,0
-117.71,34.03,3.4267,0,0
-117.67,34.03,4.7056,0,0
-117.68,34.03,3.0396,0,0
-117.69,34.03,3.4184,0,0
-117.68,34.01,3.2073,0,0
-117.69,34.01,2.3,0,0
-117.68,34.15,4.1719,0,0
-117.66,34.15,8.5282,0,0
-117.64,34.15,6.4559,0,0
-117.68,34.15,6.7813,0,0
-117.68,34.14,6.9532,0,0
-117.66,34.14,7.0844,0,0
-117.66,34.14,6.9418,0,0
-117.66,34.15,8.0103,0,0
-117.65,34.14,8.6573,0,0
-117.69,34.13,7.9627,0,0
-117.67,34.13,7.7234,0,0
-117.66,34.13,6.3842,0,0
-117.67,34.12,5.3525,0,0
-117.66,34.13,6.075,0,0
-117.66,34.12,8.8204,0,0
-117.65,34.14,8.4839,0,0
-117.65,34.13,5.9328,0,0
-117.65,34.12,6.2083,0,0
-117.63,34.12,6.0758,0,0
-117.64,34.12,5.8407,0,0
-117.65,34.11,3.6219,0,0
-117.64,34.11,2.5868,0,0
-117.63,34.11,4.2969,0,0
-117.69,34.11,2.6929,0,0
-117.68,34.12,5.7214,0,0
-117.68,34.11,5.5292,0,0
-117.66,34.12,6.1195,0,0
-117.66,34.11,5.0681,0,0
-117.65,34.12,6.5587,0,0
-117.65,34.11,5.3368,0,0
-117.69,34.1,2.6074,0,0
-117.68,34.1,2.8326,0,0
-117.67,34.1,3.875,0,0
-117.67,34.1,4.3438,0,0
-117.65,34.1,3.6,0,0
-117.66,34.1,3.4634,0,0
-117.66,34.1,2.2429,0,0
-117.65,34.1,2.4667,0,0
-117.68,34.09,2.9812,0,0
-117.67,34.09,2.7266,0,0
-117.66,34.09,3.6667,0,0
-117.66,34.09,3.2321,0,0
-117.66,34.09,3.0357,0,0
-117.65,34.09,4.3958,0,0
-117.62,34.13,5.1261,0,0
-117.62,34.11,6.148,0,0
-117.62,34.11,4.4637,0,0
-117.63,34.1,2.6582,0,0
-117.63,34.09,2.6818,0,0
-117.64,34.09,3.05,0,0
-117.65,34.09,2.7083,0,0
-117.65,34.1,3.0284,0,0
-117.65,34.1,2.7159,0,0
-117.68,34.08,3.3482,0,0
-117.68,34.08,3.0978,0,0
-117.67,34.07,3.5036,0,0
-117.68,34.07,1.7806,0,0
-117.68,34.07,4.0375,0,0
-117.65,34.08,4.7176,0,0
-117.65,34.08,3.3836,0,0
-117.66,34.07,2.9474,0,0
-117.66,34.06,2.2244,0,0
-117.66,34.07,2.8702,0,0
-117.66,34.07,2.587,0,0
-117.66,34.08,3.3036,0,0
-117.66,34.08,3.9227,0,0
-117.64,34.08,3.3958,0,0
-117.64,34.07,3.2083,0,0
-117.65,34.08,3.375,0,0
-117.65,34.08,5.4689,0,0
-117.64,34.08,3.495,0,0
-117.64,34.08,2.4464,0,0
-117.63,34.08,3.8355,0,0
-117.63,34.07,3.4432,0,0
-117.62,34.07,3.3936,0,0
-117.62,34.08,3.1597,0,0
-117.63,34.09,2.8977,0,0
-117.62,34.09,4.0139,0,0
-117.62,34.08,3.125,0,0
-117.62,34.08,4.4946,0,0
-117.61,34.08,3.0199,0,0
-117.61,34.09,4.4205,0,0
-117.61,34.09,4.6167,0,0
-117.61,34.08,4.7147,0,0
-117.6,34.08,4.9063,0,0
-117.65,34.07,1.4464,0,0
-117.65,34.07,1.9236,0,0
-117.65,34.06,2.0893,0,0
-117.62,34.07,2.5677,0,0
-117.64,34.07,2.2765,0,0
-117.64,34.07,2.837,0,0
-117.64,34.07,2.6913,0,0
-117.67,34.06,2.4583,0,0
-117.66,34.06,1.608,0,0
-117.65,34.06,2.25,0,0
-117.64,34.06,1.7292,0,0
-117.64,34.06,1.9659,0,0
-117.63,34.06,2.3636,0,0
-117.66,34.05,2.3347,0,0
-117.66,34.05,2.5391,0,0
-117.66,34.05,3.625,0,0
-117.67,34.04,4.6563,0,0
-117.66,34.04,4.7872,0,0
-117.66,34.05,3.6467,0,0
-117.65,34.04,3.9336,0,0
-117.66,34.04,4.2054,0,0
-117.67,34.05,3.2062,0,0
-117.67,34.04,5.2551,0,0
-117.67,34.04,3.0598,0,0
-117.68,34.04,3.9107,0,0
-117.65,34.02,4.4042,0,0
-117.66,34.03,5.753,0,0
-117.67,34.02,4.8906,0,0
-117.66,34.02,6.7544,0,0
-117.65,34.03,3.449,0,0
-117.65,34.04,2.5048,0,0
-117.64,34.05,3.0057,0,0
-117.64,34.05,2.1944,0,0
-117.64,34.03,4.8281,0,0
-117.64,34.04,2.4716,0,0
-117.64,34.03,4.1779,0,0
-117.64,34.02,4.0611,0,0
-117.63,34.02,5.6168,0,0
-117.62,34.02,5.5632,0,0
-117.62,34.03,4.8311,0,0
-117.62,34.02,5.0431,0,0
-117.61,34.02,3.8125,0,0
-117.6,34.02,5.2849,0,0
-117.6,34.03,5.5677,0,0
-117.62,34.05,2.8281,0,0
-117.61,34.04,3.1672,0,0
-117.66,34.02,5.5425,0,0
-117.64,34.02,2.125,0,0
-117.61,34.01,3.9696,0,0
-117.61,34.02,7.7197,0,0
-117.64,33.99,2.4375,0,0
-117.66,34.0,5.411,0,0
-117.6,33.98,2.7284,0,0
-117.63,33.94,4.2578,0,0
-117.58,34.0,4.0037,0,0
-117.57,34.15,5.485,0,0
-117.57,34.13,5.9369,0,0
-117.54,34.12,5.1333,0,0
-117.54,34.11,3.9241,0,0
-117.51,34.14,4.6437,0,0
-117.5,34.12,5.285,0,0
-117.51,34.16,4.1,0,0
-117.55,34.14,5.3638,0,0
-117.59,34.16,7.8252,0,0
-117.58,34.14,5.3678,0,0
-117.62,34.15,6.5138,0,0
-117.61,34.14,5.5198,0,0
-117.61,34.13,4.4611,0,0
-117.61,34.12,4.6997,0,0
-117.59,34.13,3.8505,0,0
-117.58,34.11,4.7547,0,0
-117.6,34.11,4.8889,0,0
-117.56,34.12,4.7193,0,0
-117.56,34.12,3.7973,0,0
-117.61,34.1,3.6033,0,0
-117.59,34.1,2.3603,0,0
-117.58,34.1,3.5186,0,0
-117.58,34.09,1.9531,0,0
-117.59,34.09,3.9755,0,0
-117.57,34.07,3.1458,0,0
-117.59,34.03,5.0769,0,0
-117.59,34.02,4.7857,0,0
-117.58,34.02,5.2692,0,0
-117.57,34.02,4.6727,0,0
-117.53,34.06,2.9386,0,0
-117.53,34.1,3.7917,0,0
-117.42,34.13,4.8283,0,0
-117.43,34.12,3.2056,0,0
-117.45,34.13,3.6417,0,0
-117.46,34.14,0.8926,0,0
-117.47,34.12,4.1797,0,0
-117.46,34.1,2.5833,0,0
-117.46,34.1,1.9583,0,0
-117.46,34.09,3.5488,0,0
-117.48,34.09,3.6394,0,0
-117.48,34.09,3.1838,0,0
-117.48,34.1,2.5833,0,0
-117.46,34.08,3.6602,0,0
-117.46,34.07,2.9973,0,0
-117.48,34.08,3.915,0,0
-117.48,34.08,3.1028,0,0
-117.47,34.07,1.5972,0,0
-117.42,34.06,2.9107,0,0
-117.46,34.06,4.3397,0,0
-117.47,34.06,2.7574,0,0
-117.49,34.05,3.9464,0,0
-117.5,34.04,5.1647,0,0
-117.5,34.04,5.0175,0,0
-117.49,34.04,4.1775,0,0
-117.46,34.04,4.2429,0,0
-117.38,34.14,5.246,0,0
-117.4,34.15,4.7909,0,0
-117.4,34.18,5.3671,0,0
-117.38,34.2,3.7578,0,0
-117.45,34.11,2.9112,0,0
-117.45,34.1,2.7827,0,0
-117.45,34.1,2.0308,0,0
-117.42,34.11,3.3958,0,0
-117.42,34.1,4.1399,0,0
-117.43,34.1,3.7011,0,0
-117.43,34.11,2.7757,0,0
-117.43,34.1,2.4735,0,0
-117.44,34.1,2.075,0,0
-117.44,34.09,2.3682,0,0
-117.44,34.09,2.375,0,0
-117.44,34.08,3.6025,0,0
-117.42,34.09,4.1375,0,0
-117.42,34.08,3.4844,0,0
-117.43,34.08,4.263,0,0
-117.43,34.09,2.7437,0,0
-117.42,34.08,2.7569,0,0
-117.43,34.08,2.1189,0,0
-117.45,34.07,3.3553,0,0
-117.43,34.07,2.3768,0,0
-117.41,34.11,2.5181,0,0
-117.41,34.1,2.5272,0,0
-117.4,34.08,3.8531,0,0
-117.41,34.08,3.5655,0,0
-117.41,34.09,3.6466,0,0
-117.41,34.1,3.1287,0,0
-117.41,34.11,3.5481,0,0
-117.4,34.11,4.2121,0,0
-117.39,34.11,4.8889,0,0
-117.39,34.11,4.9444,0,0
-117.38,34.11,3.3066,0,0
-117.38,34.11,3.1375,0,0
-117.39,34.1,2.4492,0,0
-117.39,34.1,2.4028,0,0
-117.39,34.13,4.1632,0,0
-117.38,34.13,3.7198,0,0
-117.37,34.13,3.875,0,0
-117.38,34.13,2.1856,0,0
-117.37,34.13,2.3456,0,0
-117.38,34.12,2.4053,0,0
-117.39,34.12,4.9196,0,0
-117.38,34.09,3.3438,0,0
-117.36,34.09,3.2879,0,0
-117.37,34.08,2.9554,0,0
-117.38,34.08,3.6875,0,0
-117.38,34.07,4.9091,0,0
-117.37,34.07,4.125,0,0
-117.36,34.08,3.7348,0,0
-117.4,34.09,4.4034,0,0
-117.39,34.09,4.3958,0,0
-117.39,34.07,3.8558,0,0
-117.39,34.07,3.0278,0,0
-117.4,34.07,2.066,0,0
-117.37,34.1,2.3889,0,0
-117.37,34.1,1.6977,0,0
-117.35,34.12,4.1581,0,0
-117.36,34.11,3.25,0,0
-117.37,34.12,3.8398,0,0
-117.37,34.13,4.0294,0,0
-117.35,34.13,3.7286,0,0
-117.36,34.1,2.3205,0,0
-117.36,34.1,2.3578,0,0
-117.36,34.1,3.6227,0,0
-117.38,34.06,3.3571,0,0
-117.4,34.06,3.9191,0,0
-117.4,34.04,3.025,0,0
-117.39,34.04,2.8682,0,0
-117.35,34.04,3.5139,0,0
-117.35,34.17,2.9844,0,0
-117.34,34.16,2.1935,0,0
-117.33,34.15,1.6993,0,0
-117.32,34.14,1.8438,0,0
-117.33,34.14,1.9423,0,0
-117.34,34.14,2.225,0,0
-117.35,34.15,2.2974,0,0
-117.35,34.16,2.4444,0,0
-117.32,34.13,2.4524,0,0
-117.32,34.12,2.3508,0,0
-117.32,34.12,1.4066,0,0
-117.33,34.12,1.3417,0,0
-117.33,34.13,2.2449,0,0
-117.33,34.13,1.6375,0,0
-117.34,34.13,2.125,0,0
-117.34,34.13,0.7069,0,0
-117.32,34.11,2.2604,0,0
-117.32,34.11,1.4891,0,0
-117.33,34.12,2.0391,0,0
-117.34,34.12,3.3516,0,0
-117.34,34.11,3.2656,0,0
-117.35,34.11,3.0833,0,0
-117.34,34.1,2.4878,0,0
-117.35,34.09,2.5902,0,0
-117.35,34.2,4.4367,0,0
-117.38,34.22,5.7628,0,0
-117.41,34.24,5.2072,0,0
-117.41,34.23,6.1426,0,0
-117.28,34.17,3.1736,0,0
-117.28,34.17,1.7456,0,0
-117.29,34.17,3.2232,0,0
-117.3,34.18,4.3676,0,0
-117.3,34.17,1.875,0,0
-117.31,34.17,3.0078,0,0
-117.32,34.17,3.6362,0,0
-117.3,34.18,5.5136,0,0
-117.32,34.19,4.7222,0,0
-117.34,34.18,4.6312,0,0
-117.33,34.17,2.9877,0,0
-117.33,34.17,3.7949,0,0
-117.32,34.16,4.0156,0,0
-117.31,34.15,3.3281,0,0
-117.3,34.15,4.3438,0,0
-117.3,34.15,2.4107,0,0
-117.3,34.15,2.06,0,0
-117.3,34.14,1.9432,0,0
-117.31,34.14,3.2292,0,0
-117.31,34.14,1.8654,0,0
-117.31,34.15,3.9231,0,0
-117.3,34.15,3.8594,0,0
-117.31,34.13,2.2865,0,0
-117.3,34.12,2.0583,0,0
-117.31,34.12,1.1667,0,0
-117.31,34.13,1.9286,0,0
-117.31,34.13,2.6307,0,0
-117.3,34.11,2.6771,0,0
-117.31,34.11,1.4663,0,0
-117.31,34.11,1.9044,0,0
-117.31,34.11,1.9375,0,0
-117.31,34.1,2.0089,0,0
-117.3,34.1,1.775,0,0
-117.31,34.1,1.5208,0,0
-117.32,34.1,3.1213,0,0
-117.32,34.1,1.8681,0,0
-117.3,34.09,2.1842,0,0
-117.31,34.09,1.608,0,0
-117.27,34.16,6.2236,0,0
-117.28,34.15,3.8292,0,0
-117.28,34.15,3.8125,0,0
-117.29,34.15,2.9667,0,0
-117.29,34.16,2.875,0,0
-117.28,34.16,1.9832,0,0
-117.28,34.16,2.3778,0,0
-117.28,34.15,3.1765,0,0
-117.28,34.14,3.4906,0,0
-117.29,34.14,4.0481,0,0
-117.29,34.15,3.2976,0,0
-117.28,34.14,2.3947,0,0
-117.29,34.14,2.5417,0,0
-117.29,34.14,3.125,0,0
-117.29,34.14,2.425,0,0
-117.3,34.14,2.3438,0,0
-117.28,34.13,1.8396,0,0
-117.28,34.13,1.8281,0,0
-117.3,34.13,1.2034,0,0
-117.29,34.13,1.4815,0,0
-117.28,34.12,1.3571,0,0
-117.29,34.12,1.0951,0,0
-117.29,34.13,1.5156,0,0
-117.3,34.13,1.4531,0,0
-117.3,34.12,2.6,0,0
-117.28,34.12,1.3973,0,0
-117.29,34.12,1.2069,0,0
-117.29,34.12,1.8438,0,0
-117.3,34.12,2.2019,0,0
-117.29,34.11,1.1687,0,0
-117.29,34.11,0.7075,0,0
-117.29,34.11,1.5561,0,0
-117.28,34.11,1.4896,0,0
-117.29,34.1,0.7235,0,0
-117.29,34.09,1.1806,0,0
-117.3,34.1,2.5625,0,0
-117.28,34.09,2.2917,0,0
-117.3,34.07,1.7981,0,0
-117.25,34.16,4.3362,0,0
-117.25,34.16,3.7188,0,0
-117.25,34.16,3.9018,0,0
-117.25,34.15,3.3,0,0
-117.26,34.15,3.5978,0,0
-117.26,34.16,3.7125,0,0
-117.26,34.17,3.8906,0,0
-117.27,34.17,4.625,0,0
-117.25,34.15,2.1465,0,0
-117.25,34.14,2.2482,0,0
-117.27,34.14,4.1,0,0
-117.27,34.14,4.4435,0,0
-117.27,34.15,3.3616,0,0
-117.25,34.13,3.6856,0,0
-117.25,34.13,3.0,0,0
-117.26,34.13,2.0,0,0
-117.26,34.13,2.1375,0,0
-117.27,34.12,1.7235,0,0
-117.27,34.13,3.0721,0,0
-117.27,34.13,2.9628,0,0
-117.25,34.13,2.5234,0,0
-117.25,34.12,1.8463,0,0
-117.25,34.11,2.7473,0,0
-117.27,34.12,1.462,0,0
-117.27,34.12,0.8658,0,0
-117.25,34.11,1.4079,0,0
-117.26,34.11,1.2171,0,0
-117.27,34.11,1.8281,0,0
-117.27,34.1,1.8022,0,0
-117.33,34.09,2.9292,0,0
-117.33,34.08,3.1799,0,0
-117.33,34.08,3.75,0,0
-117.33,34.07,2.5238,0,0
-117.34,34.07,2.0461,0,0
-117.34,34.08,3.2305,0,0
-117.34,34.08,3.233,0,0
-117.32,34.09,2.375,0,0
-117.32,34.09,2.3917,0,0
-117.32,34.08,2.5208,0,0
-117.32,34.08,3.1875,0,0
-117.32,34.07,1.9963,0,0
-117.32,34.06,2.1591,0,0
-117.33,34.05,1.3977,0,0
-117.33,34.06,1.0469,0,0
-117.33,34.06,2.5673,0,0
-117.33,34.06,2.0242,0,0
-117.32,34.06,1.4511,0,0
-117.31,34.08,1.9234,0,0
-117.31,34.08,1.9375,0,0
-117.31,34.07,2.1139,0,0
-117.32,34.07,2.1125,0,0
-117.31,34.08,1.9926,0,0
-117.31,34.05,2.7002,0,0
-117.33,34.04,2.5187,0,0
-117.33,34.03,2.8281,0,0
-117.31,34.04,4.7344,0,0
-117.31,34.04,3.39,0,0
-117.3,34.05,1.6675,0,0
-117.3,34.05,3.4228,0,0
-117.29,34.06,4.5066,0,0
-117.28,34.06,5.1365,0,0
-117.32,34.02,4.6708,0,0
-117.33,34.03,4.7986,0,0
-117.32,34.03,3.9024,0,0
-117.31,34.03,5.0318,0,0
-117.31,34.03,5.7393,0,0
-117.31,34.02,5.2139,0,0
-117.29,34.03,4.1667,0,0
-117.27,34.09,0.9838,0,0
-117.27,34.08,1.4279,0,0
-117.25,34.08,2.45,0,0
-117.25,34.07,2.4432,0,0
-117.27,34.07,1.7206,0,0
-117.24,34.04,6.1986,0,0
-117.25,34.04,4.4472,0,0
-117.27,34.05,3.1607,0,0
-117.27,34.06,2.025,0,0
-117.25,34.06,1.9821,0,0
-117.25,34.06,3.0042,0,0
-117.24,34.04,7.978,0,0
-117.24,34.04,5.3366,0,0
-117.24,34.06,3.2604,0,0
-117.23,34.15,4.6445,0,0
-117.23,34.14,2.5625,0,0
-117.24,34.14,3.016,0,0
-117.24,34.15,4.6111,0,0
-117.24,34.15,6.0,0,0
-117.21,34.14,5.2591,0,0
-117.22,34.15,6.2516,0,0
-117.2,34.15,7.732,0,0
-117.2,34.14,3.1513,0,0
-117.2,34.14,5.159,0,0
-117.24,34.13,1.1522,0,0
-117.24,34.13,3.3534,0,0
-117.23,34.12,2.3848,0,0
-117.23,34.13,1.645,0,0
-117.22,34.13,2.7011,0,0
-117.2,34.13,3.4138,0,0
-117.22,34.12,2.809,0,0
-117.21,34.13,3.3445,0,0
-117.2,34.12,3.5,0,0
-117.24,34.12,2.1563,0,0
-117.24,34.11,2.2109,0,0
-117.23,34.11,2.5875,0,0
-117.23,34.12,2.1071,0,0
-117.23,34.11,2.0133,0,0
-117.22,34.12,2.3725,0,0
-117.22,34.11,2.0388,0,0
-117.21,34.12,3.6853,0,0
-117.21,34.11,3.2176,0,0
-117.21,34.11,3.4103,0,0
-117.19,34.1,4.0114,0,0
-117.21,34.08,3.0587,0,0
-117.22,34.07,3.2368,0,0
-117.17,34.12,5.4138,0,0
-117.12,34.1,3.2708,0,0
-117.17,34.12,6.2178,0,0
-117.18,34.08,3.2105,0,0
-117.19,34.08,2.6536,0,0
-117.19,34.08,4.5938,0,0
-117.18,34.07,3.3924,0,0
-117.18,34.07,2.1154,0,0
-117.18,34.07,2.9485,0,0
-117.18,34.06,1.3485,0,0
-117.18,34.06,2.1875,0,0
-117.19,34.06,1.448,0,0
-117.19,34.07,2.189,0,0
-117.18,34.06,1.3021,0,0
-117.19,34.06,2.5643,0,0
-117.18,34.05,2.4943,0,0
-117.17,34.05,3.1801,0,0
-117.18,34.04,4.9125,0,0
-117.18,34.05,2.6129,0,0
-117.19,34.05,2.5143,0,0
-117.19,34.05,3.2188,0,0
-117.19,34.05,3.8816,0,0
-117.2,34.04,6.0715,0,0
-117.2,34.04,5.9915,0,0
-117.21,34.04,6.2917,0,0
-117.21,34.05,3.2131,0,0
-117.18,34.04,3.6875,0,0
-117.19,34.03,4.6806,0,0
-117.19,34.03,6.4962,0,0
-117.19,34.03,10.8634,0,0
-117.16,34.08,4.51,0,0
-117.17,34.07,3.0651,0,0
-117.17,34.08,4.875,0,0
-117.15,34.07,5.3526,0,0
-117.14,34.07,5.5875,0,0
-117.14,34.06,3.9741,0,0
-117.15,34.06,4.0658,0,0
-117.14,34.05,6.746,0,0
-117.15,34.05,5.0227,0,0
-117.16,34.05,6.0701,0,0
-117.17,34.05,4.2059,0,0
-117.15,34.04,7.5822,0,0
-117.16,34.06,2.8125,0,0
-117.16,34.06,1.8152,0,0
-117.14,34.01,7.2972,0,0
-117.15,34.03,6.5648,0,0
-117.15,34.03,6.1461,0,0
-117.17,34.03,6.3308,0,0
-117.09,34.01,4.0556,0,0
-117.09,34.07,2.5156,0,0
-117.12,34.06,1.3906,0,0
-117.13,34.06,4.9688,0,0
-117.13,34.07,2.8031,0,0
-117.08,34.08,3.0625,0,0
-117.12,34.04,4.8173,0,0
-117.07,34.05,1.9694,0,0
-117.03,34.07,4.2333,0,0
-117.02,34.03,4.2361,0,0
-117.03,34.02,4.1361,0,0
-117.01,34.01,4.7193,0,0
-116.98,34.05,7.2708,0,0
-117.05,34.04,2.29,0,0
-117.1,34.03,2.5172,0,0
-117.08,34.03,3.154,0,0
-117.08,34.02,3.3365,0,0
-117.06,34.02,2.6875,0,0
-117.05,34.02,2.598,0,0
-117.05,34.01,2.1927,0,0
-117.04,34.02,1.4418,0,0
-117.05,34.03,1.3993,0,0
-117.06,34.03,1.5203,0,0
-117.03,34.03,3.0403,0,0
-117.04,34.03,2.7028,0,0
-117.04,34.04,2.5863,0,0
-117.29,35.54,3.4145,0,-1
-117.37,34.59,2.3832,0,0
-117.62,34.44,3.599,0,0
-117.56,34.42,3.4695,0,0
-117.51,34.41,3.7361,0,0
-117.44,34.45,3.5167,0,0
-117.54,34.47,3.2277,0,0
-117.5,34.66,2.0184,0,0
-117.42,34.59,1.7567,0,0
-117.41,34.58,1.6838,0,0
-117.4,34.58,1.4196,0,0
-117.41,34.58,1.6047,0,0
-117.54,34.55,2.9479,0,0
-117.36,34.54,3.0357,0,0
-117.63,34.37,3.7252,0,0
-117.61,34.34,4.8623,0,0
-117.53,34.28,4.1083,0,0
-117.55,34.25,4.555,0,0
-117.03,34.91,2.825,0,0
-117.01,34.9,2.3077,0,0
-117.02,34.9,1.6515,0,0
-117.06,34.9,1.4318,0,0
-117.01,34.9,2.1056,0,0
-117.0,34.89,2.99,0,0
-117.01,34.89,2.7198,0,0
-117.02,34.89,2.8281,0,0
-117.04,34.89,3.175,0,0
-117.05,34.89,3.7065,0,0
-117.22,34.44,2.6576,0,0
-117.2,34.46,3.2794,0,0
-117.12,34.46,2.6827,0,0
-117.11,34.43,2.8021,0,0
-117.13,34.39,3.4183,0,0
-117.25,34.49,5.1112,0,0
-117.23,34.49,5.4201,0,0
-117.21,34.49,3.6333,0,0
-117.2,34.5,2.1781,0,0
-117.17,34.49,2.0136,0,0
-117.15,34.48,2.125,0,0
-117.18,34.48,2.7778,0,0
-117.2,34.48,3.205,0,0
-117.22,34.48,3.6646,0,0
-117.26,34.53,3.071,0,0
-117.25,34.51,4.6914,0,0
-117.23,34.51,5.5875,0,0
-117.21,34.51,5.086,0,0
-117.25,34.53,4.1333,0,0
-117.22,34.54,2.9072,0,0
-117.2,34.52,3.925,0,0
-117.17,34.51,3.4875,0,0
-117.18,34.54,3.8194,0,0
-117.3,34.53,1.2275,0,0
-117.3,34.54,1.06,0,0
-117.3,34.54,3.2596,0,0
-117.31,34.53,2.6125,0,0
-117.32,34.55,0.8246,0,0
-117.32,34.54,3.125,0,0
-117.33,34.53,3.0943,0,0
-117.34,34.51,2.3617,0,0
-117.35,34.5,3.375,0,0
-117.34,34.49,3.2941,0,0
-117.36,34.48,3.9792,0,0
-117.3,34.52,3.1635,0,0
-117.32,34.51,2.8929,0,0
-117.31,34.51,2.0243,0,0
-117.28,34.51,3.0181,0,0
-117.31,34.5,2.1111,0,0
-117.32,34.49,1.6232,0,0
-117.29,34.49,3.3871,0,0
-117.32,34.48,3.0204,0,0
-117.27,34.5,6.0296,0,0
-117.27,34.49,4.7361,0,0
-117.27,34.48,3.662,0,0
-117.26,34.48,4.1933,0,0
-117.27,34.5,5.3733,0,0
-117.25,34.41,2.1875,0,0
-117.28,34.41,2.9934,0,0
-117.29,34.41,1.5758,0,0
-117.3,34.39,3.6615,0,0
-117.27,34.4,3.3438,0,0
-117.27,34.39,4.2224,0,0
-117.31,34.35,5.0198,0,0
-117.31,34.41,1.5288,0,0
-117.32,34.41,4.2891,0,0
-117.33,34.41,3.7478,0,0
-117.34,34.39,3.4038,0,0
-117.31,34.39,3.7917,0,0
-117.39,34.38,3.5696,0,0
-117.3,34.46,2.7917,0,0
-117.31,34.44,3.6007,0,0
-117.31,34.43,1.6784,0,0
-117.35,34.44,3.1821,0,0
-117.38,34.44,4.2414,0,0
-117.34,34.46,3.1505,0,0
-117.27,34.42,3.2077,0,0
-117.26,34.43,3.3368,0,0
-117.27,34.45,3.2215,0,0
-116.72,34.89,2.8594,0,0
-115.93,35.55,3.4028,0,-1
-115.75,35.23,2.5333,0,-1
-115.53,34.91,2.5391,0,-1
-116.51,34.85,2.0,0,0
-116.57,35.43,2.7138,0,0
-116.14,34.45,2.2612,0,0
-116.32,34.1,2.6618,0,0
-116.27,34.13,3.7292,0,0
-116.31,34.13,1.6063,0,0
-116.35,34.13,1.5491,0,0
-116.32,34.14,1.69,0,0
-116.33,34.15,1.5489,0,0
-116.29,34.18,2.182,0,0
-116.62,34.23,1.6136,0,0
-116.73,34.52,1.0568,0,0
-116.51,34.45,1.3811,0,0
-116.56,34.06,2.5405,0,0
-116.44,34.16,2.8929,0,0
-116.38,34.2,2.0674,0,0
-116.39,34.15,1.9779,0,0
-116.44,34.12,1.5823,0,0
-116.47,34.07,1.9375,0,0
-116.43,34.1,2.4828,0,0
-116.4,34.09,3.2723,0,0
-116.4,34.12,2.6739,0,0
-116.38,34.1,4.1458,0,0
-116.22,34.21,2.2083,0,0
-116.14,34.22,1.875,0,0
-116.06,34.2,1.3371,0,0
-116.06,34.15,2.2466,0,0
-116.09,34.15,2.6111,0,0
-116.15,34.14,3.0139,0,0
-116.05,34.12,3.125,0,0
-116.02,34.18,4.3021,0,0
-115.85,34.2,1.3571,0,0
-115.52,34.22,1.3333,0,0
-116.0,34.12,2.125,0,0
-114.94,34.55,1.625,0,-1
-114.47,34.4,1.82,0,-1
-114.31,34.19,1.4936,0,-1
-114.59,34.83,1.7083,0,-1
-114.65,34.89,1.6991,0,-1
-114.6,34.83,2.1908,0,-1
-114.61,34.84,2.1571,0,-1
-114.61,34.83,3.212,0,-1
-114.64,34.83,1.7062,0,-1
-117.36,34.28,4.2386,0,0
-117.28,34.26,3.3672,0,0
-117.31,34.25,2.7663,0,0
-117.32,34.24,1.9265,0,0
-117.3,34.24,3.5625,0,0
-117.28,34.24,5.2185,0,0
-117.27,34.24,2.875,0,0
-117.26,34.24,4.5536,0,0
-117.27,34.23,3.7708,0,0
-117.16,34.26,2.5446,0,0
-117.18,34.3,1.875,0,0
-117.17,34.28,7.1997,0,0
-117.19,34.27,5.2146,0,0
-117.21,34.28,5.7421,0,0
-117.2,34.26,6.2233,0,0
-117.22,34.26,4.9716,0,0
-117.2,34.24,3.0434,0,0
-117.17,34.25,3.5625,0,0
-117.21,34.22,5.0,0,0
-117.07,34.24,3.9375,0,0
-117.13,34.24,5.2563,0,0
-117.15,34.22,7.2371,0,0
-117.12,34.21,4.5972,0,0
-117.1,34.21,4.5268,0,0
-117.09,34.22,4.0,0,0
-117.06,34.17,2.712,0,0
-117.13,34.17,5.5762,0,0
-116.94,34.24,1.998,0,0
-116.91,34.24,1.6336,0,0
-116.9,34.25,3.5288,0,0
-116.88,34.24,4.6394,0,0
-116.88,34.25,4.9643,0,0
-116.87,34.24,3.9688,0,0
-116.86,34.24,3.1324,0,0
-116.86,34.23,5.4618,0,0
-116.99,34.3,3.5104,0,0
-116.89,34.27,4.4063,0,0
-116.86,34.31,4.0556,0,0
-116.85,34.26,2.4308,0,0
-116.85,34.26,2.6094,0,0
-116.85,34.25,4.0132,0,0
-116.83,34.25,2.7375,0,0
-116.82,34.24,2.5147,0,0
-116.76,34.29,2.8214,0,0
-116.76,34.23,2.6071,0,0
-116.98,34.13,4.0333,0,0
-116.98,34.07,4.8958,0,0
-116.88,34.08,3.9028,0,0
-116.76,34.14,0.536,0,0
-116.88,34.19,1.6875,0,0
-117.46,34.85,3.4912,0,0
-117.28,35.13,2.6477,0,0
-116.85,34.98,2.6587,0,0
-117.14,34.75,1.8158,0,0
-117.28,34.68,1.8958,0,0
-117.06,34.87,3.5987,0,0
-117.13,34.88,2.3373,0,0
-117.15,34.83,3.099,0,0
-117.19,34.94,2.1522,0,0
-117.16,34.9,2.7305,0,0
-117.08,34.96,3.6343,0,0
-116.96,34.94,3.9934,0,0
-116.99,34.89,3.474,0,0
-116.99,34.88,3.1528,0,0
-117.0,34.87,3.6091,0,0
-117.02,34.88,3.0313,0,0
-117.03,34.87,3.9464,0,0
-116.96,34.83,1.6667,0,0
-116.9,34.69,0.4999,0,0
-117.24,34.59,3.5507,0,0
-117.29,34.57,1.2548,0,0
-117.1,34.57,3.1917,0,0
-116.9,34.52,1.4,0,0
-116.94,34.4,2.1339,0,0
-117.18,32.76,4.7396,0,0
-117.18,32.75,5.392,0,0
-117.18,32.75,8.603,0,0
-117.19,32.75,8.1548,0,0
-117.19,32.75,6.1309,0,0
-117.19,32.76,5.7914,0,0
-117.17,32.76,2.7266,0,0
-117.17,32.75,3.654,0,0
-117.18,32.74,2.5288,0,0
-117.18,32.75,2.7222,0,0
-117.17,32.75,3.0726,0,0
-117.16,32.75,2.9705,0,0
-117.16,32.75,1.9637,0,0
-117.16,32.74,2.6042,0,0
-117.16,32.74,3.06,0,0
-117.16,32.74,3.1921,0,0
-117.17,32.75,2.1532,0,0
-117.16,32.75,2.9112,0,0
-117.16,32.75,2.2687,0,0
-117.15,32.76,3.4196,0,0
-117.15,32.76,3.0445,0,0
-117.15,32.76,2.6518,0,0
-117.15,32.76,2.75,0,0
-117.15,32.75,2.465,0,0
-117.15,32.75,2.6181,0,0
-117.15,32.75,2.6742,0,0
-117.15,32.74,2.2578,0,0
-117.15,32.74,3.0259,0,0
-117.14,32.75,2.6818,0,0
-117.14,32.74,3.125,0,0
-117.14,32.74,2.5553,0,0
-117.14,32.75,2.2813,0,0
-117.14,32.75,2.4828,0,0
-117.14,32.75,2.7852,0,0
-117.14,32.75,1.0353,0,0
-117.14,32.75,2.1937,0,0
-117.14,32.75,2.4167,0,0
-117.14,32.76,2.694,0,0
-117.14,32.76,2.6777,0,0
-117.14,32.76,2.1727,0,0
-117.14,32.76,2.0792,0,0
-117.13,32.77,2.8281,0,0
-117.13,32.76,2.1094,0,0
-117.13,32.76,2.375,0,0
-117.13,32.76,1.9392,0,0
-117.13,32.76,2.6333,0,0
-117.13,32.76,2.1563,0,0
-117.14,32.76,2.1273,0,0
-117.13,32.75,2.2264,0,0
-117.13,32.75,1.95,0,0
-117.13,32.75,2.1292,0,0
-117.13,32.75,2.5872,0,0
-117.13,32.75,3.0,0,0
-117.13,32.74,3.6852,0,0
-117.13,32.75,2.693,0,0
-117.12,32.75,2.4394,0,0
-117.12,32.74,3.2708,0,0
-117.12,32.74,3.79,0,0
-117.13,32.75,2.2599,0,0
-117.12,32.75,2.1394,0,0
-117.12,32.75,1.9886,0,0
-117.12,32.75,2.3261,0,0
-117.12,32.75,1.64,0,0
-117.12,32.76,2.1597,0,0
-117.12,32.76,2.4297,0,0
-117.12,32.76,2.3594,0,0
-117.12,32.76,2.4821,0,0
-117.11,32.76,2.2409,0,0
-117.12,32.76,1.9152,0,0
-117.12,32.76,2.0673,0,0
-117.12,32.76,2.5991,0,0
-117.12,32.76,2.0139,0,0
-117.12,32.76,2.1856,0,0
-117.11,32.77,2.5952,0,0
-117.11,32.77,3.6705,0,0
-117.12,32.77,2.7928,0,0
-117.12,32.77,3.125,0,0
-117.11,32.77,6.6053,0,0
-117.11,32.77,4.3875,0,0
-117.1,32.77,5.7768,0,0
-117.1,32.76,4.2813,0,0
-117.09,32.77,3.125,0,0
-117.09,32.76,3.5481,0,0
-117.09,32.76,3.5529,0,0
-117.11,32.76,3.3854,0,0
-117.1,32.76,2.875,0,0
-117.11,32.76,1.9799,0,0
-117.11,32.76,2.2604,0,0
-117.11,32.76,2.0852,0,0
-117.1,32.75,1.4375,0,0
-117.1,32.75,1.3448,0,0
-117.11,32.75,2.05,0,0
-117.11,32.75,1.6896,0,0
-117.11,32.75,1.7696,0,0
-117.09,32.76,2.2287,0,0
-117.09,32.76,1.5517,0,0
-117.1,32.76,2.9286,0,0
-117.1,32.75,1.6444,0,0
-117.1,32.75,1.4828,0,0
-117.1,32.75,2.0036,0,0
-117.1,32.75,1.0617,0,0
-117.1,32.75,1.7446,0,0
-117.11,32.75,2.4219,0,0
-117.11,32.75,2.0893,0,0
-117.11,32.75,2.113,0,0
-117.12,32.75,2.1767,0,0
-117.1,32.74,1.6102,0,0
-117.11,32.74,2.2,0,0
-117.11,32.74,2.4524,0,0
-117.11,32.74,3.2422,0,0
-117.11,32.73,2.3269,0,0
-117.1,32.73,2.2375,0,0
-117.11,32.73,3.8355,0,0
-117.11,32.73,3.8864,0,0
-117.09,32.75,1.6034,0,0
-117.09,32.74,2.32,0,0
-117.1,32.74,1.6747,0,0
-117.1,32.74,2.3641,0,0
-117.1,32.75,1.4886,0,0
-117.08,32.75,1.5029,0,0
-117.08,32.75,1.2347,0,0
-117.08,32.75,2.5101,0,0
-117.09,32.75,1.875,0,0
-117.09,32.75,1.2286,0,0
-117.09,32.75,1.6789,0,0
-117.09,32.76,1.5208,0,0
-117.08,32.76,1.7391,0,0
-117.07,32.76,2.3886,0,0
-117.07,32.75,2.3148,0,0
-117.07,32.75,2.3824,0,0
-117.07,32.75,3.3026,0,0
-117.06,32.75,3.0208,0,0
-117.05,32.74,3.1719,0,0
-117.07,32.74,2.6629,0,0
-117.07,32.75,2.5583,0,0
-117.08,32.75,2.0077,0,0
-117.08,32.74,1.8103,0,0
-117.09,32.75,1.6318,0,0
-117.09,32.74,2.1757,0,0
-117.08,32.74,3.5078,0,0
-117.08,32.73,3.6974,0,0
-117.07,32.74,2.7661,0,0
-117.08,32.74,2.3812,0,0
-117.08,32.73,3.6125,0,0
-117.08,32.73,1.4254,0,0
-117.07,32.73,2.6452,0,0
-117.07,32.78,1.6815,0,0
-117.09,32.77,3.0875,0,0
-117.08,32.77,6.1628,0,0
-117.07,32.77,3.5446,0,0
-117.07,32.77,4.3529,0,0
-117.07,32.76,2.5125,0,0
-117.08,32.77,2.7778,0,0
-117.08,32.76,3.0833,0,0
-117.09,32.76,2.5909,0,0
-117.08,32.76,1.7743,0,0
-117.04,32.77,2.7826,0,0
-117.05,32.77,1.8899,0,0
-117.06,32.77,1.7951,0,0
-117.06,32.77,2.0284,0,0
-117.07,32.77,2.65,0,0
-117.06,32.77,3.0755,0,0
-117.05,32.77,2.8097,0,0
-117.06,32.76,2.3015,0,0
-117.06,32.76,3.2188,0,0
-117.05,32.76,3.25,0,0
-117.06,32.76,2.965,0,0
-117.06,32.76,1.7452,0,0
-117.05,32.75,3.8233,0,0
-117.06,32.75,2.2308,0,0
-117.05,32.75,3.0938,0,0
-117.07,32.72,4.6875,0,0
-117.08,32.72,3.0446,0,0
-117.07,32.71,2.5682,0,0
-117.06,32.73,3.7891,0,0
-117.06,32.72,3.1923,0,0
-117.05,32.72,3.4107,0,0
-117.06,32.71,2.8964,0,0
-117.07,32.71,2.2454,0,0
-117.08,32.7,3.1786,0,0
-117.08,32.7,2.875,0,0
-117.08,32.7,2.4135,0,0
-117.06,32.71,3.8194,0,0
-117.06,32.71,3.8687,0,0
-117.08,32.71,1.4821,0,0
-117.07,32.71,2.8372,0,0
-117.07,32.7,4.1645,0,0
-117.07,32.69,4.0921,0,0
-117.06,32.7,4.112,0,0
-117.04,32.71,3.57,0,0
-117.05,32.71,3.2986,0,0
-117.03,32.71,3.2596,0,0
-117.03,32.71,3.25,0,0
-117.02,32.71,3.7366,0,0
-117.02,32.7,4.1837,0,0
-117.02,32.7,5.1769,0,0
-117.02,32.71,3.5388,0,0
-117.01,32.7,3.5341,0,0
-117.05,32.69,5.3908,0,0
-117.06,32.69,4.8875,0,0
-117.06,32.69,4.4375,0,0
-117.06,32.69,5.1305,0,0
-117.03,32.7,2.2866,0,0
-117.04,32.69,3.5437,0,0
-117.04,32.7,4.419,0,0
-117.07,32.68,5.0827,0,0
-117.06,32.68,2.85,0,0
-117.06,32.68,2.0959,0,0
-117.05,32.69,3.625,0,0
-117.06,32.68,2.375,0,0
-117.06,32.67,4.0505,0,0
-117.05,32.68,3.9922,0,0
-117.05,32.67,3.9646,0,0
-117.05,32.68,3.5664,0,0
-117.05,32.67,5.4863,0,0
-117.06,32.66,5.6889,0,0
-117.06,32.66,3.5066,0,0
-117.04,32.66,4.1442,0,0
-117.03,32.67,5.3505,0,0
-117.02,32.68,5.7192,0,0
-117.05,32.69,3.16,0,0
-117.05,32.68,3.2174,0,0
-117.04,32.68,4.0,0,0
-117.04,32.68,5.0947,0,0
-117.04,32.67,4.0668,0,0
-117.04,32.69,3.02,0,0
-117.04,32.68,3.775,0,0
-117.04,32.68,4.375,0,0
-117.01,32.7,3.3553,0,0
-117.02,32.69,4.436,0,0
-117.03,32.69,5.0829,0,0
-117.03,32.69,4.6648,0,0
-117.03,32.69,4.5662,0,0
-117.09,32.71,1.5,0,0
-117.09,32.7,1.4583,0,0
-117.09,32.7,1.4089,0,0
-117.09,32.69,1.3269,0,0
-117.09,32.69,3.1833,0,0
-117.1,32.69,1.2413,0,0
-117.1,32.7,3.6042,0,0
-117.1,32.7,1.5057,0,0
-117.1,32.71,2.085,0,0
-117.09,32.73,2.8942,0,0
-117.1,32.72,2.2024,0,0
-117.09,32.72,2.0938,0,0
-117.09,32.72,1.6944,0,0
-117.09,32.73,3.5789,0,0
-117.09,32.71,2.5559,0,0
-117.1,32.71,1.7075,0,0
-117.1,32.71,1.75,0,0
-117.11,32.72,1.9583,0,0
-117.11,32.71,1.7,0,0
-117.11,32.7,1.7402,0,0
-117.11,32.7,1.8125,0,0
-117.11,32.7,1.4856,0,0
-117.12,32.7,1.3194,0,0
-117.12,32.7,1.8187,0,0
-117.11,32.71,1.1818,0,0
-117.1,32.69,2.2102,0,0
-117.1,32.69,2.0547,0,0
-117.11,32.69,1.9425,0,0
-117.11,32.69,2.09,0,0
-117.11,32.69,1.5933,0,0
-117.11,32.69,2.725,0,0
-117.12,32.69,1.0658,0,0
-117.12,32.69,2.0673,0,0
-117.12,32.7,1.0531,0,0
-117.12,32.7,1.1681,0,0
-117.13,32.69,1.043,0,0
-117.13,32.7,1.875,0,0
-117.13,32.7,0.8991,0,0
-117.13,32.7,1.4632,0,0
-117.13,32.7,1.9509,0,0
-117.12,32.71,1.9286,0,0
-117.13,32.71,1.1563,0,0
-117.13,32.71,1.2614,0,0
-117.13,32.71,1.5474,0,0
-117.13,32.72,1.901,0,0
-117.12,32.71,0.6433,0,0
-117.13,32.72,1.8299,0,0
-117.13,32.72,1.975,0,0
-117.12,32.72,3.37,0,0
-117.12,32.73,3.5156,0,0
-117.12,32.73,3.4151,0,0
-117.13,32.74,2.6604,0,0
-117.13,32.73,5.454,0,0
-117.13,32.73,3.6058,0,0
-117.13,32.74,2.625,0,0
-117.13,32.73,2.1513,0,0
-117.13,32.72,2.4821,0,0
-117.13,32.72,2.7083,0,0
-117.13,32.73,2.2429,0,0
-117.14,32.72,2.2804,0,0
-117.13,32.72,1.758,0,0
-117.14,32.71,2.1164,0,0
-117.14,32.71,1.8456,0,0
-117.14,32.72,2.0529,0,0
-117.14,32.72,1.6156,0,0
-117.14,32.72,2.1199,0,0
-117.14,32.71,1.6011,0,0
-117.14,32.71,1.2375,0,0
-117.14,32.71,1.5594,0,0
-117.14,32.71,1.8696,0,0
-117.13,32.71,1.825,0,0
-117.13,32.71,1.6953,0,0
-117.14,32.71,1.2841,0,0
-117.14,32.71,1.7642,0,0
-117.14,32.7,1.6023,0,0
-117.13,32.7,2.5588,0,0
-117.14,32.7,2.1875,0,0
-117.14,32.7,1.2188,0,0
-117.14,32.7,1.5729,0,0
-117.14,32.7,1.8008,0,0
-117.14,32.7,1.9338,0,0
-117.14,32.7,0.9589,0,0
-117.15,32.7,1.3657,0,0
-117.15,32.71,1.3125,0,0
-117.15,32.7,1.2863,0,0
-117.15,32.71,1.6607,0,0
-117.15,32.72,1.2292,0,0
-117.16,32.72,0.9142,0,0
-117.16,32.71,1.0918,0,0
-117.16,32.71,1.3092,0,0
-117.17,32.71,4.2375,0,0
-117.17,32.71,0.7685,0,0
-117.14,32.73,4.0,0,0
-117.15,32.72,1.3071,0,0
-117.16,32.72,1.0391,0,0
-117.16,32.73,1.9597,0,0
-117.16,32.72,1.2668,0,0
-117.17,32.73,1.815,0,0
-117.17,32.72,1.5909,0,0
-117.16,32.73,2.0972,0,0
-117.16,32.73,1.9203,0,0
-117.17,32.73,2.4069,0,0
-117.16,32.74,3.0571,0,0
-117.16,32.74,3.1979,0,0
-117.17,32.74,3.7039,0,0
-117.17,32.74,2.9422,0,0
-117.17,32.73,1.6591,0,0
-117.2,32.76,2.4,0,0
-117.19,32.75,2.5882,0,0
-117.18,32.74,3.175,0,0
-117.19,32.75,0.536,0,0
-117.21,32.75,1.0612,0,0
-117.21,32.74,2.2982,0,0
-117.21,32.75,2.8043,0,0
-117.22,32.75,2.9735,0,0
-117.22,32.75,2.6121,0,0
-117.23,32.75,3.1389,0,0
-117.22,32.75,3.8036,0,0
-117.23,32.75,3.3456,0,0
-117.21,32.74,6.9322,0,0
-117.22,32.74,7.4029,0,0
-117.22,32.74,7.2758,0,0
-117.22,32.74,2.4016,0,0
-117.22,32.75,4.5878,0,0
-117.22,32.73,3.8409,0,0
-117.23,32.73,2.5259,0,0
-117.23,32.73,2.7273,0,0
-117.23,32.72,2.1635,0,0
-117.23,32.74,4.1806,0,0
-117.24,32.74,5.5289,0,0
-117.24,32.73,5.9113,0,0
-117.23,32.73,7.5557,0,0
-117.23,32.72,3.2361,0,0
-117.24,32.71,6.6661,0,0
-117.24,32.72,7.5925,0,0
-117.24,32.72,6.6013,0,0
-117.25,32.73,4.9125,0,0
-117.25,32.72,6.5319,0,0
-117.25,32.72,6.597,0,0
-117.25,32.73,6.3331,0,0
-117.28,32.73,4.8684,0,0
-117.28,32.74,2.7515,0,0
-117.25,32.74,2.6962,0,0
-117.25,32.74,2.9904,0,0
-117.25,32.74,2.8007,0,0
-117.24,32.74,4.0268,0,0
-117.24,32.74,4.0862,0,0
-117.25,32.73,4.5938,0,0
-117.23,32.75,3.4286,0,0
-117.23,32.75,2.4779,0,0
-117.23,32.74,4.6354,0,0
-117.23,32.74,4.8167,0,0
-117.23,32.74,4.1339,0,0
-117.24,32.74,4.05,0,0
-117.24,32.75,2.9896,0,0
-117.24,32.75,2.3042,0,0
-117.24,32.75,2.79,0,0
-117.25,32.74,2.6625,0,0
-117.25,32.75,2.2017,0,0
-117.25,32.75,1.7622,0,0
-117.24,32.75,2.2042,0,0
-117.25,32.75,2.4672,0,0
-117.28,32.75,2.2328,0,0
-117.25,32.79,2.375,0,0
-117.25,32.79,1.8365,0,0
-117.25,32.78,2.7857,0,0
-117.25,32.78,2.45,0,0
-117.28,32.77,4.3403,0,0
-117.25,32.77,3.18,0,0
-117.25,32.77,4.0313,0,0
-117.25,32.76,4.9125,0,0
-117.22,32.78,3.4527,0,0
-117.23,32.79,3.5484,0,0
-117.23,32.79,3.625,0,0
-117.23,32.78,4.6293,0,0
-117.24,32.78,4.1742,0,0
-117.24,32.79,4.1652,0,0
-117.24,32.79,3.4306,0,0
-117.24,32.79,3.1838,0,0
-117.24,32.79,2.6902,0,0
-117.24,32.79,3.2625,0,0
-117.21,32.8,1.7273,0,0
-117.22,32.8,2.93,0,0
-117.23,32.8,2.3482,0,0
-117.23,32.8,2.4643,0,0
-117.23,32.81,3.8026,0,0
-117.22,32.81,3.7813,0,0
-117.25,32.8,3.2663,0,0
-117.25,32.8,2.5568,0,0
-117.25,32.8,2.5813,0,0
-117.25,32.8,2.9781,0,0
-117.25,32.79,3.0774,0,0
-117.25,32.79,3.6429,0,0
-117.28,32.8,3.5486,0,0
-117.23,32.8,3.225,0,0
-117.23,32.8,2.6403,0,0
-117.23,32.8,3.0293,0,0
-117.24,32.8,2.9258,0,0
-117.24,32.8,2.1357,0,0
-117.24,32.8,3.8018,0,0
-117.24,32.8,2.288,0,0
-117.24,32.8,2.4671,0,0
-117.24,32.8,3.101,0,0
-117.25,32.81,3.3942,0,0
-117.25,32.8,4.2296,0,0
-117.25,32.8,3.3274,0,0
-117.26,32.81,2.8421,0,0
-117.26,32.81,2.3284,0,0
-117.26,32.81,2.92,0,0
-117.29,32.81,6.9553,0,0
-117.26,32.8,3.744,0,0
-117.24,32.81,5.4103,0,0
-117.24,32.81,6.5881,0,0
-117.25,32.81,3.9187,0,0
-117.27,32.84,3.2109,0,0
-117.28,32.84,2.9306,0,0
-117.27,32.83,3.875,0,0
-117.28,32.83,3.7306,0,0
-117.31,32.83,4.1477,0,0
-117.27,32.82,4.1793,0,0
-117.27,32.82,4.5083,0,0
-117.31,32.82,11.3074,0,-1
-117.27,32.85,2.3187,0,0
-117.28,32.84,3.7596,0,0
-117.27,32.85,4.425,0,0
-117.3,32.85,3.1324,0,0
-117.23,32.81,5.9359,0,0
-117.23,32.81,8.1844,0,0
-117.24,32.82,7.2559,0,0
-117.25,32.84,10.7751,0,-1
-117.26,32.85,8.2374,0,0
-117.25,32.83,10.9529,0,-1
-117.27,32.84,6.1025,0,0
-117.23,32.88,1.858,0,0
-117.22,32.85,4.6875,0,0
-117.22,32.84,8.051,0,0
-117.23,32.85,6.3955,0,0
-117.21,32.86,6.5382,0,0
-117.21,32.86,5.3693,0,0
-117.21,32.85,4.2065,0,0
-117.21,32.85,5.4067,0,0
-117.24,32.83,7.4351,0,0
-117.25,32.82,7.8013,0,0
-117.25,32.82,9.5245,0,-1
-117.26,32.83,10.7721,0,-1
-117.26,32.82,8.496,0,0
-117.27,32.83,8.0639,0,0
-117.29,32.92,6.8322,0,0
-117.25,32.86,12.4429,0,-1
-117.25,32.86,5.1023,0,0
-117.25,32.86,7.2821,0,0
-117.26,32.85,5.3787,0,0
-117.24,32.85,6.7587,0,0
-117.24,32.85,10.0707,0,-1
-117.19,32.86,6.1805,0,0
-117.19,32.86,5.2113,0,0
-117.2,32.85,4.7891,0,0
-117.2,32.85,2.4207,0,0
-117.19,32.85,5.102,0,0
-117.23,32.87,3.0104,0,0
-117.23,32.86,5.2326,0,0
-117.23,32.86,3.6083,0,0
-117.23,32.86,5.0855,0,0
-117.23,32.86,3.045,0,0
-117.23,32.87,5.417,0,0
-117.21,32.86,3.2794,0,0
-117.22,32.87,3.35,0,0
-117.22,32.86,3.6287,0,0
-117.22,32.87,3.8542,0,0
-117.21,32.89,3.3176,0,0
-117.2,32.86,3.9356,0,0
-117.21,32.87,4.1429,0,0
-117.15,32.91,4.875,0,0
-117.15,32.91,4.9464,0,0
-117.16,32.91,6.0891,0,0
-117.15,32.91,4.8229,0,0
-117.15,32.9,4.2008,0,0
-117.16,32.89,4.3598,0,0
-117.12,32.91,2.8728,0,0
-117.13,32.91,3.6111,0,0
-117.13,32.91,4.2969,0,0
-117.13,32.91,4.0,0,0
-117.14,32.91,3.7837,0,0
-117.14,32.9,4.2234,0,0
-117.13,32.9,3.7156,0,0
-117.12,32.9,2.8588,0,0
-117.12,32.9,4.6667,0,0
-117.13,32.92,4.2614,0,0
-117.13,32.92,3.6196,0,0
-117.14,32.92,3.2151,0,0
-117.14,32.92,3.814,0,0
-117.14,32.92,4.9706,0,0
-117.13,32.92,4.7266,0,0
-117.13,32.92,5.5036,0,0
-117.13,32.94,4.9375,0,0
-117.13,32.93,5.3062,0,0
-117.14,32.93,4.2109,0,0
-117.14,32.93,4.0521,0,0
-117.14,32.93,4.5086,0,0
-117.12,32.93,5.3625,0,0
-117.15,32.93,5.1433,0,0
-117.14,32.92,5.2864,0,0
-117.15,32.92,4.4615,0,0
-117.15,32.92,4.9024,0,0
-117.15,32.92,4.5221,0,0
-117.18,32.92,5.196,0,0
-117.25,32.96,6.6199,0,0
-117.26,32.95,5.8343,0,0
-117.26,32.95,6.9794,0,0
-117.25,32.94,6.7694,0,0
-117.25,32.94,5.9806,0,0
-117.24,32.95,5.9547,0,0
-117.24,32.94,5.2648,0,0
-117.13,32.98,6.4321,0,0
-117.13,32.97,6.4696,0,0
-117.18,32.95,6.3237,0,0
-117.14,32.96,6.3721,0,0
-117.13,32.96,6.712,0,0
-117.24,32.98,7.6348,0,0
-117.21,32.96,8.4355,0,0
-117.22,32.95,6.357,0,0
-117.22,32.83,3.7841,0,0
-117.22,32.83,5.4605,0,0
-117.22,32.83,5.7451,0,0
-117.22,32.83,3.4318,0,0
-117.22,32.82,3.5234,0,0
-117.2,32.84,4.55,0,0
-117.2,32.84,3.2583,0,0
-117.21,32.84,4.5402,0,0
-117.2,32.83,2.5909,0,0
-117.21,32.83,3.5078,0,0
-117.21,32.83,4.1806,0,0
-117.21,32.83,3.4482,0,0
-117.21,32.81,4.3862,0,0
-117.21,32.82,3.8529,0,0
-117.21,32.81,5.2837,0,0
-117.22,32.82,3.7963,0,0
-117.22,32.81,3.5078,0,0
-117.2,32.83,2.8472,0,0
-117.2,32.82,3.9464,0,0
-117.2,32.82,3.337,0,0
-117.19,32.82,5.0465,0,0
-117.19,32.82,5.253,0,0
-117.19,32.82,4.9219,0,0
-117.18,32.84,3.6667,0,0
-117.18,32.84,3.5606,0,0
-117.18,32.84,4.2768,0,0
-117.19,32.84,5.5277,0,0
-117.19,32.84,3.875,0,0
-117.18,32.83,3.375,0,0
-117.19,32.83,4.0114,0,0
-117.19,32.83,4.3317,0,0
-117.17,32.83,5.3538,0,0
-117.17,32.82,2.7401,0,0
-117.17,32.82,3.0375,0,0
-117.18,32.83,4.2708,0,0
-117.18,32.83,3.9265,0,0
-117.16,32.82,4.6875,0,0
-117.17,32.81,4.739,0,0
-117.17,32.81,5.0603,0,0
-117.18,32.81,3.1032,0,0
-117.17,32.82,3.1146,0,0
-117.16,32.81,2.2899,0,0
-117.16,32.81,3.6806,0,0
-117.16,32.8,3.0625,0,0
-117.16,32.8,2.5,0,0
-117.16,32.81,3.6371,0,0
-117.17,32.81,4.22,0,0
-117.14,32.83,2.2284,0,0
-117.18,32.82,4.5625,0,0
-117.18,32.81,4.7679,0,0
-117.19,32.81,5.1491,0,0
-117.18,32.8,5.5454,0,0
-117.18,32.8,3.8542,0,0
-117.18,32.79,3.2661,0,0
-117.17,32.79,2.2663,0,0
-117.17,32.79,2.1447,0,0
-117.16,32.8,2.5682,0,0
-117.17,32.8,3.4706,0,0
-117.15,32.8,2.75,0,0
-117.15,32.8,3.7292,0,0
-117.16,32.78,3.6375,0,0
-117.16,32.79,3.3375,0,0
-117.17,32.78,2.3658,0,0
-117.16,32.78,3.7381,0,0
-117.17,32.78,2.2768,0,0
-117.17,32.77,3.767,0,0
-117.17,32.77,4.5481,0,0
-117.18,32.77,2.7386,0,0
-117.18,32.76,3.6492,0,0
-117.18,32.76,2.6493,0,0
-117.18,32.78,3.0481,0,0
-117.18,32.77,3.4,0,0
-117.21,32.81,5.5413,0,0
-117.2,32.8,3.8542,0,0
-117.2,32.79,5.0958,0,0
-117.2,32.8,4.2417,0,0
-117.21,32.8,3.7102,0,0
-117.19,32.8,3.1304,0,0
-117.2,32.8,2.3599,0,0
-117.19,32.79,3.8571,0,0
-117.19,32.79,3.3713,0,0
-117.2,32.79,4.7788,0,0
-117.2,32.79,4.5987,0,0
-117.2,32.79,3.2312,0,0
-117.19,32.78,4.4097,0,0
-117.2,32.78,4.0057,0,0
-117.19,32.77,3.765,0,0
-117.19,32.77,4.1368,0,0
-117.19,32.77,3.8571,0,0
-117.19,32.77,2.4397,0,0
-117.2,32.77,3.2679,0,0
-117.2,32.77,2.8621,0,0
-117.15,32.81,3.1458,0,0
-117.15,32.8,2.3578,0,0
-117.14,32.8,2.1157,0,0
-117.14,32.8,3.9417,0,0
-117.14,32.8,2.5368,0,0
-117.14,32.79,4.7813,0,0
-117.15,32.78,5.25,0,0
-117.14,32.79,5.282,0,0
-117.13,32.81,2.7652,0,0
-117.14,32.81,4.4886,0,0
-117.13,32.8,3.7237,0,0
-117.13,32.8,4.5568,0,0
-117.12,32.8,3.8719,0,0
-117.13,32.81,3.2308,0,0
-117.12,32.8,3.8125,0,0
-117.13,32.8,3.9732,0,0
-117.13,32.79,4.2098,0,0
-117.13,32.79,3.6458,0,0
-117.12,32.78,4.2621,0,0
-117.15,32.77,2.9576,0,0
-117.09,32.81,5.5673,0,0
-117.11,32.82,2.6607,0,0
-117.11,32.82,2.875,0,0
-117.11,32.81,2.5953,0,0
-117.11,32.8,3.2197,0,0
-117.09,32.8,2.15,0,0
-117.11,32.84,6.04,0,0
-117.11,32.82,4.375,0,0
-117.1,32.83,6.2047,0,0
-117.1,32.83,4.3783,0,0
-117.09,32.83,4.8419,0,0
-117.08,32.82,7.1298,0,0
-117.08,32.82,5.9734,0,0
-117.08,32.83,6.4335,0,0
-117.04,32.83,6.0266,0,0
-117.07,32.91,10.3354,0,-1
-117.04,32.9,9.2858,0,-1
-117.08,32.8,3.625,0,0
-117.09,32.79,2.8631,0,0
-117.09,32.8,4.7188,0,0
-117.08,32.8,3.375,0,0
-117.11,32.79,3.3849,0,0
-117.11,32.79,3.5179,0,0
-117.11,32.78,3.5562,0,0
-117.11,32.78,3.6528,0,0
-117.09,32.79,4.0982,0,0
-117.09,32.79,3.8333,0,0
-117.09,32.79,3.1964,0,0
-117.09,32.78,2.9881,0,0
-117.07,32.8,5.1488,0,0
-117.07,32.8,3.9828,0,0
-117.07,32.79,3.9745,0,0
-117.07,32.8,5.1782,0,0
-117.07,32.81,4.3594,0,0
-117.06,32.81,6.7927,0,0
-117.05,32.81,5.6402,0,0
-117.05,32.8,3.7167,0,0
-117.06,32.8,5.5,0,0
-117.07,32.79,7.8336,0,0
-117.07,32.78,4.7143,0,0
-117.08,32.78,4.625,0,0
-117.04,32.79,6.7196,0,0
-117.04,32.8,5.7416,0,0
-117.05,32.8,3.0035,0,0
-117.05,32.8,6.4797,0,0
-117.05,32.8,7.916,0,0
-117.06,32.79,8.7604,0,0
-117.06,32.79,9.6023,0,-1
-117.06,32.78,4.8,0,0
-117.02,32.8,4.1162,0,0
-117.03,32.79,5.8683,0,0
-117.03,32.8,4.3281,0,0
-117.04,32.8,2.0337,0,0
-117.01,32.8,3.1,0,0
-117.01,32.8,2.6934,0,0
-117.01,32.8,3.7159,0,0
-117.01,32.79,4.3152,0,0
-117.02,32.8,3.65,0,0
-117.02,32.8,4.4583,0,0
-117.01,32.81,5.516,0,0
-117.02,32.81,4.0656,0,0
-117.02,32.81,5.4544,0,0
-117.01,32.81,5.3441,0,0
-117.02,32.81,3.7292,0,0
-117.03,32.82,4.9744,0,0
-117.04,32.81,6.5412,0,0
-117.05,32.82,4.2312,0,0
-117.05,32.59,4.2679,0,0
-117.06,32.59,4.0616,0,0
-117.05,32.58,4.1518,0,0
-117.06,32.58,3.8529,0,0
-117.06,32.58,3.4792,0,0
-117.06,32.58,3.5125,0,0
-117.06,32.57,2.6985,0,0
-117.04,32.58,5.0311,0,0
-117.04,32.58,4.0089,0,0
-117.05,32.58,4.087,0,0
-117.05,32.58,5.3072,0,0
-117.05,32.57,4.7337,0,0
-117.06,32.57,3.0284,0,0
-117.06,32.57,4.6364,0,0
-117.05,32.57,3.1696,0,0
-117.05,32.56,1.9875,0,0
-117.05,32.56,2.875,0,0
-117.06,32.57,1.3362,0,0
-116.97,32.56,2.5625,0,0
-117.04,32.55,1.6348,0,0
-117.05,32.56,2.0159,0,0
-117.06,32.56,1.7958,0,0
-117.06,32.56,1.7301,0,0
-117.06,32.55,1.4384,0,0
-117.04,32.54,1.2667,0,0
-117.1,32.59,2.0734,0,0
-117.1,32.58,2.3,0,0
-117.1,32.58,2.25,0,0
-117.1,32.58,4.1029,0,0
-117.1,32.58,4.8646,0,0
-117.1,32.57,4.3601,0,0
-117.1,32.56,3.75,0,0
-117.07,32.57,2.5859,0,0
-117.08,32.57,2.25,0,0
-117.07,32.57,2.7361,0,0
-117.07,32.56,3.0992,0,0
-117.08,32.59,2.7048,0,0
-117.08,32.58,3.9698,0,0
-117.08,32.58,3.2687,0,0
-117.07,32.58,3.8194,0,0
-117.09,32.58,3.0273,0,0
-117.08,32.57,2.569,0,0
-117.09,32.57,3.6736,0,0
-117.09,32.57,4.5547,0,0
-117.09,32.57,5.1478,0,0
-117.09,32.56,4.8984,0,0
-117.09,32.55,3.9583,0,0
-117.12,32.58,3.0613,0,0
-117.12,32.57,4.8274,0,0
-117.13,32.58,3.1645,0,0
-117.13,32.58,2.3194,0,0
-117.13,32.58,2.3603,0,0
-117.12,32.56,2.9286,0,0
-117.11,32.58,2.5988,0,0
-117.11,32.57,3.3371,0,0
-117.12,32.57,2.6715,0,0
-117.12,32.58,3.0217,0,0
-117.11,32.58,2.2755,0,0
-117.1,32.58,2.3824,0,0
-117.1,32.57,2.3253,0,0
-117.11,32.59,2.1773,0,0
-117.11,32.58,2.4213,0,0
-117.11,32.59,2.1179,0,0
-117.12,32.59,2.6724,0,0
-117.16,32.58,3.3906,0,0
-117.13,32.63,8.7991,0,0
-117.17,32.63,3.5357,0,0
-117.17,32.68,7.3669,0,0
-117.18,32.68,3.25,0,0
-117.18,32.69,5.1009,0,0
-117.18,32.69,3.2121,0,0
-117.18,32.69,4.4777,0,0
-117.17,32.69,5.3177,0,0
-117.18,32.69,5.1249,0,0
-117.17,32.69,4.7891,0,0
-117.17,32.69,4.5189,0,0
-117.17,32.7,4.0488,0,0
-117.18,32.7,3.6759,0,0
-117.18,32.7,5.1386,0,0
-117.19,32.69,6.3612,0,0
-117.11,32.68,1.9107,0,0
-117.11,32.67,1.6094,0,0
-117.11,32.67,1.6806,0,0
-117.11,32.67,1.7961,0,0
-117.12,32.66,1.125,0,0
-117.11,32.67,1.4844,0,0
-117.11,32.66,1.625,0,0
-117.09,32.67,2.0972,0,0
-117.09,32.66,1.8333,0,0
-117.09,32.66,1.6389,0,0
-117.1,32.66,2.1542,0,0
-117.1,32.67,2.0982,0,0
-117.1,32.67,2.0213,0,0
-117.09,32.68,2.8089,0,0
-117.09,32.67,2.052,0,0
-117.1,32.67,1.2745,0,0
-117.1,32.68,2.0488,0,0
-117.1,32.69,1.8112,0,0
-117.1,32.68,2.0724,0,0
-117.1,32.68,2.0156,0,0
-117.1,32.68,2.0398,0,0
-117.1,32.68,1.7802,0,0
-117.1,32.68,2.4943,0,0
-117.07,32.69,3.4609,0,0
-117.08,32.69,3.4875,0,0
-117.08,32.69,3.6875,0,0
-117.09,32.69,3.4583,0,0
-117.09,32.68,2.2201,0,0
-117.07,32.69,4.069,0,0
-117.08,32.68,2.9318,0,0
-117.08,32.68,1.324,0,0
-117.09,32.68,2.0114,0,0
-117.07,32.67,2.3814,0,0
-117.08,32.67,2.5662,0,0
-117.09,32.66,3.375,0,0
-117.08,32.66,2.81,0,0
-117.07,32.67,1.8977,0,0
-117.07,32.65,3.4701,0,0
-117.07,32.64,4.1325,0,0
-117.08,32.64,1.8672,0,0
-117.08,32.65,2.5392,0,0
-117.08,32.64,1.9241,0,0
-117.08,32.64,1.6806,0,0
-117.09,32.65,2.619,0,0
-117.09,32.65,2.6296,0,0
-117.08,32.65,2.3562,0,0
-117.09,32.64,2.7218,0,0
-117.09,32.64,2.507,0,0
-117.1,32.64,2.5658,0,0
-117.09,32.64,1.6321,0,0
-117.09,32.64,1.62,0,0
-117.09,32.63,2.4148,0,0
-117.11,32.64,1.858,0,0
-117.11,32.62,2.1719,0,0
-117.09,32.62,3.0729,0,0
-117.09,32.62,2.4866,0,0
-117.09,32.62,2.1955,0,0
-117.08,32.63,2.1281,0,0
-117.09,32.64,1.947,0,0
-117.09,32.63,1.8417,0,0
-117.07,32.64,4.6477,0,0
-117.07,32.63,3.455,0,0
-117.07,32.64,2.24,0,0
-117.06,32.63,4.125,0,0
-117.06,32.62,3.9167,0,0
-117.07,32.63,3.5583,0,0
-117.07,32.63,3.7583,0,0
-117.08,32.63,2.6146,0,0
-117.08,32.63,2.2788,0,0
-117.08,32.62,3.0771,0,0
-117.08,32.62,3.4773,0,0
-117.09,32.61,2.1548,0,0
-117.09,32.61,3.6467,0,0
-117.08,32.62,2.2685,0,0
-117.08,32.61,3.3514,0,0
-117.07,32.62,2.7838,0,0
-117.06,32.61,2.8489,0,0
-117.07,32.61,2.1441,0,0
-117.07,32.6,1.9267,0,0
-117.07,32.59,1.6007,0,0
-117.08,32.59,2.3929,0,0
-117.08,32.6,2.2544,0,0
-117.07,32.61,2.1765,0,0
-117.06,32.61,2.0571,0,0
-117.06,32.61,2.5625,0,0
-117.07,32.6,2.2903,0,0
-117.06,32.6,1.7472,0,0
-117.06,32.6,2.4191,0,0
-117.06,32.6,2.7014,0,0
-117.05,32.63,4.1958,0,0
-117.05,32.62,4.2851,0,0
-117.04,32.62,4.9962,0,0
-117.05,32.61,3.5096,0,0
-117.05,32.61,3.2633,0,0
-117.05,32.61,3.8615,0,0
-117.04,32.6,4.2241,0,0
-117.04,32.6,3.9076,0,0
-117.05,32.59,3.0495,0,0
-117.04,32.63,4.1154,0,0
-117.04,32.62,4.6793,0,0
-117.03,32.61,5.1538,0,0
-117.03,32.61,6.0086,0,0
-117.03,32.6,5.152,0,0
-117.02,32.59,3.0365,0,0
-116.98,32.62,4.7068,0,0
-117.06,32.64,5.766,0,0
-117.06,32.63,4.2204,0,0
-116.98,32.68,5.5248,0,0
-117.01,32.67,5.551,0,0
-117.0,32.67,6.6143,0,0
-117.02,32.67,6.5772,0,0
-117.01,32.66,6.9664,0,0
-117.02,32.66,6.6272,0,0
-116.97,32.65,5.6631,0,0
-116.99,32.64,3.9519,0,0
-117.04,32.65,4.2155,0,0
-117.03,32.65,7.6344,0,0
-117.0,32.64,4.9792,0,0
-117.01,32.63,5.7358,0,0
-117.04,32.64,4.0298,0,0
-117.02,32.64,6.5151,0,0
-117.03,32.63,5.7789,0,0
-117.03,32.63,5.2489,0,0
-117.04,32.63,5.1354,0,0
-116.99,32.74,3.1771,0,0
-116.98,32.74,2.6944,0,0
-116.98,32.74,4.9286,0,0
-116.98,32.74,5.1098,0,0
-116.98,32.72,4.5135,0,0
-116.98,32.73,5.0864,0,0
-116.98,32.72,4.6667,0,0
-116.97,32.74,4.2192,0,0
-116.95,32.74,3.9583,0,0
-116.96,32.71,2.4567,0,0
-116.95,32.73,5.2671,0,0
-116.97,32.76,5.9878,0,0
-116.98,32.75,4.375,0,0
-116.97,32.75,4.7973,0,0
-116.98,32.75,2.9886,0,0
-116.97,32.76,6.1768,0,0
-116.95,32.76,4.9528,0,0
-116.94,32.75,5.1221,0,0
-116.92,32.76,5.9202,0,0
-116.92,32.76,5.2741,0,0
-116.91,32.75,4.7813,0,0
-117.0,32.76,6.5645,0,0
-116.99,32.76,4.625,0,0
-116.99,32.74,3.9844,0,0
-117.0,32.74,1.8856,0,0
-116.99,32.73,4.0357,0,0
-117.01,32.75,3.9545,0,0
-117.01,32.75,4.3088,0,0
-117.01,32.74,2.6973,0,0
-117.01,32.73,2.8646,0,0
-117.0,32.73,3.7647,0,0
-117.0,32.72,2.1362,0,0
-117.01,32.72,2.3068,0,0
-116.99,32.7,4.0444,0,0
-117.0,32.7,4.3714,0,0
-116.98,32.71,3.4551,0,0
-116.99,32.71,3.8904,0,0
-117.0,32.71,3.725,0,0
-117.01,32.71,2.981,0,0
-116.99,32.72,4.0391,0,0
-116.99,32.72,4.775,0,0
-116.99,32.72,3.8295,0,0
-116.99,32.72,4.7679,0,0
-117.02,32.74,3.5,0,0
-117.03,32.73,3.5096,0,0
-117.03,32.73,3.4784,0,0
-117.03,32.74,3.0125,0,0
-117.02,32.73,4.7952,0,0
-117.02,32.72,3.7763,0,0
-117.03,32.73,3.5861,0,0
-117.03,32.72,3.5938,0,0
-117.03,32.72,3.0588,0,0
-117.04,32.72,4.0813,0,0
-117.04,32.73,3.2717,0,0
-117.04,32.73,3.5492,0,0
-117.05,32.72,3.9485,0,0
-117.05,32.73,3.5529,0,0
-117.03,32.74,2.4345,0,0
-117.04,32.74,3.6848,0,0
-117.02,32.74,1.8594,0,0
-117.04,32.74,1.7179,0,0
-117.04,32.75,3.5192,0,0
-117.05,32.75,2.8306,0,0
-117.05,32.75,2.7014,0,0
-117.03,32.77,2.875,0,0
-117.02,32.76,1.0278,0,0
-117.02,32.76,3.11,0,0
-117.02,32.75,5.2835,0,0
-117.03,32.75,3.0897,0,0
-117.04,32.77,2.734,0,0
-117.04,32.76,3.141,0,0
-117.05,32.76,3.6625,0,0
-117.04,32.76,3.7368,0,0
-117.04,32.77,2.9624,0,0
-117.03,32.77,2.3393,0,0
-117.05,32.78,4.7941,0,0
-117.03,32.78,2.5707,0,0
-117.02,32.78,3.3675,0,0
-117.03,32.79,4.2992,0,0
-117.03,32.79,2.7006,0,0
-117.0,32.77,2.8125,0,0
-117.01,32.76,2.8594,0,0
-117.01,32.76,4.0549,0,0
-117.01,32.77,2.9,0,0
-117.01,32.77,2.6678,0,0
-117.01,32.77,3.0179,0,0
-117.01,32.79,3.4421,0,0
-117.01,32.78,2.9896,0,0
-117.02,32.78,3.4659,0,0
-117.02,32.79,4.0491,0,0
-116.99,32.79,4.0658,0,0
-116.99,32.79,3.744,0,0
-116.99,32.78,5.4333,0,0
-117.0,32.79,3.4773,0,0
-116.99,32.77,6.1103,0,0
-116.98,32.77,8.093,0,0
-117.0,32.76,4.3977,0,0
-117.0,32.77,5.5,0,0
-116.95,32.78,3.3906,0,0
-116.96,32.78,2.1638,0,0
-116.97,32.78,4.7943,0,0
-116.92,32.78,4.4306,0,0
-116.91,32.78,7.5,0,0
-116.92,32.77,6.6783,0,0
-116.9,32.77,6.2609,0,0
-116.95,32.78,6.2552,0,0
-116.95,32.77,6.3191,0,0
-116.94,32.78,3.434,0,0
-116.85,32.83,3.6445,0,0
-116.88,32.81,4.2014,0,0
-116.86,32.8,4.875,0,0
-116.83,32.83,5.4288,0,0
-116.83,32.81,4.8125,0,0
-116.92,32.79,4.5224,0,0
-116.93,32.79,3.0927,0,0
-116.91,32.8,5.6846,0,0
-116.9,32.79,6.7685,0,0
-116.94,32.8,1.8937,0,0
-116.93,32.79,3.0192,0,0
-116.95,32.79,2.0326,0,0
-116.96,32.8,1.3291,0,0
-116.96,32.79,2.6087,0,0
-116.96,32.79,2.6324,0,0
-116.96,32.8,1.8357,0,0
-116.97,32.79,1.9893,0,0
-116.96,32.79,2.3221,0,0
-116.97,32.78,3.7019,0,0
-116.97,32.78,2.9784,0,0
-116.97,32.79,2.6635,0,0
-116.98,32.79,3.8667,0,0
-116.98,32.8,3.963,0,0
-116.99,32.8,5.2907,0,0
-117.0,32.8,4.5662,0,0
-117.0,32.8,3.0189,0,0
-116.99,32.81,4.2386,0,0
-116.99,32.81,6.2787,0,0
-116.97,32.83,2.6458,0,0
-116.97,32.81,2.1422,0,0
-116.97,32.8,2.4367,0,0
-116.94,32.81,2.8175,0,0
-116.94,32.8,2.4141,0,0
-116.96,32.8,2.065,0,0
-116.96,32.8,3.369,0,0
-116.92,32.82,5.0118,0,0
-116.92,32.81,3.3669,0,0
-116.93,32.82,4.2586,0,0
-116.91,32.81,5.4834,0,0
-116.92,32.8,3.5586,0,0
-116.92,32.81,1.6686,0,0
-116.93,32.8,2.0685,0,0
-116.93,32.81,2.6429,0,0
-116.95,32.82,2.9161,0,0
-116.95,32.82,2.5949,0,0
-116.95,32.81,3.1106,0,0
-116.96,32.81,2.9097,0,0
-116.94,32.82,3.2411,0,0
-116.94,32.81,2.136,0,0
-116.95,32.81,2.543,0,0
-116.95,32.82,3.8024,0,0
-116.97,32.83,2.949,0,0
-116.99,32.83,3.1979,0,0
-116.99,32.85,4.0931,0,0
-116.98,32.85,4.0882,0,0
-117.01,32.83,3.3067,0,0
-117.01,32.84,3.1023,0,0
-117.02,32.84,5.131,0,0
-116.96,32.85,4.1716,0,0
-116.96,32.86,4.4347,0,0
-116.96,32.87,4.8286,0,0
-116.98,32.88,4.3952,0,0
-116.98,32.86,4.7717,0,0
-116.98,32.86,4.0693,0,0
-117.0,32.87,4.4904,0,0
-117.01,32.85,5.4903,0,0
-117.0,32.85,5.282,0,0
-116.95,32.83,3.3081,0,0
-116.95,32.84,3.4286,0,0
-116.93,32.85,2.5388,0,0
-116.93,32.85,3.1142,0,0
-116.94,32.85,4.7578,0,0
-116.94,32.84,4.5278,0,0
-116.94,32.83,3.7831,0,0
-116.88,32.86,5.0733,0,0
-116.86,32.87,5.0524,0,0
-116.84,32.86,3.2516,0,0
-116.89,32.85,2.8906,0,0
-116.91,32.87,4.3818,0,0
-116.91,32.86,2.5365,0,0
-116.91,32.86,3.6898,0,0
-116.92,32.86,2.3693,0,0
-116.93,32.83,3.944,0,0
-116.93,32.83,2.3203,0,0
-116.92,32.82,2.8875,0,0
-116.92,32.85,4.0625,0,0
-116.92,32.84,4.6674,0,0
-116.91,32.83,4.105,0,0
-116.92,32.82,4.0048,0,0
-116.91,32.85,4.5096,0,0
-116.89,32.85,5.1185,0,0
-116.9,32.84,2.7069,0,0
-116.89,32.82,5.0201,0,0
-116.9,32.84,4.0873,0,0
-116.91,32.82,3.8073,0,0
-116.96,32.9,5.3008,0,0
-116.94,32.89,5.2542,0,0
-116.94,32.87,5.2614,0,0
-116.93,32.87,3.6027,0,0
-116.9,32.9,4.0806,0,0
-116.84,32.92,3.1607,0,0
-117.05,33.01,4.625,0,0
-117.05,33.01,10.6186,0,-1
-117.04,33.01,8.4721,0,0
-117.03,33.0,7.7569,0,0
-117.04,32.99,6.6012,0,0
-117.04,32.98,6.0226,0,0
-117.06,32.99,6.2683,0,0
-117.05,32.97,5.5882,0,0
-117.05,32.96,4.8295,0,0
-117.04,32.97,4.5746,0,0
-117.03,32.97,4.5625,0,0
-117.03,32.96,4.121,0,0
-116.99,32.96,4.8854,0,0
-117.02,32.95,3.7784,0,0
-117.03,32.95,4.5032,0,0
-117.05,32.95,3.9531,0,0
-117.05,32.95,3.2369,0,0
-117.06,33.02,1.9176,0,0
-117.06,33.01,3.5192,0,0
-117.07,33.01,3.1187,0,0
-117.07,33.02,2.6048,0,0
-117.06,33.04,5.7382,0,0
-117.06,33.03,7.0913,0,0
-117.07,33.03,5.09,0,0
-117.07,33.03,6.8099,0,0
-117.08,33.03,4.3424,0,0
-117.07,33.04,3.6437,0,0
-117.08,33.03,3.3724,0,0
-117.08,33.03,5.8747,0,0
-117.08,33.03,5.3074,0,0
-117.09,33.03,6.4211,0,0
-117.08,33.04,6.53,0,0
-117.15,33.02,7.2731,0,0
-117.1,32.97,2.4459,0,0
-117.1,32.96,4.1279,0,0
-117.05,33.05,5.6436,0,0
-117.05,33.04,6.7769,0,0
-117.05,33.03,4.5,0,0
-117.05,33.03,4.3571,0,0
-117.06,33.02,5.8966,0,0
-117.05,33.02,6.3517,0,0
-117.01,33.04,7.7684,0,0
-117.04,33.03,6.3761,0,0
-117.01,32.99,8.4284,0,0
-116.99,33.01,7.7517,0,0
-117.09,32.91,6.5706,0,0
-117.09,32.91,7.0546,0,0
-117.09,32.9,6.2715,0,0
-117.1,32.9,5.149,0,0
-117.11,32.9,4.4766,0,0
-117.11,32.91,7.5992,0,0
-117.08,32.91,6.5853,0,0
-117.08,32.93,6.0857,0,0
-117.08,32.91,7.5604,0,0
-117.07,33.01,5.1998,0,0
-117.06,33.01,4.4219,0,0
-117.07,33.0,4.25,0,0
-117.07,33.0,4.955,0,0
-117.08,33.01,6.1949,0,0
-117.09,32.99,5.1909,0,0
-117.09,32.99,4.6028,0,0
-117.09,32.98,2.3182,0,0
-117.12,32.96,5.2463,0,0
-117.11,32.97,6.0862,0,0
-117.1,33.0,5.9094,0,0
-117.11,32.95,4.9485,0,0
-117.12,32.95,6.3542,0,0
-117.12,32.96,6.0175,0,0
-117.12,32.95,4.988,0,0
-117.08,32.97,5.4584,0,0
-117.06,32.97,4.3548,0,0
-117.25,33.06,6.439,0,0
-117.25,33.05,4.3286,0,0
-117.26,33.05,6.2513,0,0
-117.26,33.06,7.6832,0,0
-117.24,33.05,5.3129,0,0
-117.24,33.05,6.4027,0,0
-117.2,33.07,5.9289,0,0
-117.16,33.06,5.8661,0,0
-117.21,33.03,11.0911,0,-1
-117.18,33.02,13.6623,0,-1
-117.21,33.02,10.156,0,-1
-117.23,33.01,11.1118,0,-1
-117.26,32.97,6.4651,0,0
-117.26,32.96,10.1768,0,-1
-117.26,32.95,5.6582,0,0
-117.26,32.95,4.4375,0,0
-117.3,32.96,4.2875,0,0
-117.25,33.01,7.7317,0,0
-117.24,33.0,7.5975,0,0
-117.23,32.99,15.0001,0,-1
-117.25,32.99,7.472,0,0
-117.25,33.0,5.8393,0,0
-117.26,33.0,4.7841,0,0
-117.27,33.0,5.1523,0,0
-117.31,33.0,6.8443,0,0
-117.26,32.99,2.7348,0,0
-117.27,32.99,5.5922,0,0
-117.26,32.98,4.125,0,0
-117.31,32.98,4.1012,0,0
-117.27,32.98,5.2742,0,0
-117.32,33.01,4.125,0,0
-117.28,33.02,4.2356,0,0
-117.27,33.02,4.7179,0,0
-117.26,33.04,6.3525,0,0
-117.26,33.04,6.6319,0,0
-117.24,33.04,3.212,0,0
-117.25,33.03,6.9326,0,0
-117.27,33.03,3.9826,0,0
-117.27,33.03,3.5313,0,0
-117.26,33.02,6.3712,0,0
-117.27,33.03,4.87,0,0
-117.27,33.02,5.798,0,0
-117.29,33.05,3.1667,0,0
-117.28,33.04,3.5179,0,0
-117.27,33.04,3.55,0,0
-117.29,33.04,4.7333,0,0
-117.33,33.03,2.8611,0,0
-117.3,33.07,6.4247,0,0
-117.29,33.08,5.7787,0,0
-117.27,33.08,6.0922,0,0
-117.29,33.06,6.1509,0,0
-117.28,33.06,4.0118,0,0
-117.27,33.06,3.197,0,0
-117.27,33.05,2.9083,0,0
-117.3,33.08,4.0,0,0
-117.34,33.06,4.3182,0,0
-117.31,33.07,3.2984,0,0
-117.3,33.07,3.5585,0,0
-117.3,33.06,3.194,0,0
-117.3,33.06,4.027,0,0
-117.3,33.05,3.2308,0,0
-117.33,33.17,4.0791,0,0
-117.34,33.16,4.5694,0,0
-117.33,33.16,4.0585,0,0
-117.32,33.15,5.4904,0,0
-117.32,33.12,2.7717,0,0
-117.31,33.1,3.5341,0,0
-117.29,33.13,3.9205,0,0
-117.31,33.11,4.1282,0,0
-117.29,33.12,4.7961,0,0
-117.29,33.1,5.1837,0,0
-117.28,33.1,6.5338,0,0
-117.35,33.17,2.478,0,0
-117.34,33.16,2.25,0,0
-117.34,33.15,3.0306,0,0
-117.35,33.16,3.975,0,0
-117.35,33.16,3.7891,0,0
-117.34,33.15,3.3536,0,0
-117.36,33.18,2.5509,0,0
-117.36,33.18,2.8893,0,0
-117.35,33.17,3.625,0,0
-117.36,33.17,2.3182,0,0
-117.37,33.18,2.6979,0,0
-117.37,33.19,1.8214,0,0
-117.37,33.19,2.8819,0,0
-117.37,33.19,1.9562,0,0
-117.37,33.19,4.1875,0,0
-117.38,33.19,2.4583,0,0
-117.38,33.14,3.209,0,0
-117.38,33.19,1.9891,0,0
-117.38,33.2,1.9386,0,0
-117.37,33.2,1.6318,0,0
-117.38,33.19,1.5625,0,0
-117.38,33.2,1.3903,0,0
-117.36,33.2,1.3269,0,0
-117.36,33.2,2.9539,0,0
-117.36,33.2,3.2917,0,0
-117.35,33.2,2.5754,0,0
-117.35,33.21,4.25,0,0
-117.34,33.21,4.0109,0,0
-117.35,33.2,3.9875,0,0
-117.34,33.21,2.7386,0,0
-117.35,33.19,5.1733,0,0
-117.34,33.19,5.276,0,0
-117.33,33.19,2.9716,0,0
-117.34,33.19,5.7409,0,0
-117.29,33.24,3.1875,0,0
-117.3,33.23,2.765,0,0
-117.32,33.23,1.6402,0,0
-117.31,33.24,4.0469,0,0
-117.32,33.22,2.4375,0,0
-117.33,33.22,2.7846,0,0
-117.32,33.22,2.7417,0,0
-117.33,33.21,2.2882,0,0
-117.3,33.22,3.7568,0,0
-117.31,33.19,4.3762,0,0
-117.29,33.2,2.4754,0,0
-117.31,33.18,2.0147,0,0
-117.29,33.19,3.0704,0,0
-117.28,33.2,4.3428,0,0
-117.37,33.22,3.676,0,0
-117.35,33.23,3.8958,0,0
-117.35,33.21,2.675,0,0
-117.38,33.21,2.6442,0,0
-117.37,33.2,2.0272,0,0
-117.28,33.28,3.8156,0,0
-117.25,33.3,6.3054,0,0
-117.26,33.26,4.3429,0,0
-117.3,33.26,4.1713,0,0
-117.3,33.25,3.7933,0,0
-117.31,33.25,3.125,0,0
-117.31,33.25,2.8558,0,0
-117.32,33.25,4.85,0,0
-117.32,33.25,3.6301,0,0
-117.34,33.23,3.1062,0,0
-117.33,33.23,2.5872,0,0
-117.33,33.23,3.33,0,0
-117.33,33.24,2.9386,0,0
-117.42,33.35,2.5729,0,0
-117.24,33.34,4.5764,0,0
-117.22,33.36,4.605,0,0
-117.22,33.31,6.2475,0,0
-117.21,33.34,5.4563,0,0
-117.19,33.34,6.1009,0,0
-117.17,33.34,2.7986,0,0
-117.2,33.29,4.0357,0,0
-117.17,33.28,5.1786,0,0
-117.25,33.38,3.0,0,0
-117.24,33.4,3.7857,0,0
-117.23,33.38,2.8393,0,0
-117.24,33.38,3.668,0,0
-117.25,33.38,2.0956,0,0
-117.25,33.39,2.375,0,0
-117.26,33.37,2.2368,0,0
-117.25,33.37,1.995,0,0
-117.24,33.37,4.5391,0,0
-117.24,33.36,4.5,0,0
-117.25,33.36,2.3214,0,0
-117.34,33.46,5.5395,0,0
-117.19,33.41,4.0882,0,0
-117.14,33.39,3.8547,0,0
-117.2,33.38,5.0507,0,0
-117.1,33.36,3.2614,0,0
-116.95,33.31,2.2393,0,0
-117.03,33.32,3.8438,0,0
-117.05,33.29,7.0177,0,0
-117.05,33.26,3.7644,0,0
-117.12,33.27,4.9375,0,0
-117.0,33.29,8.2531,0,0
-116.98,33.26,4.7647,0,0
-116.99,33.2,3.1553,0,0
-116.9,33.22,3.1906,0,0
-117.14,33.23,3.1272,0,0
-117.11,33.23,4.9335,0,0
-117.08,33.23,4.15,0,0
-117.2,33.24,6.2079,0,0
-117.15,33.2,4.0328,0,0
-117.2,33.2,5.543,0,0
-117.22,33.22,3.3882,0,0
-117.22,33.22,1.7217,0,0
-117.22,33.22,1.9571,0,0
-117.23,33.24,4.3068,0,0
-117.24,33.23,4.0776,0,0
-117.24,33.23,3.4359,0,0
-117.23,33.23,2.9875,0,0
-117.23,33.22,1.808,0,0
-117.23,33.22,2.0246,0,0
-117.24,33.22,4.1316,0,0
-117.24,33.21,2.1293,0,0
-117.23,33.21,4.125,0,0
-117.25,33.25,4.6187,0,0
-117.27,33.23,4.1405,0,0
-117.27,33.22,5.0249,0,0
-117.27,33.22,1.8849,0,0
-117.28,33.22,2.3844,0,0
-117.27,33.21,4.4531,0,0
-117.25,33.22,3.9815,0,0
-117.25,33.22,3.5,0,0
-117.26,33.21,3.0197,0,0
-117.28,33.2,4.21,0,0
-117.27,33.2,4.2054,0,0
-117.26,33.2,2.8214,0,0
-117.27,33.2,4.3542,0,0
-117.27,33.19,2.724,0,0
-117.28,33.19,3.4456,0,0
-117.25,33.21,2.066,0,0
-117.24,33.21,2.1875,0,0
-117.24,33.21,3.0982,0,0
-117.24,33.2,2.4505,0,0
-117.24,33.2,2.5119,0,0
-117.25,33.2,2.0625,0,0
-117.25,33.2,2.7961,0,0
-117.25,33.21,2.6339,0,0
-117.23,33.21,3.6181,0,0
-117.22,33.21,3.6375,0,0
-117.22,33.2,4.4844,0,0
-117.23,33.2,3.5109,0,0
-117.23,33.2,4.8929,0,0
-117.21,33.2,5.04,0,0
-117.22,33.19,2.7019,0,0
-117.27,33.18,2.9133,0,0
-117.26,33.19,2.9469,0,0
-117.26,33.19,4.2361,0,0
-117.25,33.19,4.5764,0,0
-117.24,33.19,2.9191,0,0
-117.23,33.19,3.6346,0,0
-117.24,33.18,5.0195,0,0
-117.3,33.17,4.1807,0,0
-117.32,33.17,4.2383,0,0
-117.31,33.17,5.552,0,0
-117.31,33.16,5.5956,0,0
-117.31,33.16,5.6605,0,0
-117.29,33.18,2.7644,0,0
-117.29,33.18,3.1667,0,0
-117.28,33.18,2.1205,0,0
-117.28,33.18,6.2096,0,0
-117.26,33.18,4.5781,0,0
-117.27,33.15,4.6357,0,0
-117.29,33.15,4.0625,0,0
-117.24,33.17,4.2826,0,0
-117.22,33.17,3.625,0,0
-117.23,33.16,4.0,0,0
-117.23,33.16,3.6736,0,0
-117.22,33.18,3.3444,0,0
-117.21,33.17,3.75,0,0
-117.21,33.19,4.8152,0,0
-117.19,33.18,4.1128,0,0
-117.21,33.16,2.6487,0,0
-117.2,33.16,2.3159,0,0
-117.2,33.15,3.0139,0,0
-117.2,33.14,3.8147,0,0
-117.22,33.14,5.0123,0,0
-117.21,33.14,2.8586,0,0
-117.21,33.13,2.2278,0,0
-117.17,33.18,3.0221,0,0
-117.18,33.16,3.1793,0,0
-117.15,33.16,3.5839,0,0
-117.14,33.16,5.6874,0,0
-117.13,33.15,3.4833,0,0
-117.14,33.15,5.5696,0,0
-117.14,33.15,5.0346,0,0
-117.15,33.14,2.3062,0,0
-117.13,33.15,3.1776,0,0
-117.13,33.14,4.8526,0,0
-117.13,33.14,4.1053,0,0
-117.12,33.14,4.1641,0,0
-117.12,33.14,3.8967,0,0
-117.13,33.14,4.0495,0,0
-117.19,33.14,2.3267,0,0
-117.18,33.15,2.32,0,0
-117.21,33.13,3.775,0,0
-117.2,33.12,5.1194,0,0
-117.21,33.12,4.3672,0,0
-117.18,33.11,5.1814,0,0
-117.25,33.12,5.311,0,0
-117.24,33.11,6.0336,0,0
-117.23,33.1,7.745,0,0
-117.25,33.1,3.9464,0,0
-117.26,33.09,7.0423,0,0
-117.26,33.09,4.1667,0,0
-117.23,33.09,6.3373,0,0
-117.25,33.08,7.5402,0,0
-117.25,33.08,6.617,0,0
-117.26,33.08,5.3905,0,0
-117.09,33.13,3.0426,0,0
-117.08,33.14,4.3846,0,0
-117.08,33.14,4.2357,0,0
-117.07,33.14,4.7426,0,0
-117.07,33.15,5.1842,0,0
-117.06,33.15,4.7941,0,0
-117.11,33.19,5.0461,0,0
-117.03,33.18,5.1771,0,0
-117.06,33.17,4.4477,0,0
-117.1,33.17,5.4819,0,0
-117.08,33.16,4.8554,0,0
-117.07,33.15,3.2024,0,0
-117.08,33.14,3.5462,0,0
-117.09,33.15,3.4764,0,0
-117.07,33.13,2.6152,0,0
-117.07,33.13,2.1786,0,0
-117.06,33.14,3.8185,0,0
-117.05,33.13,2.3762,0,0
-117.04,33.15,2.8247,0,0
-117.05,33.14,2.25,0,0
-117.06,33.13,2.8015,0,0
-117.08,33.13,2.1437,0,0
-117.08,33.12,0.7054,0,0
-117.11,33.15,4.7019,0,0
-117.1,33.15,3.1467,0,0
-117.12,33.15,4.4655,0,0
-117.14,33.18,3.7109,0,0
-117.1,33.14,2.3171,0,0
-117.11,33.14,3.4455,0,0
-117.14,33.12,4.9005,0,0
-117.13,33.13,2.082,0,0
-117.11,33.12,3.875,0,0
-117.1,33.12,0.813,0,0
-117.11,33.11,2.2875,0,0
-117.14,33.07,4.3513,0,0
-117.12,33.07,3.6389,0,0
-117.1,33.07,8.6803,0,0
-117.07,33.07,8.5957,0,0
-117.1,33.09,4.4375,0,0
-117.08,33.08,4.9844,0,0
-117.09,33.1,3.8292,0,0
-117.08,33.09,4.7566,0,0
-117.09,33.12,2.5284,0,0
-117.08,33.11,2.5331,0,0
-117.08,33.11,2.2,0,0
-117.09,33.11,3.1429,0,0
-117.08,33.12,1.8363,0,0
-117.07,33.11,3.0915,0,0
-117.08,33.11,2.2146,0,0
-117.08,33.12,1.875,0,0
-117.07,33.12,3.1458,0,0
-117.07,33.12,2.7216,0,0
-117.07,33.12,2.4122,0,0
-117.07,33.11,3.0054,0,0
-117.06,33.09,4.0484,0,0
-117.03,33.13,4.7022,0,0
-116.97,33.13,6.7957,0,0
-117.05,33.13,4.2813,0,0
-117.05,33.11,5.4786,0,0
-117.05,33.13,5.2323,0,0
-117.05,33.1,6.1868,0,0
-117.03,33.12,5.4663,0,0
-117.04,33.09,6.1834,0,0
-116.93,33.06,4.8836,0,0
-116.89,32.99,5.0278,0,0
-116.95,32.96,4.5,0,0
-116.84,33.08,4.0408,0,0
-116.77,33.08,5.5842,0,0
-116.78,33.0,5.5102,0,0
-116.84,33.01,5.4155,0,0
-116.88,33.05,2.8827,0,0
-116.88,33.02,5.2596,0,0
-116.9,33.03,3.475,0,0
-116.86,33.05,3.6348,0,0
-116.86,33.02,4.6518,0,0
-116.84,33.02,5.6674,0,0
-116.74,33.33,2.4744,0,0
-116.68,33.16,2.1797,0,0
-116.6,33.06,2.7813,0,0
-116.58,33.09,3.0089,0,0
-116.56,33.05,4.125,0,0
-116.61,33.04,3.875,0,0
-116.66,33.09,1.5909,0,0
-116.67,32.97,5.359,0,0
-116.52,32.9,4.57,0,0
-116.34,33.36,3.3214,0,0
-116.32,33.28,3.3625,0,0
-116.26,33.07,1.9875,0,0
-116.28,32.84,2.5179,0,0
-116.37,33.19,2.5795,0,0
-116.58,32.69,2.919,0,0
-116.45,32.65,2.1949,0,0
-116.35,32.74,1.7137,0,0
-116.2,32.64,1.4648,0,0
-116.75,32.85,4.2321,0,0
-116.79,32.84,3.5769,0,0
-116.76,32.84,3.1196,0,0
-116.77,32.82,2.875,0,0
-116.75,32.82,6.6361,0,0
-116.8,32.8,6.1481,0,0
-116.62,32.86,4.0159,0,0
-116.66,32.79,6.2152,0,0
-116.87,32.75,5.5164,0,0
-116.91,32.73,6.4745,0,0
-116.87,32.72,5.7652,0,0
-116.89,32.67,6.2578,0,0
-116.76,32.74,4.7367,0,0
-116.79,32.61,3.5227,0,0
-122.41,37.81,3.6728,1,0
-122.41,37.81,1.8981,1,0
-122.42,37.81,4.3472,1,0
-122.42,37.8,8.0755,1,0
-122.42,37.8,4.9211,1,0
-122.42,37.8,3.2356,1,0
-122.42,37.8,4.4712,1,0
-122.41,37.8,3.1477,1,0
-122.41,37.8,4.1607,1,0
-122.41,37.8,5.4378,1,0
-122.41,37.8,2.5875,1,0
-122.41,37.8,3.6065,1,0
-122.41,37.8,6.3245,1,0
-122.4,37.8,4.775,1,0
-122.4,37.8,4.2015,1,0
-122.4,37.81,7.7852,1,0
-122.41,37.8,2.8229,1,0
-122.4,37.8,1.9063,1,0
-122.41,37.8,2.75,1,0
-122.41,37.8,3.3839,1,0
-122.41,37.8,1.8295,1,0
-122.41,37.8,0.8836,1,0
-122.41,37.8,5.866,1,0
-122.41,37.8,3.5746,1,0
-122.41,37.79,2.9871,1,0
-122.42,37.8,4.3472,1,0
-122.42,37.8,4.2458,1,0
-122.42,37.8,2.0987,1,0
-122.42,37.8,3.3643,1,0
-122.42,37.8,2.5603,1,0
-122.42,37.79,2.565,1,0
-122.42,37.79,2.1343,1,0
-122.42,37.79,2.5013,1,0
-122.41,37.79,3.0296,1,0
-122.41,37.79,3.3681,1,0
-122.41,37.79,3.5066,1,0
-122.41,37.8,1.9145,1,0
-122.41,37.79,1.3668,1,0
-122.41,37.8,0.9,1,0
-122.39,37.8,4.5581,1,0
-122.4,37.79,1.4552,1,0
-122.41,37.79,1.5156,1,0
-122.41,37.79,3.2059,1,0
-122.41,37.79,2.5166,1,0
-122.42,37.79,1.8068,1,0
-122.41,37.79,1.724,1,0
-122.42,37.78,2.3304,1,0
-122.42,37.78,0.8543,1,0
-122.43,37.81,3.7679,1,0
-122.44,37.8,3.4801,1,0
-122.44,37.8,4.2857,1,0
-122.43,37.81,4.6781,1,0
-122.45,37.81,3.9028,1,0
-122.44,37.8,5.0376,1,0
-122.44,37.8,4.5523,1,0
-122.44,37.8,3.2447,1,0
-122.44,37.8,2.7717,1,0
-122.44,37.8,4.625,1,0
-122.44,37.8,7.9761,1,0
-122.44,37.8,5.2539,1,0
-122.44,37.8,3.9856,1,0
-122.43,37.8,4.1047,1,0
-122.43,37.8,4.199,1,0
-122.43,37.8,3.3715,1,0
-122.43,37.8,3.6893,1,0
-122.43,37.8,3.2235,1,0
-122.43,37.8,4.0417,1,0
-122.42,37.8,4.038,1,0
-122.43,37.8,5.0365,1,0
-122.43,37.8,5.7934,1,0
-122.43,37.8,4.5399,1,0
-122.42,37.8,4.5913,1,0
-122.42,37.79,4.0156,1,0
-122.43,37.79,3.8068,1,0
-122.43,37.79,7.2623,1,0
-122.43,37.79,5.8543,1,0
-122.44,37.79,5.3124,1,0
-122.44,37.79,10.8783,1,0
-122.44,37.79,8.0755,1,0
-122.44,37.79,15.0001,1,2
-122.45,37.79,10.0914,1,0
-122.45,37.79,5.5634,1,0
-122.45,37.79,1.4804,1,0
-122.45,37.79,10.7097,1,0
-122.46,37.79,14.2959,1,-1
-122.46,37.79,5.2909,1,0
-122.44,37.79,3.975,1,0
-122.44,37.79,4.4375,1,0
-122.44,37.79,6.4209,1,0
-122.43,37.79,4.3986,1,0
-122.43,37.79,4.2042,1,0
-122.42,37.79,2.6607,1,0
-122.42,37.79,3.4423,1,0
-122.43,37.79,2.7165,1,0
-122.43,37.79,3.4375,1,0
-122.43,37.79,5.0049,1,0
-122.44,37.79,4.4464,1,0
-122.44,37.79,4.0882,1,0
-122.44,37.79,3.6812,1,0
-122.44,37.78,2.8569,1,0
-122.45,37.78,3.1576,1,0
-122.45,37.79,3.7188,1,0
-122.45,37.78,5.0156,1,0
-122.43,37.79,2.6782,1,0
-122.43,37.78,1.3062,1,0
-122.44,37.78,1.4866,1,0
-122.45,37.78,3.7159,1,0
-122.45,37.78,4.0,1,0
-122.46,37.78,5.2806,1,0
-122.44,37.78,3.6875,1,0
-122.44,37.78,2.8654,1,0
-122.44,37.78,3.875,1,0
-122.45,37.78,4.1319,1,0
-122.45,37.78,3.2011,1,0
-122.45,37.78,3.6667,1,0
-122.44,37.78,2.151,1,0
-122.43,37.78,2.9792,1,0
-122.44,37.78,3.3882,1,0
-122.44,37.78,2.943,1,0
-122.44,37.78,2.4196,1,0
-122.44,37.78,3.1607,1,0
-122.43,37.78,2.6392,1,0
-122.43,37.78,3.6437,1,0
-122.42,37.78,3.1462,1,0
-122.42,37.78,1.8438,1,0
-122.43,37.78,1.077,1,0
-122.43,37.78,0.9355,1,0
-122.42,37.78,2.4414,1,0
-122.42,37.78,2.1516,1,0
-122.43,37.78,1.3844,1,0
-122.43,37.78,2.105,1,0
-122.43,37.78,2.8202,1,0
-122.43,37.77,2.9567,1,0
-122.44,37.78,2.5721,1,0
-122.44,37.77,2.0161,1,0
-122.45,37.77,3.3679,1,0
-122.45,37.77,3.3068,1,0
-122.45,37.77,3.0906,1,0
-122.44,37.77,3.6186,1,0
-122.45,37.77,4.1417,1,0
-122.45,37.77,3.0409,1,0
-122.45,37.77,3.35,1,0
-122.43,37.77,3.3702,1,0
-122.43,37.77,4.445,1,0
-122.44,37.77,3.2239,1,0
-122.44,37.77,3.0766,1,0
-122.42,37.77,2.5186,1,0
-122.42,37.77,2.879,1,0
-122.43,37.77,2.6914,1,0
-122.43,37.77,2.3977,1,0
-122.43,37.77,2.3887,1,0
-122.43,37.77,3.2981,1,0
-122.43,37.77,2.7587,1,0
-122.43,37.77,3.6894,1,0
-122.44,37.77,5.1788,1,0
-122.44,37.77,4.4085,1,0
-122.44,37.76,6.8939,1,0
-122.44,37.77,4.4875,1,0
-122.44,37.77,4.3667,1,0
-122.45,37.76,4.6912,1,0
-122.45,37.76,4.6477,1,0
-122.45,37.77,3.575,1,0
-122.45,37.77,4.5052,1,0
-122.41,37.78,1.1185,1,0
-122.41,37.78,1.4554,1,0
-122.41,37.78,3.8625,1,0
-122.41,37.77,3.2292,1,0
-122.41,37.77,2.6083,1,0
-122.4,37.78,2.5742,1,0
-122.41,37.77,3.4671,1,0
-122.41,37.78,1.8519,1,0
-122.39,37.78,4.7105,1,0
-122.39,37.78,3.6037,1,0
-122.39,37.79,4.6563,1,0
-122.37,37.81,2.7909,1,0
-122.4,37.78,1.6125,1,0
-122.4,37.77,4.3958,1,0
-122.42,37.77,2.0548,1,0
-122.42,37.77,1.375,1,0
-122.42,37.76,1.3365,1,0
-122.42,37.77,2.7794,1,0
-122.42,37.77,2.5755,1,0
-122.42,37.76,2.5403,1,0
-122.43,37.77,3.6031,1,0
-122.43,37.76,3.8261,1,0
-122.43,37.76,2.8458,1,0
-122.44,37.76,4.2222,1,0
-122.44,37.76,4.6053,1,0
-122.44,37.75,4.3232,1,0
-122.44,37.76,4.05,1,0
-122.44,37.76,5.2519,1,0
-122.45,37.76,5.6235,1,0
-122.44,37.76,3.3702,1,0
-122.44,37.76,3.9079,1,0
-122.44,37.76,5.0731,1,0
-122.43,37.76,3.5655,1,0
-122.43,37.76,4.75,1,0
-122.43,37.76,4.2569,1,0
-122.43,37.76,3.3565,1,0
-122.42,37.76,3.3937,1,0
-122.42,37.76,3.5052,1,0
-122.42,37.76,2.6803,1,0
-122.42,37.76,2.0329,1,0
-122.42,37.76,2.5701,1,0
-122.42,37.76,1.65,1,0
-122.42,37.76,1.3824,1,0
-122.42,37.75,2.1289,1,0
-122.42,37.75,3.3816,1,0
-122.42,37.75,2.1971,1,0
-122.42,37.75,2.2328,1,0
-122.42,37.75,2.7173,1,0
-122.42,37.75,3.5536,1,0
-122.42,37.75,2.9052,1,0
-122.42,37.75,3.0,1,0
-122.43,37.75,3.575,1,0
-122.43,37.75,4.0625,1,0
-122.43,37.75,4.0568,1,0
-122.43,37.76,4.4318,1,0
-122.43,37.75,4.7946,1,0
-122.44,37.75,4.0,1,0
-122.44,37.75,4.2708,1,0
-122.43,37.75,3.7545,1,0
-122.44,37.75,4.2667,1,0
-122.44,37.75,5.0505,1,0
-122.43,37.75,3.5114,1,0
-122.43,37.75,4.875,1,0
-122.43,37.75,3.95,1,0
-122.42,37.75,3.2632,1,0
-122.42,37.74,4.6547,1,0
-122.42,37.74,3.0833,1,0
-122.43,37.74,5.0196,1,0
-122.43,37.75,3.775,1,0
-122.43,37.75,5.0519,1,0
-122.44,37.75,4.5469,1,0
-122.44,37.74,4.2672,1,0
-122.44,37.74,4.8382,1,0
-122.44,37.74,4.5375,1,0
-122.43,37.74,4.7437,1,0
-122.43,37.74,3.8846,1,0
-122.43,37.74,5.3292,1,0
-122.43,37.73,5.0602,1,0
-122.43,37.73,5.0782,1,0
-122.38,37.76,1.4886,1,0
-122.39,37.76,4.0042,1,0
-122.39,37.76,3.675,1,0
-122.39,37.76,3.9722,1,0
-122.39,37.76,4.5057,1,0
-122.39,37.76,3.7051,1,0
-122.4,37.75,2.8679,1,0
-122.4,37.76,4.119,1,0
-122.4,37.76,4.4375,1,0
-122.4,37.76,4.4074,1,0
-122.41,37.76,1.9944,1,0
-122.4,37.76,2.9312,1,0
-122.41,37.76,2.8135,1,0
-122.41,37.76,3.4028,1,0
-122.41,37.76,3.0865,1,0
-122.41,37.76,2.6667,1,0
-122.41,37.76,3.0774,1,0
-122.41,37.76,3.2964,1,0
-122.4,37.75,2.0577,1,0
-122.41,37.75,2.4531,1,0
-122.41,37.75,3.4063,1,0
-122.41,37.75,4.2891,1,0
-122.41,37.75,2.5809,1,0
-122.41,37.75,2.0325,1,0
-122.41,37.75,2.3903,1,0
-122.41,37.75,2.6538,1,0
-122.39,37.74,2.5694,1,0
-122.39,37.73,4.3393,1,0
-122.4,37.73,3.4472,1,0
-122.4,37.74,2.59,1,0
-122.38,37.73,1.4282,1,0
-122.38,37.73,1.4133,1,0
-122.39,37.74,2.1767,1,0
-122.38,37.73,2.625,1,0
-122.38,37.73,2.2167,1,0
-122.38,37.73,2.1667,1,0
-122.39,37.73,2.2222,1,0
-122.39,37.73,2.9063,1,0
-122.39,37.73,2.8603,1,0
-122.4,37.73,2.6364,1,0
-122.39,37.72,1.1125,1,0
-122.39,37.72,3.6607,1,0
-122.39,37.72,2.1484,1,0
-122.41,37.75,3.7813,1,0
-122.41,37.74,4.1417,1,0
-122.41,37.74,4.7031,1,0
-122.41,37.75,3.4073,1,0
-122.41,37.75,3.5912,1,0
-122.41,37.74,3.6687,1,0
-122.41,37.74,1.9464,1,0
-122.41,37.74,5.5563,1,0
-122.42,37.74,4.2212,1,0
-122.42,37.74,4.0391,1,0
-122.42,37.74,3.8864,1,0
-122.42,37.74,2.9911,1,0
-122.42,37.75,3.3555,1,0
-122.41,37.74,4.1552,1,0
-122.41,37.74,3.2813,1,0
-122.41,37.74,3.6429,1,0
-122.42,37.73,2.888,1,0
-122.42,37.74,3.4583,1,0
-122.42,37.74,2.3087,1,0
-122.42,37.74,4.3125,1,0
-122.42,37.73,3.3333,1,0
-122.43,37.73,4.6786,1,0
-122.43,37.73,4.0,1,0
-122.43,37.73,3.6694,1,0
-122.43,37.72,3.6719,1,0
-122.44,37.72,4.3125,1,0
-122.44,37.73,4.3898,1,0
-122.44,37.73,5.0224,1,0
-122.42,37.73,4.0132,1,0
-122.42,37.73,4.625,1,0
-122.42,37.73,4.5769,1,0
-122.43,37.73,4.1071,1,0
-122.41,37.73,3.4231,1,0
-122.4,37.73,3.4769,1,0
-122.4,37.73,2.3625,1,0
-122.41,37.73,3.7835,1,0
-122.41,37.73,4.0642,1,0
-122.42,37.73,4.0781,1,0
-122.4,37.72,4.2672,1,0
-122.4,37.72,2.1187,1,0
-122.41,37.73,3.8643,1,0
-122.41,37.72,4.8214,1,0
-122.41,37.72,4.0583,1,0
-122.42,37.72,4.0071,1,0
-122.43,37.72,3.6667,1,0
-122.43,37.72,3.6885,1,0
-122.43,37.72,3.7105,1,0
-122.44,37.72,3.8274,1,0
-122.43,37.72,3.0107,1,0
-122.43,37.73,3.8934,1,0
-122.43,37.73,3.1786,1,0
-122.44,37.72,3.4605,1,0
-122.44,37.72,3.9565,1,0
-122.45,37.72,4.3036,1,0
-122.44,37.72,3.7143,1,0
-122.45,37.71,4.3846,1,0
-122.45,37.71,3.8583,1,0
-122.45,37.71,3.9167,1,0
-122.46,37.71,4.0547,1,0
-122.46,37.71,4.0,1,0
-122.43,37.71,4.5,1,0
-122.43,37.71,4.0234,1,0
-122.43,37.71,3.1908,1,0
-122.44,37.72,3.8958,1,0
-122.44,37.71,3.9567,1,0
-122.44,37.71,5.3913,1,0
-122.44,37.71,5.0201,1,0
-122.45,37.71,3.5536,1,0
-122.4,37.72,3.0313,1,0
-122.4,37.71,3.0469,1,0
-122.41,37.71,3.4773,1,0
-122.41,37.71,1.2269,1,0
-122.41,37.71,4.9926,1,0
-122.41,37.71,3.495,1,0
-122.4,37.72,3.8625,1,0
-122.4,37.72,4.2727,1,0
-122.45,37.77,3.5435,1,0
-122.46,37.76,3.4531,1,0
-122.46,37.77,3.75,1,0
-122.46,37.76,3.93,1,0
-122.45,37.76,3.5744,1,0
-122.46,37.76,6.1636,1,0
-122.46,37.75,4.5352,1,0
-122.47,37.76,2.9899,1,0
-122.47,37.76,2.5933,1,0
-122.47,37.76,3.2679,1,0
-122.47,37.76,4.0793,1,0
-122.47,37.76,2.8711,1,0
-122.47,37.76,3.2083,1,0
-122.47,37.76,3.3239,1,0
-122.47,37.76,3.6346,1,0
-122.47,37.75,4.4312,1,0
-122.47,37.75,4.0089,1,0
-122.47,37.75,5.482,1,0
-122.47,37.76,5.1893,1,0
-122.47,37.76,4.4946,1,0
-122.46,37.75,5.8151,1,0
-122.46,37.75,10.7569,1,0
-122.47,37.75,9.3603,1,0
-122.47,37.75,6.1592,1,0
-122.47,37.75,4.6071,1,0
-122.47,37.74,4.0846,1,0
-122.45,37.75,6.0274,1,0
-122.45,37.75,4.95,1,0
-122.45,37.75,3.0804,1,0
-122.46,37.75,6.5372,1,0
-122.45,37.74,4.375,1,0
-122.46,37.74,6.2561,1,0
-122.45,37.74,5.0887,1,0
-122.44,37.73,5.5622,1,0
-122.45,37.74,6.203,1,0
-122.46,37.74,5.3961,1,0
-122.46,37.74,10.959,1,0
-122.47,37.74,8.1189,1,0
-122.47,37.74,5.6787,1,0
-122.47,37.74,4.9537,1,0
-122.46,37.73,7.8476,1,0
-122.46,37.73,8.0069,1,0
-122.46,37.72,6.7228,1,0
-122.47,37.73,5.9245,1,0
-122.47,37.73,10.7309,1,0
-122.47,37.73,10.6605,1,0
-122.47,37.72,5.9114,1,0
-122.46,37.73,6.8322,1,0
-122.45,37.73,5.1238,1,0
-122.46,37.73,5.2088,1,0
-122.44,37.73,4.7813,1,0
-122.44,37.73,3.8304,1,0
-122.45,37.73,3.2448,1,0
-122.45,37.73,5.0634,1,0
-122.44,37.73,4.1932,1,0
-122.45,37.72,4.2167,1,0
-122.45,37.72,4.7143,1,0
-122.45,37.72,4.475,1,0
-122.45,37.72,3.6581,1,0
-122.46,37.72,3.3208,1,0
-122.46,37.72,4.0859,1,0
-122.46,37.72,3.2875,1,0
-122.46,37.72,4.0855,1,0
-122.46,37.72,2.9688,1,0
-122.47,37.71,4.1939,1,0
-122.47,37.71,3.5156,1,0
-122.47,37.72,2.5333,1,0
-122.47,37.72,3.0,1,0
-122.47,37.72,4.5913,1,0
-122.45,37.72,2.9119,1,0
-122.45,37.71,4.2562,1,0
-122.46,37.71,4.1406,1,0
-122.46,37.71,2.875,1,0
-122.46,37.72,3.0703,1,0
-122.48,37.76,3.9758,1,0
-122.48,37.76,3.275,1,0
-122.48,37.76,3.9097,1,0
-122.48,37.76,4.0977,1,0
-122.48,37.76,4.1397,1,0
-122.48,37.76,4.4094,1,0
-122.49,37.76,5.8096,1,0
-122.49,37.76,3.5302,1,0
-122.49,37.76,3.5909,1,0
-122.49,37.76,4.0391,1,0
-122.49,37.76,3.5278,1,0
-122.49,37.76,4.3977,1,0
-122.49,37.76,4.3281,1,0
-122.48,37.75,4.4,1,0
-122.48,37.75,4.3393,1,0
-122.48,37.74,3.6859,1,0
-122.48,37.75,4.4375,1,0
-122.48,37.75,3.7734,1,0
-122.48,37.75,4.7703,1,0
-122.49,37.75,3.7361,1,0
-122.49,37.75,3.7054,1,0
-122.49,37.75,4.8036,1,0
-122.49,37.75,3.9205,1,0
-122.49,37.75,3.7562,1,0
-122.49,37.75,4.8516,1,0
-122.49,37.74,3.4583,1,0
-122.48,37.74,4.0208,1,0
-122.48,37.74,4.131,1,0
-122.48,37.74,3.9236,1,0
-122.49,37.73,6.2642,1,0
-122.49,37.74,3.8333,1,0
-122.49,37.74,4.3909,1,0
-122.49,37.74,4.5744,1,0
-122.48,37.73,5.1681,1,0
-122.48,37.73,5.2598,1,0
-122.49,37.73,5.1991,1,0
-122.49,37.73,3.9219,1,0
-122.49,37.73,5.6204,1,0
-122.48,37.73,3.1359,1,0
-122.47,37.72,3.2059,1,0
-122.48,37.71,3.5296,1,0
-122.48,37.72,4.1116,1,0
-122.48,37.72,3.2321,1,0
-122.5,37.76,3.7083,1,0
-122.5,37.76,3.1406,1,0
-122.5,37.76,3.9464,1,0
-122.5,37.76,3.8333,1,0
-122.5,37.76,4.5329,1,0
-122.5,37.75,4.1419,1,0
-122.5,37.75,4.0985,1,0
-122.51,37.76,2.8448,1,0
-122.51,37.76,3.0465,1,0
-122.51,37.76,3.2792,1,0
-122.5,37.76,4.2644,1,0
-122.5,37.76,3.3393,1,0
-122.5,37.75,4.3859,1,0
-122.5,37.75,3.4919,1,0
-122.54,37.76,3.96,1,0
-122.5,37.75,2.9632,1,0
-122.5,37.74,3.7969,1,0
-122.5,37.74,3.7552,1,0
-122.49,37.74,5.6826,1,0
-122.5,37.74,3.5,1,0
-122.5,37.74,3.875,1,0
-122.5,37.75,4.0217,1,0
-122.5,37.74,4.0625,1,0
-122.5,37.74,3.9583,1,0
-122.5,37.74,4.3611,1,0
-122.54,37.74,4.1786,1,0
-122.46,37.79,4.1029,1,0
-122.46,37.78,2.9293,1,0
-122.46,37.78,3.0265,1,0
-122.46,37.79,3.7419,1,0
-122.46,37.78,3.7887,1,0
-122.47,37.78,2.7431,1,0
-122.47,37.78,3.7292,1,0
-122.47,37.79,4.75,1,0
-122.47,37.79,2.8125,1,0
-122.47,37.79,3.9688,1,0
-122.47,37.78,3.5221,1,0
-122.47,37.78,4.1339,1,0
-122.48,37.78,3.129,1,0
-122.48,37.79,4.1148,1,0
-122.48,37.78,3.1653,1,0
-122.49,37.78,3.2028,1,0
-122.49,37.78,3.6148,1,0
-122.48,37.79,9.1881,1,0
-122.49,37.79,6.1407,1,0
-122.49,37.79,10.7058,1,0
-122.46,37.78,3.4236,1,0
-122.46,37.78,3.4605,1,0
-122.46,37.78,3.2396,1,0
-122.46,37.78,2.8553,1,0
-122.46,37.77,3.9375,1,0
-122.47,37.77,4.1635,1,0
-122.47,37.78,4.0652,1,0
-122.47,37.78,3.1989,1,0
-122.47,37.78,3.1392,1,0
-122.47,37.78,4.0208,1,0
-122.47,37.78,4.1856,1,0
-122.47,37.77,3.8571,1,0
-122.48,37.78,3.4883,1,0
-122.48,37.78,4.218,1,0
-122.48,37.77,3.8899,1,0
-122.48,37.78,3.5588,1,0
-122.48,37.78,3.5865,1,0
-122.49,37.78,3.0877,1,0
-122.49,37.78,3.0278,1,0
-122.49,37.77,3.7036,1,0
-122.5,37.77,4.125,1,0
-122.49,37.78,2.6719,1,0
-122.49,37.78,3.6429,1,0
-122.49,37.78,4.2414,1,0
-122.5,37.78,3.5833,1,0
-122.5,37.77,3.9954,1,0
-122.5,37.77,5.0562,1,0
-122.5,37.77,3.5833,1,0
-122.5,37.78,3.7167,1,0
-122.51,37.78,4.7328,1,0
-122.51,37.78,4.0353,1,0
-122.55,37.79,2.9201,1,0
-122.47,37.81,3.4051,1,0
-122.5,37.79,15.0001,1,2
-122.54,37.72,3.527,1,0
-122.42,37.72,1.2387,1,0
-122.36,37.72,2.7083,1,0
-122.39,37.74,10.2264,1,0
-122.4,37.75,6.1359,1,0
-122.38,37.71,4.2708,1,0
-122.4,37.71,3.3625,1,0
-121.28,37.96,0.9365,1,0
-121.28,37.95,1.1094,1,0
-121.28,37.95,1.2904,1,0
-121.29,37.96,1.2411,1,0
-121.29,37.96,0.8738,1,0
-121.29,37.95,0.7714,1,0
-121.3,37.95,2.2024,1,0
-121.29,37.95,0.7917,1,0
-121.3,37.96,1.7875,1,0
-121.31,37.96,2.3393,1,0
-121.29,37.97,1.2962,1,0
-121.29,37.96,1.3438,1,0
-121.29,37.96,1.3191,1,0
-121.3,37.96,1.125,1,0
-121.3,37.96,3.6591,1,0
-121.3,37.96,1.7788,1,0
-121.31,37.96,3.226,1,0
-121.31,37.96,3.3466,1,0
-121.28,37.97,1.65,1,0
-121.27,37.96,1.425,1,0
-121.27,37.95,1.7212,1,0
-121.27,37.95,1.8261,1,0
-121.27,37.94,1.7386,1,0
-121.28,37.94,1.4688,1,0
-121.28,37.94,1.7039,1,0
-121.29,37.95,0.696,1,0
-121.29,37.94,2.0303,1,0
-121.32,37.95,1.2625,1,0
-121.31,37.94,1.9531,1,0
-121.3,37.94,1.3417,1,0
-121.3,37.94,2.375,1,0
-121.32,37.94,2.625,1,0
-121.31,37.96,3.6094,1,0
-121.32,37.96,3.1845,1,0
-121.32,37.96,2.0398,1,0
-121.33,37.96,2.5488,1,0
-121.34,37.96,2.1284,1,0
-121.32,37.95,1.7885,1,0
-121.32,37.96,2.7656,1,0
-121.34,37.97,3.765,1,0
-121.34,37.96,3.0354,1,0
-121.35,37.97,3.1406,1,0
-121.36,37.96,3.9922,1,0
-121.35,37.96,5.8995,1,0
-121.32,37.98,3.066,1,0
-121.33,37.98,3.4625,1,0
-121.33,37.97,3.5404,1,0
-121.32,37.97,3.3235,1,0
-121.32,37.97,2.9107,1,0
-121.33,37.96,2.5195,1,0
-121.33,37.97,3.5703,1,0
-121.33,37.97,2.0043,1,0
-121.31,37.98,3.0625,1,0
-121.3,37.97,4.061,1,0
-121.31,37.97,5.1915,1,0
-121.31,37.97,3.6667,1,0
-121.29,37.98,2.625,1,0
-121.29,37.97,1.7794,1,0
-121.29,37.98,2.5043,1,0
-121.3,37.98,4.175,1,0
-121.3,37.97,2.2981,1,0
-121.29,37.99,3.4141,1,0
-121.29,37.99,1.5152,1,0
-121.3,37.99,2.6673,1,0
-121.3,37.98,2.6364,1,0
-121.28,37.99,2.8854,1,0
-121.26,37.98,2.1265,1,0
-121.27,37.98,2.5714,1,0
-121.27,37.98,2.6812,1,0
-121.28,37.98,2.1429,1,0
-121.29,37.99,1.6944,1,0
-121.27,37.97,1.1141,1,0
-121.26,37.96,2.5,1,0
-121.27,37.96,1.962,1,0
-121.27,37.96,2.5625,1,0
-121.26,37.98,0.9782,1,0
-121.25,37.98,1.5329,1,0
-121.26,37.97,2.5536,1,0
-121.25,37.97,1.7895,1,0
-121.26,37.96,2.3056,1,0
-121.26,37.97,3.0352,1,0
-121.25,37.97,2.0375,1,0
-121.26,37.96,1.7898,1,0
-121.25,37.95,2.0817,1,0
-121.26,37.95,1.725,1,0
-121.26,37.95,2.1583,1,0
-121.27,37.96,1.275,1,0
-121.26,37.96,2.5234,1,0
-121.25,37.96,2.4866,1,0
-121.24,37.96,1.9187,1,0
-121.25,37.95,1.9402,1,0
-121.24,37.95,3.7734,1,0
-121.25,37.94,1.7798,1,0
-121.24,37.94,2.8705,1,0
-121.24,37.93,2.0893,1,0
-121.25,37.94,2.3269,1,0
-121.25,37.93,2.0833,1,0
-121.26,37.93,1.4583,1,0
-121.26,37.94,1.7574,1,0
-121.27,37.93,2.125,1,0
-121.28,37.94,1.9375,1,0
-121.28,37.92,2.1705,1,0
-121.28,37.94,1.8814,1,0
-121.29,37.93,2.551,1,0
-121.29,37.93,2.7829,1,0
-121.28,37.93,2.1591,1,0
-121.28,37.92,2.4412,1,0
-121.29,37.92,3.1053,1,0
-121.28,37.91,1.69,1,0
-121.31,37.93,2.4667,1,0
-121.3,37.92,1.7694,1,0
-121.24,37.98,1.1964,1,0
-121.24,37.97,2.1991,1,0
-121.24,37.96,2.875,1,0
-121.23,37.96,1.6563,1,0
-121.23,37.96,1.5539,1,0
-121.23,37.95,2.625,1,0
-121.22,37.97,2.401,1,0
-121.22,37.96,1.9875,1,0
-121.22,37.96,2.625,1,0
-121.25,37.92,2.4097,1,0
-121.23,37.92,1.8958,1,0
-121.36,38.0,5.3224,1,0
-121.35,38.0,3.675,1,0
-121.35,38.0,3.4231,1,0
-121.37,38.01,10.0088,1,-1
-121.35,38.01,3.5982,1,0
-121.36,38.01,4.0221,1,0
-121.36,38.01,2.3339,1,0
-121.36,38.01,4.5278,1,0
-121.34,38.01,3.2872,1,0
-121.33,38.01,5.318,1,0
-121.34,38.0,4.0444,1,0
-121.33,38.0,3.2889,1,0
-121.33,38.01,5.9191,1,0
-121.32,38.01,2.6765,1,0
-121.32,38.01,2.7045,1,0
-121.32,38.0,2.0091,1,0
-121.32,38.0,2.213,1,0
-121.33,38.0,3.1369,1,0
-121.33,37.99,2.5,1,0
-121.34,37.99,3.9615,1,0
-121.34,37.99,6.556,1,0
-121.31,37.99,1.3729,1,0
-121.32,37.98,1.3531,1,0
-121.33,37.98,5.143,1,0
-121.33,37.98,2.7031,1,0
-121.36,37.99,4.2589,1,0
-121.34,37.98,5.3002,1,0
-121.33,38.02,4.3008,1,0
-121.34,38.02,5.1202,1,0
-121.33,38.02,3.1827,1,0
-121.33,38.02,4.3008,1,0
-121.34,38.03,4.4063,1,0
-121.33,38.03,4.918,1,0
-121.36,38.04,5.5427,1,0
-121.35,38.04,5.5842,1,0
-121.35,38.04,3.7206,1,0
-121.36,38.04,5.0285,1,0
-121.34,38.05,5.6147,1,0
-121.34,38.04,3.6083,1,0
-121.33,38.04,4.6477,1,0
-121.33,38.03,2.2961,1,0
-121.32,38.03,4.875,1,0
-121.33,38.04,4.5179,1,0
-121.33,38.04,5.1878,1,0
-121.35,38.03,5.7201,1,0
-121.34,38.03,4.9861,1,0
-121.35,38.02,2.8403,1,0
-121.35,38.03,4.1739,1,0
-121.36,38.03,3.7375,1,0
-121.35,38.02,3.428,1,0
-121.36,38.02,4.1719,1,0
-121.36,38.03,3.5684,1,0
-121.32,38.04,4.5,1,0
-121.31,38.03,3.7413,1,0
-121.32,38.03,2.5742,1,0
-121.32,38.02,3.5379,1,0
-121.31,38.03,2.5212,1,0
-121.29,38.0,1.9698,1,0
-121.31,37.99,1.886,1,0
-121.3,38.0,1.7774,1,0
-121.3,38.01,3.2788,1,0
-121.3,38.0,2.6495,1,0
-121.31,38.0,4.3958,1,0
-121.31,38.0,3.9792,1,0
-121.31,38.02,2.7981,1,0
-121.3,38.01,3.994,1,0
-121.32,38.02,3.0729,1,0
-121.31,38.01,2.8348,1,0
-121.31,38.01,1.4274,1,0
-121.3,38.04,4.0156,1,0
-121.3,38.03,3.1471,1,0
-121.3,38.03,4.0227,1,0
-121.29,38.04,3.1779,1,0
-121.29,38.03,2.2672,1,0
-121.28,38.03,3.0907,1,0
-121.29,38.03,2.5842,1,0
-121.28,38.03,3.9265,1,0
-121.29,38.02,2.5437,1,0
-121.3,38.02,2.5473,1,0
-121.3,38.03,2.505,1,0
-121.3,38.02,2.8523,1,0
-121.29,38.0,2.375,1,0
-121.29,38.01,4.4871,1,0
-121.28,38.02,3.175,1,0
-121.29,38.01,3.75,1,0
-121.27,38.05,3.4107,1,0
-121.27,38.02,2.9821,1,0
-121.3,38.05,1.15,1,0
-121.25,38.05,3.5735,1,0
-121.25,38.04,4.9861,1,0
-121.25,38.01,2.6994,1,0
-121.23,38.04,6.1805,1,0
-121.22,38.04,5.5376,1,0
-121.25,38.03,6.6605,1,0
-121.22,38.0,2.8167,1,0
-121.24,38.01,2.4342,1,0
-121.25,38.0,2.8958,1,0
-121.26,37.99,2.3333,1,0
-121.24,38.0,2.4688,1,0
-121.23,37.99,5.5693,1,0
-121.23,37.98,5.0362,1,0
-121.2,37.97,6.0582,1,0
-121.19,38.04,3.225,1,0
-121.16,38.03,1.4732,1,0
-121.2,38.02,3.3882,1,0
-121.18,37.99,2.4674,1,0
-121.17,37.97,3.6389,1,0
-121.23,37.95,2.7958,1,0
-121.19,37.93,2.1513,1,0
-121.23,37.94,1.125,1,0
-121.22,37.93,4.75,1,0
-121.22,37.95,2.8676,1,0
-121.18,37.96,2.5625,1,0
-121.24,37.9,2.625,1,0
-121.26,37.88,3.1719,1,0
-121.28,37.9,0.9614,1,0
-121.27,37.88,1.6458,1,0
-121.27,37.87,2.9531,1,0
-121.31,37.9,2.9,1,0
-121.29,37.89,5.7485,1,0
-121.29,37.87,2.6563,1,0
-121.23,37.87,3.65,1,0
-121.49,37.94,2.2891,1,0
-121.38,37.88,2.6842,1,0
-121.47,38.13,2.2619,1,0
-121.42,38.22,2.0284,1,0
-121.36,38.15,4.3553,1,0
-121.32,38.16,3.5,1,0
-121.32,38.13,5.5942,1,0
-121.35,38.09,5.5057,1,0
-121.32,38.15,3.9323,1,0
-121.23,38.12,3.95,1,0
-121.23,38.11,3.6312,1,0
-121.23,38.09,6.4562,1,0
-121.26,38.09,2.0625,1,0
-121.3,38.09,2.0694,1,0
-121.29,38.07,3.1917,1,0
-121.25,38.07,3.0592,1,0
-121.29,38.14,3.875,1,0
-121.3,38.14,3.2123,1,0
-121.29,38.14,3.2338,1,0
-121.29,38.14,2.515,1,0
-121.29,38.13,2.3917,1,0
-121.3,38.13,2.8942,1,0
-121.3,38.13,3.2303,1,0
-121.29,38.15,4.8787,1,0
-121.28,38.14,3.3987,1,0
-121.27,38.14,2.2883,1,0
-121.27,38.14,2.125,1,0
-121.28,38.14,4.119,1,0
-121.28,38.13,4.0625,1,0
-121.27,38.13,2.1979,1,0
-121.27,38.13,2.1771,1,0
-121.28,38.13,2.5401,1,0
-121.28,38.12,2.8237,1,0
-121.27,38.12,2.4949,1,0
-121.29,38.13,5.0,1,0
-121.3,38.13,5.0528,1,0
-121.29,38.12,3.9607,1,0
-121.3,38.12,7.6889,1,-1
-121.3,38.11,4.196,1,0
-121.27,38.11,2.4482,1,0
-121.28,38.11,3.8825,1,0
-121.27,38.11,3.8672,1,0
-121.28,38.1,2.5556,1,0
-121.29,38.1,3.775,1,0
-121.27,38.13,1.9238,1,0
-121.27,38.12,2.5587,1,0
-121.26,38.13,2.2188,1,0
-121.26,38.12,1.8575,1,0
-121.25,38.13,3.2993,1,0
-121.26,38.11,4.2448,1,0
-121.26,38.11,3.1284,1,0
-121.25,38.14,2.3,1,0
-121.26,38.14,3.5333,1,0
-121.27,38.13,1.75,1,0
-121.26,38.13,2.0875,1,0
-121.24,38.22,3.3929,1,0
-121.22,38.16,3.475,1,0
-121.28,38.17,4.0924,1,0
-121.32,38.21,3.6398,1,0
-121.16,38.16,2.4906,1,0
-121.14,38.16,3.5774,1,0
-121.06,38.25,3.6528,1,0
-121.15,38.21,4.0365,1,0
-121.05,38.14,2.9875,1,0
-121.09,38.19,2.4545,1,0
-121.19,38.13,3.7687,1,0
-121.18,38.07,4.8125,1,0
-120.97,38.0,4.7069,1,0
-121.05,37.93,3.275,1,0
-121.11,38.04,2.9241,1,0
-121.09,38.03,4.517,1,0
-121.12,38.0,3.4265,1,0
-120.99,37.8,2.9083,1,0
-121.0,37.8,3.6107,1,0
-120.98,37.79,2.7857,1,0
-120.97,37.84,2.883,1,0
-120.96,37.77,3.8534,1,0
-121.04,37.78,2.5643,1,0
-121.06,37.86,2.683,1,0
-121.13,37.74,2.4598,1,0
-121.13,37.74,3.4643,1,0
-121.12,37.73,2.3924,1,0
-121.13,37.74,3.6016,1,0
-121.13,37.73,3.3158,1,0
-121.11,37.74,4.4213,1,0
-121.1,37.8,3.3578,1,0
-121.11,37.76,4.1833,1,0
-121.16,37.73,3.4426,1,0
-121.25,37.76,3.4009,1,0
-121.22,37.72,2.6368,1,0
-121.22,37.81,3.6378,1,0
-121.22,37.8,2.1186,1,0
-121.22,37.8,2.125,1,0
-121.21,37.81,2.995,1,0
-121.21,37.8,2.7443,1,0
-121.21,37.8,2.1786,1,0
-121.21,37.8,1.4853,1,0
-121.21,37.79,1.6724,1,0
-121.21,37.8,2.6053,1,0
-121.21,37.81,5.193,1,0
-121.2,37.8,3.7546,1,0
-121.2,37.8,3.5625,1,0
-121.2,37.79,2.4798,1,0
-121.2,37.8,4.0972,1,0
-121.21,37.81,5.0369,1,0
-121.17,37.88,3.5365,1,0
-121.17,37.82,3.8472,1,0
-121.2,37.83,4.4423,1,0
-121.2,37.81,7.3718,1,0
-121.19,37.81,2.7321,1,0
-121.18,37.79,1.9464,1,0
-121.2,37.78,3.375,1,0
-121.23,37.78,4.8229,1,0
-121.24,37.79,4.075,1,0
-121.27,37.79,2.7083,1,0
-121.22,37.8,1.6111,1,0
-121.22,37.79,1.7228,1,0
-121.22,37.79,2.5025,1,0
-121.23,37.79,4.0815,1,0
-121.22,37.79,4.4766,1,0
-121.23,37.79,2.7734,1,0
-121.23,37.8,2.2254,1,0
-121.24,37.81,3.5595,1,0
-121.23,37.81,4.2431,1,0
-121.22,37.81,4.0125,1,0
-121.22,37.82,3.1964,1,0
-121.23,37.81,5.5591,1,0
-121.23,37.82,4.6821,1,0
-121.23,37.82,4.9271,1,0
-121.23,37.84,4.0208,1,0
-121.24,37.82,5.1047,1,0
-121.3,37.85,2.2391,1,0
-121.31,37.81,3.1429,1,0
-121.29,37.8,3.7292,1,0
-121.27,37.82,2.6458,1,0
-121.28,37.83,2.5156,1,0
-121.28,37.82,3.65,1,0
-121.37,37.77,4.1298,1,0
-121.4,37.74,4.15,1,0
-121.43,37.78,2.6181,1,0
-121.48,37.77,5.0176,1,0
-121.52,37.75,4.3229,1,0
-121.46,37.73,5.1629,1,0
-121.45,37.72,5.75,1,0
-121.44,37.7,6.0389,1,0
-121.42,37.71,4.3696,1,0
-121.42,37.76,4.1855,1,0
-121.42,37.75,3.5242,1,0
-121.42,37.74,4.8021,1,0
-121.42,37.74,2.825,1,0
-121.42,37.74,3.15,1,0
-121.42,37.75,4.3687,1,0
-121.43,37.75,3.1333,1,0
-121.43,37.75,2.75,1,0
-121.43,37.75,3.3611,1,0
-121.43,37.74,3.0865,1,0
-121.43,37.74,3.5789,1,0
-121.43,37.75,2.1424,1,0
-121.43,37.76,3.6312,1,0
-121.44,37.76,5.0443,1,0
-121.45,37.75,4.6173,1,0
-121.44,37.74,3.5096,1,0
-121.44,37.75,4.2768,1,0
-121.44,37.75,3.4821,1,0
-121.42,37.74,1.1957,1,0
-121.43,37.74,1.6937,1,0
-121.43,37.74,1.725,1,0
-121.44,37.74,3.1319,1,0
-121.44,37.73,5.3321,1,0
-121.43,37.73,2.9955,1,0
-121.42,37.73,5.9934,1,0
-121.29,37.72,1.9792,1,0
-121.32,37.67,4.3015,1,0
-121.47,37.58,4.6625,1,0
-120.9,35.69,3.8158,1,0
-120.93,35.76,3.23,1,0
-120.7,35.76,2.2165,1,0
-120.69,35.65,1.6303,1,0
-120.69,35.64,2.0076,1,0
-120.69,35.62,2.4567,1,0
-120.69,35.62,2.9167,1,0
-120.72,35.63,3.3472,1,0
-120.67,35.63,4.2841,1,0
-120.67,35.62,3.8661,1,0
-120.63,35.59,2.6528,1,0
-120.64,35.65,2.9926,1,0
-120.47,35.74,3.7303,1,0
-120.29,35.56,2.811,1,0
-120.6,35.6,4.475,1,0
-121.11,35.52,3.24,1,0
-121.14,35.55,3.8019,1,0
-121.12,35.58,3.4799,1,0
-120.92,35.4,3.6908,1,0
-120.85,35.38,2.3075,1,0
-120.86,35.39,2.7344,1,0
-120.86,35.4,2.7043,1,0
-120.87,35.41,3.0187,1,0
-120.94,35.42,3.7738,1,0
-120.95,35.44,2.6864,1,0
-120.85,35.37,2.8173,1,0
-120.83,35.36,2.7266,1,0
-120.84,35.35,2.6205,1,0
-120.84,35.37,2.5552,1,0
-120.89,35.37,1.65,1,0
-120.84,35.33,3.6412,1,0
-120.83,35.33,4.4766,1,0
-120.82,35.32,3.3958,1,0
-120.83,35.32,3.2226,1,0
-120.84,35.32,3.4762,1,0
-120.9,35.33,3.588,1,0
-120.84,35.32,3.526,1,0
-120.84,35.31,2.8493,1,0
-120.84,35.3,4.9359,1,0
-120.82,35.31,2.5172,1,0
-120.8,35.33,3.587,1,0
-121.1,35.6,3.2112,1,0
-120.65,35.29,3.1818,1,0
-120.66,35.29,1.9647,1,0
-120.66,35.29,1.7031,1,0
-120.67,35.3,0.7025,1,-1
-120.65,35.32,1.0298,1,0
-120.62,35.28,6.3144,1,-1
-120.65,35.29,1.4492,1,0
-120.65,35.28,2.5455,1,0
-120.65,35.27,4.2411,1,0
-120.65,35.27,2.5129,1,0
-120.64,35.26,2.1507,1,0
-120.63,35.27,5.156,1,0
-120.66,35.29,2.084,1,0
-120.66,35.28,1.4036,1,0
-120.66,35.28,2.1786,1,0
-120.65,35.27,2.6208,1,0
-120.66,35.27,2.8009,1,0
-120.66,35.27,1.6875,1,0
-120.66,35.27,3.7337,1,0
-120.66,35.26,2.2656,1,0
-120.67,35.3,2.2165,1,0
-120.7,35.31,4.6719,1,0
-120.68,35.29,3.25,1,0
-120.69,35.28,2.2847,1,0
-120.67,35.29,3.0833,1,0
-120.69,35.26,4.625,1,0
-120.7,35.28,4.6071,1,0
-120.71,35.27,5.4287,1,0
-120.68,35.26,3.2464,1,0
-120.69,35.25,2.794,1,0
-120.7,35.32,4.2639,1,0
-120.52,35.24,5.0267,0,0
-120.68,35.25,2.2868,1,0
-120.69,35.34,1.6563,1,0
-120.81,35.19,3.7635,1,0
-120.66,35.2,5.9676,1,-1
-120.7,35.14,3.5352,1,0
-120.68,35.14,3.0938,1,0
-120.66,35.13,1.9653,1,0
-120.63,35.13,1.7878,1,0
-120.64,35.15,4.849,0,0
-120.59,35.13,4.6776,0,0
-120.56,35.13,4.4033,0,0
-120.57,35.12,2.8824,0,0
-120.57,35.11,3.5242,0,0
-120.59,35.11,3.155,0,0
-120.6,35.12,3.4509,0,0
-120.61,35.12,2.5792,1,0
-120.59,35.12,2.1702,1,0
-120.6,35.11,2.2625,1,0
-120.59,35.11,3.5744,0,0
-120.61,35.12,2.6974,1,0
-120.61,35.13,2.7301,1,0
-120.61,35.12,2.9821,0,0
-120.61,35.11,3.3062,0,0
-120.65,35.12,2.9615,1,0
-120.62,35.13,2.7128,1,0
-120.62,35.11,2.0292,1,0
-120.62,35.12,2.655,1,0
-120.66,35.1,2.1042,1,0
-120.61,35.1,2.4003,0,0
-120.61,35.1,3.0536,0,0
-120.6,35.1,2.6875,0,0
-120.58,35.0,1.4726,0,0
-120.61,35.06,4.6167,0,0
-120.56,35.07,3.3603,0,0
-120.52,35.06,4.3611,0,0
-120.3,35.1,4.5461,0,0
-120.43,35.17,3.851,0,0
-120.57,35.18,4.0403,0,0
-120.48,35.05,2.8203,0,0
-120.47,35.04,2.9375,0,0
-120.5,35.03,3.5682,0,0
-120.48,35.02,2.9798,0,0
-120.69,35.52,2.925,1,0
-120.68,35.51,4.3218,1,0
-120.68,35.5,3.7672,1,0
-120.67,35.5,3.2813,1,0
-120.66,35.5,3.3125,1,0
-120.66,35.49,2.8285,1,0
-120.65,35.48,3.225,1,0
-120.64,35.46,2.5437,1,0
-120.69,35.49,4.1375,1,0
-120.68,35.48,2.7798,1,0
-120.67,35.48,3.3438,1,0
-120.66,35.47,3.9063,1,0
-120.66,35.46,4.5179,1,0
-120.7,35.55,3.5,1,0
-120.76,35.52,3.6667,1,0
-120.71,35.5,5.2508,1,0
-120.56,35.48,5.0947,1,0
-119.93,35.2,3.0602,0,0
-120.49,35.35,3.1641,1,0
-120.65,35.41,4.1875,1,0
-120.64,35.47,2.1154,1,0
-122.4,37.68,3.3816,1,0
-122.4,37.68,4.1146,1,0
-122.32,37.69,5.966,1,0
-122.41,37.7,2.4113,1,0
-122.42,37.71,3.6827,1,0
-122.43,37.71,4.6098,1,0
-122.43,37.7,4.7708,1,0
-122.44,37.7,4.9318,1,0
-122.45,37.7,4.0125,1,0
-122.45,37.71,4.5417,1,0
-122.45,37.71,4.7639,1,0
-122.45,37.7,5.1788,1,0
-122.46,37.7,3.5035,1,0
-122.46,37.69,4.0833,1,0
-122.46,37.7,3.3214,1,0
-122.47,37.7,3.6588,1,0
-122.46,37.71,2.483,1,0
-122.46,37.71,3.65,1,0
-122.46,37.7,3.84,1,0
-122.47,37.7,4.5341,1,0
-122.47,37.71,3.5,1,0
-122.46,37.71,3.1958,1,0
-122.48,37.7,3.049,1,0
-122.48,37.7,3.0546,1,0
-122.48,37.71,5.1149,1,0
-122.48,37.71,6.1278,1,0
-122.54,37.7,4.2472,1,0
-122.49,37.67,4.6771,1,0
-122.49,37.68,5.0659,1,0
-122.49,37.67,5.2848,1,0
-122.49,37.7,5.2811,1,0
-122.49,37.69,4.5,1,0
-122.48,37.69,3.4492,1,0
-122.49,37.69,4.9375,1,0
-122.49,37.69,4.7391,1,0
-122.47,37.7,3.775,1,0
-122.47,37.69,3.449,1,0
-122.47,37.69,4.875,1,0
-122.48,37.69,4.4821,1,0
-122.48,37.69,4.2421,1,0
-122.46,37.69,3.4375,1,0
-122.46,37.68,2.9413,1,0
-122.47,37.69,3.5909,1,0
-122.47,37.69,4.6447,1,0
-122.47,37.68,4.5337,1,0
-122.48,37.68,5.5647,1,0
-122.48,37.67,3.3906,1,0
-122.48,37.67,5.1054,1,0
-122.49,37.68,5.3311,1,0
-122.48,37.67,2.964,1,0
-122.45,37.69,3.0625,1,0
-122.45,37.67,4.4286,1,0
-122.47,37.67,5.5845,1,0
-122.47,37.66,5.7535,1,0
-122.46,37.67,4.1303,1,0
-122.46,37.66,5.4221,1,0
-122.46,37.65,5.2573,1,0
-122.45,37.67,4.7813,1,0
-122.45,37.66,5.3446,1,0
-122.46,37.66,5.3398,1,0
-122.45,37.66,4.7755,1,0
-122.44,37.65,3.9722,1,0
-122.43,37.66,4.3039,1,0
-122.44,37.66,3.1927,1,0
-122.44,37.66,4.7639,1,0
-122.44,37.67,4.425,1,0
-122.42,37.67,5.1205,1,0
-122.41,37.66,3.8438,1,0
-122.42,37.66,4.7361,1,0
-122.42,37.66,4.9236,1,0
-122.42,37.66,4.125,1,0
-122.41,37.66,4.475,1,0
-122.41,37.66,3.0052,1,0
-122.41,37.66,3.6667,1,0
-122.41,37.66,4.6103,1,0
-122.41,37.66,3.2833,1,0
-122.41,37.65,3.5039,1,0
-122.42,37.66,2.6631,1,0
-122.43,37.66,4.5493,1,0
-122.42,37.65,3.8565,1,0
-122.43,37.64,4.1033,1,0
-122.43,37.64,4.207,1,0
-122.45,37.64,6.2498,1,0
-122.46,37.64,5.3922,1,0
-122.46,37.65,4.8096,1,0
-122.46,37.64,4.5938,1,0
-122.47,37.65,4.6452,1,0
-122.53,37.66,5.4694,1,0
-122.53,37.65,4.0556,1,0
-122.48,37.65,4.2593,1,0
-122.49,37.63,5.155,1,0
-122.49,37.63,3.525,1,0
-122.49,37.63,3.2446,1,0
-122.53,37.63,2.9087,1,0
-122.48,37.64,12.5,1,0
-122.47,37.61,5.4364,1,0
-122.54,37.62,4.4286,1,0
-122.49,37.59,5.1282,1,0
-122.5,37.59,4.3542,1,0
-122.5,37.6,4.25,1,0
-122.55,37.59,4.1827,1,0
-122.51,37.58,2.2375,1,0
-122.49,37.6,4.0795,1,0
-122.48,37.59,5.3991,1,0
-122.48,37.57,4.5556,1,0
-122.46,37.59,5.7653,1,0
-122.46,37.63,5.0479,1,0
-122.45,37.62,6.7206,1,0
-122.45,37.63,5.748,1,0
-122.44,37.63,4.7625,1,0
-122.43,37.63,4.9732,1,0
-122.43,37.61,4.1692,1,0
-122.41,37.62,4.25,1,0
-122.41,37.61,3.8214,1,0
-122.42,37.61,4.7,1,0
-122.42,37.62,6.3443,1,0
-122.42,37.62,4.4643,1,0
-122.42,37.61,4.1513,1,0
-122.42,37.63,3.43,1,0
-122.42,37.62,4.8295,1,0
-122.42,37.62,4.8,1,0
-122.42,37.62,4.4091,1,0
-122.41,37.62,3.2216,1,0
-122.4,37.62,3.1058,1,0
-122.41,37.63,2.639,1,0
-122.42,37.64,2.225,1,0
-122.43,37.63,3.5214,1,0
-122.42,37.63,2.375,1,0
-122.41,37.63,4.2262,1,0
-122.41,37.63,3.0,1,0
-122.4,37.62,4.0238,1,0
-122.41,37.64,4.4464,1,0
-122.4,37.61,3.1628,1,0
-122.38,37.6,3.3632,1,0
-122.39,37.6,2.56,1,0
-122.41,37.61,5.7398,1,0
-122.41,37.61,4.7381,1,0
-122.41,37.6,4.1364,1,0
-122.42,37.6,5.8783,1,0
-122.41,37.6,6.3719,1,0
-122.41,37.59,6.2946,1,0
-122.41,37.59,5.6493,1,0
-122.4,37.6,3.5817,1,0
-122.4,37.6,6.221,1,0
-122.39,37.6,4.652,1,0
-122.39,37.6,4.375,1,0
-122.39,37.59,6.1323,1,0
-122.4,37.59,6.2306,1,0
-122.38,37.59,3.0744,1,0
-122.38,37.59,4.6628,1,0
-122.39,37.58,7.8997,1,0
-122.4,37.58,6.358,1,0
-122.39,37.59,6.0374,1,0
-122.39,37.57,6.4865,1,0
-122.37,37.6,5.048,1,0
-122.37,37.59,3.4412,1,0
-122.38,37.59,5.7837,1,0
-122.37,37.59,5.7245,1,0
-122.37,37.58,4.4,1,0
-122.38,37.58,8.4704,1,0
-122.38,37.58,6.471,1,0
-122.36,37.58,5.0756,1,0
-122.36,37.58,4.0987,1,0
-122.37,37.58,4.7404,1,0
-122.37,37.58,4.5486,1,0
-122.34,37.59,5.6206,1,0
-122.33,37.58,4.7917,1,0
-122.34,37.58,3.8413,1,0
-122.35,37.58,4.0855,1,0
-122.36,37.59,3.5125,1,0
-122.35,37.58,3.3469,1,0
-122.35,37.58,2.8393,1,0
-122.34,37.57,4.2407,1,0
-122.35,37.57,4.97,1,0
-122.37,37.58,12.4291,1,0
-122.36,37.57,10.7339,1,0
-122.36,37.56,15.0001,1,2
-122.37,37.56,11.6833,1,0
-122.34,37.56,12.6417,1,0
-122.34,37.55,13.3913,1,-1
-122.36,37.54,10.1675,1,0
-122.35,37.56,14.4219,1,-1
-122.34,37.57,7.0422,1,0
-122.34,37.57,8.2598,1,0
-122.35,37.57,10.4286,1,0
-122.34,37.57,3.9728,1,0
-122.33,37.57,3.1111,1,0
-122.33,37.57,3.4333,1,0
-122.33,37.58,3.4836,1,0
-122.33,37.58,3.38,1,0
-122.31,37.6,3.6811,1,0
-122.31,37.58,3.9696,1,0
-122.31,37.57,4.1875,1,0
-122.33,37.58,2.7474,1,0
-122.32,37.57,3.2891,1,0
-122.32,37.57,3.2285,1,0
-122.32,37.57,2.9934,1,0
-122.31,37.57,3.7422,1,0
-122.32,37.56,2.8571,1,0
-122.33,37.57,3.625,1,0
-122.32,37.56,3.8317,1,0
-122.33,37.56,3.4902,1,0
-122.32,37.56,5.549,1,0
-122.32,37.56,3.162,1,0
-122.33,37.56,10.0743,1,0
-122.32,37.55,4.6406,1,0
-122.33,37.55,9.3694,1,0
-122.34,37.55,6.9533,1,0
-122.31,37.56,3.9688,1,0
-122.31,37.55,3.25,1,0
-122.32,37.55,4.8068,1,0
-122.32,37.55,4.4583,1,0
-122.33,37.55,6.1349,1,0
-122.32,37.54,5.0774,1,0
-122.34,37.53,7.3081,1,0
-122.33,37.53,6.7042,1,0
-122.35,37.53,7.7743,1,0
-122.34,37.52,6.6959,1,0
-122.33,37.53,4.0417,1,0
-122.32,37.52,6.3892,1,0
-122.3,37.53,5.4351,1,0
-122.3,37.53,6.0,1,0
-122.3,37.53,5.3261,1,0
-122.31,37.52,6.8336,1,0
-122.31,37.53,5.9539,1,0
-122.3,37.54,2.9405,1,0
-122.3,37.53,4.5116,1,0
-122.29,37.53,5.012,1,0
-122.31,37.54,5.539,1,0
-122.31,37.54,4.75,1,0
-122.31,37.53,4.6125,1,0
-122.32,37.53,5.779,1,0
-122.31,37.55,3.9722,1,0
-122.31,37.54,4.163,1,0
-122.31,37.54,4.0726,1,0
-122.31,37.54,3.1842,1,0
-122.3,37.55,3.9833,1,0
-122.31,37.55,2.6159,1,0
-122.31,37.56,4.2955,1,0
-122.31,37.56,4.7917,1,0
-122.31,37.56,4.9013,1,0
-122.31,37.56,3.32,1,0
-122.31,37.57,4.0,1,0
-122.31,37.57,4.6371,1,0
-122.3,37.57,5.033,1,0
-122.3,37.56,4.7344,1,0
-122.3,37.57,4.7917,1,0
-122.29,37.56,5.3683,1,0
-122.3,37.56,5.5381,1,0
-122.29,37.56,5.8221,1,0
-122.3,37.56,5.5184,1,0
-122.29,37.56,5.0353,1,0
-122.26,37.55,5.9572,1,0
-122.26,37.55,4.7045,1,0
-122.27,37.55,6.7474,1,0
-122.26,37.54,7.2477,1,0
-122.27,37.55,8.1221,1,0
-122.28,37.55,6.1228,1,0
-122.27,37.56,4.9434,1,0
-122.27,37.56,5.6936,1,0
-122.26,37.54,5.3247,1,0
-122.26,37.54,9.1415,1,0
-122.26,37.54,6.9635,1,0
-122.27,37.54,6.035,1,0
-122.27,37.54,7.3644,1,0
-122.27,37.54,8.9083,1,0
-122.26,37.56,5.6683,1,0
-122.26,37.57,6.5948,1,0
-122.25,37.56,5.6396,1,0
-122.29,37.55,4.39,1,0
-122.28,37.54,3.9699,1,0
-122.29,37.54,4.9091,1,0
-122.28,37.54,5.1701,1,0
-122.29,37.54,5.0081,1,0
-122.29,37.54,4.9464,1,0
-122.29,37.53,3.0278,1,0
-122.28,37.53,4.8047,1,0
-122.28,37.53,5.1207,1,0
-122.27,37.53,3.5,1,0
-122.28,37.53,3.5445,1,0
-122.29,37.52,5.3506,1,0
-122.28,37.52,4.0801,1,0
-122.28,37.52,4.0313,1,0
-122.28,37.52,5.4719,1,0
-122.29,37.52,6.8787,1,0
-122.3,37.52,5.5902,1,0
-122.3,37.51,5.4322,1,0
-122.3,37.52,8.1039,1,0
-122.31,37.52,7.7364,1,0
-122.32,37.52,8.4693,1,0
-122.31,37.5,4.3939,1,0
-122.27,37.52,3.7,1,0
-122.27,37.51,5.8964,1,0
-122.29,37.51,6.1004,1,0
-122.26,37.52,3.0833,1,0
-122.26,37.51,5.3264,1,0
-122.25,37.51,4.8382,1,0
-122.25,37.5,4.7708,1,0
-122.27,37.51,4.5075,1,0
-122.26,37.51,2.7075,1,0
-122.26,37.5,3.6111,1,0
-122.26,37.5,3.7045,1,0
-122.25,37.5,4.95,1,0
-122.25,37.49,4.224,1,0
-122.25,37.49,4.6366,1,0
-122.25,37.49,6.142,1,0
-122.26,37.5,5.6271,1,0
-122.28,37.51,6.1064,1,0
-122.28,37.5,7.4787,1,0
-122.28,37.49,6.5475,1,0
-122.28,37.49,6.912,1,0
-122.27,37.48,8.5184,1,0
-122.26,37.48,5.6038,1,0
-122.29,37.48,7.4678,1,0
-122.27,37.47,6.7058,1,0
-122.26,37.46,7.0001,1,0
-122.28,37.47,6.8879,1,0
-122.24,37.47,5.1071,1,0
-122.25,37.48,5.0863,1,0
-122.24,37.47,6.1244,1,0
-122.25,37.47,5.4688,1,0
-122.25,37.47,5.9062,1,0
-122.25,37.48,7.1621,1,0
-122.24,37.48,4.8966,1,0
-122.24,37.48,3.5322,1,0
-122.24,37.48,6.2154,1,0
-122.24,37.49,3.7463,1,0
-122.24,37.49,3.8684,1,0
-122.21,37.48,2.8482,1,0
-122.23,37.49,2.3333,1,0
-122.21,37.49,2.2746,1,0
-122.22,37.48,2.8058,1,0
-122.22,37.48,2.56,1,0
-122.24,37.49,2.5833,1,0
-122.24,37.55,6.7413,1,0
-122.25,37.53,7.6864,1,0
-122.26,37.53,6.2007,1,0
-122.25,37.52,4.3594,1,0
-122.21,37.52,2.7399,1,0
-122.19,37.48,4.1776,1,0
-122.21,37.48,2.9286,1,0
-122.21,37.48,3.0147,1,0
-122.2,37.48,1.9844,1,0
-122.2,37.48,5.1654,1,0
-122.2,37.48,3.4427,1,0
-122.19,37.48,4.2708,1,0
-122.19,37.48,4.5568,1,0
-122.19,37.47,4.8068,1,0
-122.2,37.47,4.2083,1,0
-122.2,37.47,3.1989,1,0
-122.2,37.47,2.8258,1,0
-122.21,37.47,2.92,1,0
-122.21,37.47,3.0472,1,0
-122.21,37.47,3.2708,1,0
-122.22,37.47,3.3268,1,0
-122.22,37.47,2.5,1,0
-122.22,37.47,3.1864,1,0
-122.23,37.48,3.3015,1,0
-122.23,37.47,3.623,1,0
-122.23,37.48,2.7969,1,0
-122.24,37.47,4.5556,1,0
-122.24,37.47,3.929,1,0
-122.23,37.46,4.2232,1,0
-122.23,37.46,4.4167,1,0
-122.25,37.46,7.1088,1,0
-122.24,37.46,6.1043,1,0
-122.26,37.45,5.9285,1,0
-122.23,37.46,5.6629,1,0
-122.22,37.46,4.3214,1,0
-122.23,37.45,5.0457,1,0
-122.23,37.45,7.7932,1,0
-122.22,37.46,6.0255,1,0
-122.2,37.46,9.8892,1,0
-122.2,37.44,15.0001,1,2
-122.22,37.44,15.0001,1,2
-122.21,37.46,10.8758,1,0
-122.21,37.46,15.0001,1,2
-122.18,37.46,15.0001,1,2
-122.2,37.47,9.9025,1,0
-122.18,37.47,13.367,1,-1
-122.16,37.47,5.397,1,0
-122.17,37.48,5.9629,1,0
-122.16,37.47,2.6506,1,0
-122.16,37.48,2.3769,1,0
-122.14,37.5,15.0001,1,2
-122.14,37.48,4.0039,1,0
-122.14,37.47,3.7917,1,0
-122.12,37.48,3.8194,1,0
-122.13,37.47,5.0893,1,0
-122.13,37.46,2.5294,1,0
-122.13,37.46,3.7312,1,0
-122.12,37.45,2.0096,1,0
-122.13,37.46,3.2642,1,0
-122.13,37.47,4.983,1,0
-122.14,37.47,2.8868,1,0
-122.15,37.47,2.7993,1,0
-122.15,37.47,3.0521,1,0
-122.15,37.46,3.6712,1,0
-122.14,37.46,2.4375,1,0
-122.15,37.47,5.6407,1,0
-122.15,37.46,5.6234,1,0
-122.16,37.46,6.227,1,0
-122.16,37.45,7.6129,1,0
-122.16,37.46,4.2667,1,0
-122.17,37.46,9.459,1,0
-122.19,37.46,4.1985,1,0
-122.17,37.45,4.4531,1,0
-122.17,37.45,5.1995,1,0
-122.18,37.45,4.4688,1,0
-122.18,37.45,4.0,1,0
-122.19,37.45,5.1032,1,0
-122.18,37.44,8.2436,1,0
-122.19,37.44,9.3198,1,0
-122.19,37.44,8.9955,1,0
-122.2,37.43,7.3681,1,0
-122.21,37.44,4.6908,1,0
-122.2,37.43,5.2421,1,0
-122.19,37.43,6.6136,1,0
-122.2,37.43,5.2391,1,0
-122.21,37.43,8.6963,1,0
-122.21,37.43,5.7211,1,0
-122.23,37.42,7.4542,1,0
-122.19,37.42,8.4375,1,0
-122.21,37.43,9.7796,1,0
-122.21,37.42,11.9666,1,0
-122.2,37.4,8.2782,1,0
-122.2,37.4,10.0481,1,0
-122.21,37.38,11.3176,1,0
-122.2,37.35,13.2986,1,-1
-122.21,37.37,8.2883,1,0
-122.22,37.37,5.1831,1,0
-122.22,37.36,8.7382,1,0
-122.22,37.4,15.0001,1,2
-122.25,37.45,10.2811,1,0
-122.27,37.45,6.3824,1,0
-122.24,37.43,7.652,1,0
-122.27,37.43,15.0001,1,2
-122.25,37.39,10.6514,1,0
-122.26,37.38,7.8633,1,0
-122.29,37.41,10.6868,1,0
-122.46,37.51,5.6286,1,0
-122.47,37.5,4.875,1,0
-122.47,37.5,3.1937,1,0
-122.48,37.51,4.7578,1,0
-122.47,37.51,6.7606,1,0
-122.44,37.52,5.9919,1,0
-122.53,37.5,6.1896,1,0
-122.49,37.54,6.3256,1,0
-122.51,37.53,7.2929,1,0
-122.5,37.51,8.2364,1,0
-122.49,37.5,4.5625,1,0
-122.43,37.43,4.8405,1,0
-122.34,37.46,7.439,1,0
-122.38,37.34,7.7773,1,0
-122.33,37.39,6.2263,1,0
-122.27,37.32,5.3951,1,0
-122.27,37.24,5.1002,1,0
-122.38,37.18,3.3047,1,0
-119.77,34.44,2.4717,0,0
-119.78,34.45,4.2109,0,0
-119.79,34.45,5.8635,0,0
-119.75,34.45,4.1375,0,0
-119.75,34.44,1.8432,0,0
-119.76,34.44,2.4701,0,0
-119.75,34.45,5.5073,0,0
-119.78,34.48,7.9248,0,0
-119.75,34.5,5.9522,0,0
-119.78,34.45,6.4744,0,0
-119.73,34.44,3.1364,0,0
-119.73,34.43,4.5278,0,0
-119.74,34.44,3.4047,0,0
-119.72,34.43,2.5139,0,0
-119.72,34.43,2.5694,0,0
-119.72,34.43,3.6719,0,0
-119.72,34.43,2.6014,0,0
-119.72,34.43,2.3454,0,0
-119.71,34.43,2.1974,0,0
-119.71,34.42,3.1563,0,0
-119.71,34.43,2.6429,0,0
-119.72,34.44,6.3997,0,0
-119.71,34.44,4.1316,0,0
-119.7,34.43,5.1545,0,0
-119.71,34.43,3.5213,0,0
-119.7,34.43,2.6875,0,0
-119.7,34.43,2.125,0,0
-119.7,34.47,7.7261,0,0
-119.72,34.47,5.8411,0,0
-119.71,34.45,5.5922,0,0
-119.71,34.44,5.3184,0,0
-119.72,34.44,4.7,0,0
-119.72,34.44,3.8819,0,0
-119.73,34.44,4.8021,0,0
-119.73,34.45,6.7449,0,0
-119.74,34.44,2.8,0,0
-119.74,34.45,6.0597,0,0
-119.69,34.44,6.8406,0,0
-119.69,34.43,4.149,0,0
-119.7,34.43,2.6205,0,0
-119.69,34.43,2.875,0,0
-119.69,34.43,5.8311,0,0
-119.68,34.44,8.7394,0,-1
-119.67,34.47,4.9757,0,0
-119.66,34.44,6.5631,0,0
-119.66,34.43,3.8456,0,0
-119.67,34.44,5.2888,0,0
-119.69,34.43,2.5104,0,0
-119.68,34.43,2.9896,0,0
-119.68,34.43,3.5208,0,0
-119.67,34.38,3.1625,0,0
-119.68,34.42,2.707,0,0
-119.67,34.43,2.3681,0,0
-119.67,34.42,2.0643,0,0
-119.67,34.42,2.5947,0,0
-119.7,34.43,2.375,0,0
-119.7,34.42,1.4722,0,0
-119.7,34.42,3.1667,0,0
-119.69,34.42,1.2762,0,0
-119.69,34.42,2.5978,0,0
-119.71,34.42,1.4851,0,0
-119.71,34.42,2.925,0,0
-119.71,34.42,2.16,0,0
-119.71,34.42,2.2097,0,0
-119.7,34.42,2.675,0,0
-119.7,34.41,2.2069,0,0
-119.72,34.42,3.5905,0,0
-119.72,34.42,2.6019,0,0
-119.72,34.42,2.6983,0,0
-119.72,34.42,4.0125,0,0
-119.71,34.42,4.1062,0,0
-119.71,34.42,2.5506,0,0
-119.71,34.41,2.6538,0,0
-119.73,34.35,4.375,0,0
-119.71,34.36,4.1842,0,0
-119.7,34.36,4.7411,0,0
-119.71,34.4,4.2283,0,0
-119.7,34.4,3.0938,0,0
-119.72,34.41,4.3214,0,0
-119.71,34.4,4.0451,0,0
-119.71,34.41,3.6823,0,0
-119.7,34.41,2.6607,0,0
-119.7,34.41,2.8042,0,0
-119.69,34.38,2.25,0,0
-119.69,34.41,2.6103,0,0
-119.75,34.43,3.3776,0,0
-119.74,34.43,5.0434,0,0
-119.75,34.4,6.8927,0,0
-119.73,34.43,2.303,0,0
-119.73,34.42,5.3279,0,0
-119.73,34.42,5.4127,0,0
-119.72,34.41,4.9044,0,0
-119.74,34.41,5.5959,0,0
-119.73,34.41,4.4375,0,0
-119.72,34.41,3.2895,0,0
-119.74,34.35,5.0,0,0
-119.74,34.38,5.345,0,0
-119.63,34.42,8.5608,0,-1
-119.64,34.43,5.623,0,0
-119.63,34.4,6.0069,0,0
-119.64,34.43,4.625,0,0
-119.61,34.45,5.3963,0,0
-119.63,34.44,9.4522,0,-1
-119.61,34.43,9.0267,0,-1
-119.53,34.41,3.9659,0,0
-119.52,34.41,4.806,0,0
-119.51,34.4,5.2039,0,0
-119.51,34.4,2.0625,0,0
-119.52,34.39,2.6397,0,0
-119.51,34.39,3.233,0,0
-119.52,34.4,3.2125,0,0
-119.53,34.38,2.7864,0,0
-119.53,34.4,3.1389,0,0
-119.51,34.46,6.091,0,0
-119.55,34.38,2.7275,0,0
-119.57,34.38,5.759,0,0
-119.59,34.43,4.2059,0,0
-119.59,34.39,3.6969,0,0
-119.5,34.35,11.7794,0,-1
-119.49,34.39,3.9224,0,0
-119.72,34.77,2.4583,0,0
-120.18,34.75,3.7958,0,0
-120.27,34.72,3.2569,0,0
-120.18,34.62,3.1912,0,0
-120.2,34.63,4.4519,0,0
-120.2,34.61,3.8582,0,0
-120.13,34.63,5.5221,0,0
-120.12,34.6,5.5106,0,0
-120.14,34.6,2.9479,0,0
-120.16,34.61,3.0185,0,0
-120.14,34.59,2.5743,0,0
-120.14,34.59,4.2026,0,0
-120.04,34.72,6.6054,0,0
-120.11,34.66,5.3154,0,0
-120.08,34.64,4.2222,0,0
-120.08,34.62,4.6554,0,0
-120.09,34.62,5.5194,0,0
-120.11,34.62,6.2094,0,0
-120.09,34.61,2.8906,0,0
-120.08,34.59,5.1909,0,0
-120.01,34.54,3.9375,0,0
-120.44,34.91,5.299,0,0
-120.45,34.91,2.56,0,0
-120.48,34.9,3.0559,0,0
-120.45,34.88,5.7306,0,0
-120.44,34.88,6.7694,0,0
-120.45,34.87,7.5696,0,-1
-120.44,34.87,5.038,0,0
-120.45,34.86,2.2791,0,0
-120.4,34.86,2.0508,0,0
-120.4,34.85,4.8185,0,0
-120.41,34.86,4.375,0,0
-120.43,34.86,4.3125,0,0
-120.43,34.86,3.8203,0,0
-120.37,34.9,4.7813,0,0
-120.33,34.87,3.9375,0,0
-120.42,34.91,3.2135,0,0
-120.43,34.9,3.5391,0,0
-120.43,34.9,4.1058,0,0
-120.41,34.88,3.5288,0,0
-120.42,34.89,5.0099,0,0
-120.43,34.89,5.0286,0,0
-120.43,34.89,4.6694,0,0
-120.43,34.88,5.0113,0,0
-120.42,34.87,4.8359,0,0
-120.43,34.87,4.6648,0,0
-120.43,34.87,3.9871,0,0
-120.41,34.88,5.0639,0,0
-120.4,34.87,4.9766,0,0
-120.41,34.87,5.062,0,0
-120.41,34.87,4.9028,0,0
-120.42,34.95,1.7431,0,0
-120.42,34.95,3.1078,0,0
-120.43,34.95,2.3506,0,0
-120.43,34.95,3.6815,0,0
-120.42,34.94,2.7188,0,0
-120.43,34.93,2.8649,0,0
-120.43,34.93,3.285,0,0
-120.43,34.98,3.6639,0,0
-120.43,34.97,4.0125,0,0
-120.42,34.96,4.4342,0,0
-120.43,34.96,4.8155,0,0
-120.43,34.96,2.0673,0,0
-120.42,34.96,3.6212,0,0
-120.42,34.96,2.212,0,0
-120.43,34.96,1.0349,0,0
-120.42,34.97,4.125,0,0
-120.41,34.96,4.2125,0,0
-120.42,34.96,4.5066,0,0
-120.38,34.96,4.0431,0,0
-120.41,34.96,4.65,0,0
-120.41,34.96,4.5536,0,0
-120.4,34.95,5.0206,0,0
-120.47,34.98,3.0723,0,0
-120.44,34.97,1.7941,0,0
-120.44,34.97,3.7589,0,0
-120.45,34.97,3.0368,0,0
-120.45,34.97,3.7679,0,0
-120.44,34.96,2.6531,0,0
-120.44,34.96,3.4722,0,0
-120.45,34.96,4.0603,0,0
-120.45,34.96,2.5556,0,0
-120.44,34.96,1.899,0,0
-120.44,34.96,2.9167,0,0
-120.45,34.96,2.875,0,0
-120.45,34.95,1.8625,0,0
-120.44,34.94,3.1576,0,0
-120.47,34.94,1.8633,0,0
-120.44,34.93,2.0995,0,0
-120.44,34.93,2.1509,0,0
-120.44,34.95,2.2743,0,0
-120.45,34.95,2.375,0,0
-120.44,34.94,1.6875,0,0
-120.45,34.95,2.2538,0,0
-120.45,34.94,3.6422,0,0
-120.45,34.94,2.4091,0,0
-120.54,34.97,1.8185,0,0
-120.57,34.96,2.5809,0,0
-120.57,34.96,2.1776,0,0
-120.64,34.97,2.4318,0,0
-120.6,34.91,2.1094,0,0
-120.59,34.7,2.7377,0,0
-120.48,34.7,4.3162,0,0
-120.46,34.64,2.0161,0,0
-120.46,34.65,1.6488,0,0
-120.46,34.64,1.9444,0,0
-120.47,34.64,3.071,0,0
-120.47,34.65,2.4583,0,0
-120.46,34.64,0.8106,0,-1
-120.44,34.64,4.6023,0,0
-120.45,34.64,3.8512,0,0
-120.45,34.64,3.0352,0,0
-120.45,34.64,2.0865,0,0
-120.46,34.65,2.0819,0,0
-120.46,34.65,2.5966,0,0
-120.47,34.65,2.3333,0,0
-120.47,34.65,4.2875,0,0
-120.45,34.65,3.3203,0,0
-120.44,34.65,1.975,0,0
-120.45,34.65,1.9257,0,0
-120.45,34.65,3.1442,0,0
-120.45,34.65,2.0,0,0
-120.46,34.63,2.9271,0,0
-120.46,34.64,2.3804,0,0
-120.47,34.64,3.4063,0,0
-120.45,34.64,3.2167,0,0
-120.45,34.64,3.7778,0,0
-120.45,34.63,4.5486,0,0
-120.44,34.66,4.5417,0,0
-120.45,34.66,4.7875,0,0
-120.46,34.66,3.0081,0,0
-120.47,34.66,4.9237,0,0
-120.39,34.52,2.5667,0,0
-120.48,34.66,4.1563,0,0
-120.48,34.65,4.4628,0,0
-120.45,34.63,4.9286,0,0
-120.47,34.63,3.7917,0,0
-120.46,34.74,5.3765,0,0
-120.45,34.71,6.4678,0,0
-120.46,34.71,4.9292,0,0
-120.47,34.7,4.4595,0,0
-120.47,34.71,5.6177,0,0
-120.37,34.69,4.7946,0,0
-120.43,34.7,3.87,0,0
-120.43,34.69,3.6023,0,0
-120.44,34.68,6.2685,0,0
-119.86,34.42,1.179,0,-1
-119.88,34.4,2.2647,0,0
-119.85,34.4,2.1652,0,0
-119.88,34.43,3.3026,0,0
-119.88,34.43,4.4777,0,0
-119.88,34.43,3.75,0,0
-119.88,34.42,3.6304,0,0
-119.91,34.4,6.0992,0,0
-119.83,34.45,5.4197,0,0
-119.84,34.44,4.2404,0,0
-119.84,34.45,6.3654,0,0
-119.85,34.44,6.0256,0,0
-119.81,34.47,7.4734,0,-1
-119.81,34.46,7.1687,0,0
-119.85,34.48,6.2987,0,0
-119.88,34.44,5.5954,0,0
-119.89,34.44,5.5184,0,0
-119.89,34.44,5.0767,0,0
-119.92,34.44,6.0321,0,0
-120.05,34.47,3.8056,0,0
-119.86,34.38,1.5071,0,0
-119.86,34.41,1.24,0,-1
-119.86,34.38,2.1471,0,0
-119.81,34.45,6.5173,0,0
-119.81,34.44,4.6806,0,0
-119.82,34.45,6.7247,0,0
-119.83,34.44,3.0875,0,0
-119.82,34.44,4.875,0,0
-119.81,34.44,3.2115,0,0
-119.82,34.43,3.0773,0,0
-119.82,34.44,3.6034,0,0
-119.82,34.44,2.7689,0,0
-119.83,34.44,2.1389,0,0
-119.83,34.43,2.1417,0,0
-119.77,34.43,5.1271,0,0
-119.77,34.43,9.7821,0,-1
-119.79,34.4,9.6885,0,-1
-119.8,34.44,5.0294,0,0
-119.8,34.43,4.6957,0,0
-119.8,34.43,5.6604,0,0
-119.79,34.44,4.1797,0,0
-119.78,34.44,4.835,0,0
-119.79,34.43,5.1615,0,0
-121.9,37.36,2.7333,1,0
-121.89,37.36,2.8971,1,0
-121.88,37.36,3.7396,1,0
-121.89,37.35,3.2083,1,0
-121.9,37.36,2.9545,1,0
-121.9,37.35,2.7411,1,0
-121.9,37.35,3.25,1,0
-121.9,37.34,3.5966,1,0
-121.9,37.34,2.619,1,0
-121.92,37.34,3.0139,1,0
-121.92,37.34,3.6389,1,0
-121.92,37.34,4.4,1,0
-121.92,37.33,5.5259,1,0
-121.92,37.33,4.7768,1,0
-121.93,37.33,3.575,1,0
-121.93,37.33,5.4273,1,0
-121.94,37.33,4.3,1,0
-121.91,37.34,2.8042,1,0
-121.91,37.33,2.9853,1,0
-121.91,37.33,4.8854,1,0
-121.92,37.33,5.2831,1,0
-121.9,37.33,4.05,1,0
-121.91,37.33,2.894,1,0
-121.89,37.33,0.7068,1,0
-121.9,37.33,4.226,1,0
-121.9,37.33,2.5,1,0
-121.88,37.34,1.2887,1,0
-121.89,37.33,2.8798,1,0
-121.88,37.33,2.0972,1,0
-121.89,37.35,2.5673,1,0
-121.89,37.34,2.1714,1,0
-121.89,37.34,0.8894,1,0
-121.89,37.34,1.6708,1,0
-121.88,37.34,2.1442,1,0
-121.88,37.36,4.2149,1,0
-121.88,37.35,3.5781,1,0
-121.89,37.35,3.2599,1,0
-121.89,37.35,2.925,1,0
-121.89,37.35,2.0549,1,0
-121.88,37.35,4.2381,1,0
-121.87,37.35,3.2793,1,0
-121.88,37.34,2.4196,1,0
-121.88,37.35,2.8167,1,0
-121.87,37.34,2.6667,1,0
-121.87,37.34,6.6345,1,0
-121.87,37.34,2.4306,1,0
-121.88,37.34,2.6312,1,0
-121.87,37.35,2.9222,1,0
-121.86,37.35,2.4968,1,0
-121.87,37.35,2.3277,1,0
-121.86,37.34,2.5947,1,0
-121.86,37.34,3.0089,1,0
-121.88,37.33,2.375,1,0
-121.88,37.33,1.473,1,0
-121.87,37.33,3.0156,1,0
-121.88,37.33,2.8594,1,0
-121.89,37.33,2.2583,1,0
-121.89,37.32,2.8864,1,0
-121.88,37.32,2.6607,1,0
-121.88,37.32,2.7546,1,0
-121.89,37.32,2.1149,1,0
-121.89,37.32,3.2317,1,0
-121.89,37.31,4.3882,1,0
-121.9,37.31,5.8186,1,0
-121.9,37.32,3.7738,1,0
-121.91,37.32,3.0096,1,0
-121.91,37.31,2.5804,1,0
-121.93,37.32,2.5833,1,0
-121.94,37.33,2.1902,1,0
-121.94,37.32,4.8519,1,0
-121.93,37.32,3.0,1,0
-121.92,37.32,3.5256,1,0
-121.92,37.32,2.4207,1,0
-121.92,37.32,2.3633,1,0
-121.93,37.32,4.2614,1,0
-121.94,37.31,5.2642,1,0
-121.94,37.31,4.0474,1,0
-121.94,37.3,4.7275,1,0
-121.93,37.3,2.7153,1,0
-121.93,37.31,2.8981,1,0
-121.92,37.31,5.2769,1,0
-121.92,37.31,3.1107,1,0
-121.93,37.3,5.0477,1,0
-121.93,37.31,2.6573,1,0
-121.92,37.31,4.0524,1,0
-121.93,37.3,4.0653,1,0
-121.92,37.3,4.2762,1,0
-121.92,37.3,3.6053,1,0
-121.91,37.31,3.6429,1,0
-121.91,37.31,4.7287,1,0
-121.9,37.3,4.537,1,0
-121.91,37.3,4.4375,1,0
-121.91,37.3,3.6563,1,0
-121.91,37.3,3.625,1,0
-121.89,37.31,3.3682,1,0
-121.88,37.31,4.5795,1,0
-121.89,37.3,5.8415,1,0
-121.89,37.3,4.2414,1,0
-121.89,37.31,3.7455,1,0
-121.9,37.3,5.036,1,0
-121.9,37.3,5.6437,1,0
-121.88,37.3,4.325,1,0
-121.88,37.29,4.1406,1,0
-121.89,37.3,5.3955,1,0
-121.89,37.3,5.0662,1,0
-121.89,37.29,2.7042,1,0
-121.9,37.29,7.8575,1,0
-121.9,37.29,6.6331,1,0
-121.92,37.29,5.1765,1,0
-121.91,37.29,5.6266,1,0
-121.92,37.29,7.6659,1,0
-121.91,37.29,5.3077,1,0
-121.93,37.29,3.9625,1,0
-121.92,37.29,6.5858,1,0
-121.93,37.28,5.6494,1,0
-121.93,37.28,4.1674,1,0
-121.94,37.28,3.6294,1,0
-121.94,37.28,5.0822,1,0
-121.93,37.27,5.1104,1,0
-121.94,37.27,3.662,1,0
-121.94,37.27,3.9265,1,0
-121.94,37.26,4.9236,1,0
-121.94,37.26,4.6758,1,0
-121.95,37.26,5.2,1,0
-121.95,37.26,5.5121,1,0
-121.94,37.25,5.2894,1,0
-121.93,37.26,2.8125,1,0
-121.92,37.26,4.5208,1,0
-121.92,37.25,4.9662,1,0
-121.91,37.25,4.9205,1,0
-121.92,37.28,4.5833,1,0
-121.92,37.27,4.5625,1,0
-121.93,37.27,6.0196,1,0
-121.93,37.27,4.1033,1,0
-121.92,37.28,7.9819,1,0
-121.92,37.27,5.6358,1,0
-121.91,37.27,5.0062,1,0
-121.91,37.28,6.4285,1,0
-121.9,37.28,5.6427,1,0
-121.9,37.27,5.0714,1,0
-121.9,37.25,5.7385,1,0
-121.9,37.25,4.6845,1,0
-121.9,37.27,5.4609,1,0
-121.9,37.26,6.8088,1,0
-121.91,37.26,5.1461,1,0
-121.91,37.26,5.4675,1,0
-121.91,37.26,3.5625,1,0
-121.89,37.25,6.0791,1,0
-121.89,37.26,5.5,1,0
-121.88,37.26,3.8893,1,0
-121.88,37.26,3.8047,1,0
-121.88,37.26,3.8936,1,0
-121.88,37.25,2.8636,1,0
-121.89,37.25,5.2887,1,0
-121.89,37.25,4.7069,1,0
-121.89,37.29,4.2614,1,0
-121.89,37.28,6.0936,1,0
-121.9,37.28,5.3922,1,0
-121.88,37.28,4.1554,1,0
-121.89,37.28,4.1645,1,0
-121.88,37.27,5.8178,1,0
-121.88,37.27,5.6895,1,0
-121.89,37.26,5.8479,1,0
-121.89,37.27,5.2088,1,0
-121.87,37.32,2.6818,1,0
-121.87,37.32,2.7031,1,0
-121.88,37.32,2.6386,1,0
-121.88,37.32,3.2806,1,0
-121.86,37.31,2.2259,1,0
-121.87,37.3,2.3293,1,0
-121.87,37.31,3.6802,1,0
-121.87,37.3,2.7411,1,0
-121.88,37.3,2.6763,1,0
-121.86,37.32,4.3621,1,0
-121.85,37.33,2.6,1,0
-121.84,37.32,3.6953,1,0
-121.85,37.33,2.8024,1,0
-121.85,37.33,4.5208,1,0
-121.84,37.32,4.3419,1,0
-121.84,37.32,5.3363,1,0
-121.87,37.29,2.3715,1,0
-121.87,37.28,3.9688,1,0
-121.86,37.29,4.1444,1,0
-121.85,37.28,2.3971,1,0
-121.83,37.3,3.1964,1,0
-121.85,37.3,2.7768,1,0
-121.84,37.29,4.775,1,0
-121.84,37.29,4.3851,1,0
-121.84,37.28,3.925,1,0
-121.83,37.31,5.6058,1,0
-121.83,37.3,4.5,1,0
-121.81,37.29,6.2907,1,0
-121.81,37.28,5.7078,1,0
-121.82,37.28,5.0709,1,0
-121.83,37.29,4.5943,1,0
-121.83,37.29,3.3833,1,0
-121.83,37.28,3.9009,1,0
-121.83,37.28,3.1042,1,0
-121.82,37.28,4.2361,1,0
-121.83,37.29,4.2589,1,0
-121.82,37.29,5.0225,1,0
-121.83,37.32,2.5652,1,0
-121.82,37.31,3.7102,1,0
-121.82,37.31,5.5145,1,0
-121.81,37.31,3.1382,1,0
-121.81,37.31,4.4792,1,0
-121.81,37.32,4.1165,1,0
-121.82,37.32,3.135,1,0
-121.82,37.33,4.3782,1,0
-121.83,37.32,4.825,1,0
-121.81,37.33,7.2982,1,0
-121.8,37.34,5.2088,1,0
-121.8,37.34,5.8068,1,0
-121.79,37.34,4.9318,1,0
-121.8,37.35,5.614,1,0
-121.78,37.34,7.375,1,0
-121.75,37.35,8.1871,1,0
-121.77,37.33,7.2707,1,0
-121.77,37.33,7.5443,1,0
-121.78,37.34,7.0671,1,0
-121.79,37.33,6.6813,1,0
-121.79,37.33,5.6345,1,0
-121.79,37.33,6.6633,1,0
-121.78,37.33,6.68,1,0
-121.8,37.32,5.6817,1,0
-121.8,37.32,4.8092,1,0
-121.8,37.32,4.7027,1,0
-121.79,37.32,5.5336,1,0
-121.79,37.32,6.2742,1,0
-121.76,37.33,5.6306,1,0
-121.81,37.3,4.9769,1,0
-121.81,37.31,5.7843,1,0
-121.8,37.31,4.5045,1,0
-121.8,37.3,4.8173,1,0
-121.81,37.3,5.5248,1,0
-121.8,37.31,5.0543,1,0
-121.79,37.31,5.1149,1,0
-121.78,37.31,6.4664,1,0
-121.79,37.3,5.9399,1,0
-121.76,37.28,4.9097,1,0
-121.74,37.3,6.7159,1,0
-121.78,37.31,6.234,1,0
-121.77,37.31,6.6455,1,0
-121.76,37.29,7.1267,1,0
-121.76,37.3,6.1463,1,0
-121.75,37.3,2.5052,1,0
-121.74,37.29,5.6411,1,0
-121.75,37.29,4.3365,1,0
-121.84,37.34,4.0929,1,0
-121.84,37.33,4.1146,1,0
-121.84,37.33,3.6765,1,0
-121.83,37.32,3.2052,1,0
-121.82,37.35,3.4509,1,0
-121.82,37.34,4.8424,1,0
-121.81,37.35,4.4671,1,0
-121.81,37.35,4.375,1,0
-121.8,37.35,5.2297,1,0
-121.8,37.35,5.1017,1,0
-121.84,37.34,4.25,1,0
-121.83,37.33,4.6333,1,0
-121.83,37.34,4.2098,1,0
-121.83,37.34,4.087,1,0
-121.87,37.36,3.5625,1,0
-121.86,37.35,2.5551,1,0
-121.86,37.35,2.8,1,0
-121.85,37.34,2.5769,1,0
-121.84,37.35,2.2031,1,0
-121.85,37.35,2.7562,1,0
-121.84,37.35,2.6894,1,0
-121.86,37.37,3.3306,1,0
-121.84,37.37,2.3199,1,0
-121.85,37.36,3.0466,1,0
-121.85,37.36,3.7198,1,0
-121.85,37.36,4.0452,1,0
-121.86,37.36,4.4896,1,0
-121.84,37.38,3.5625,1,0
-121.85,37.38,5.2415,1,0
-121.84,37.39,5.5592,1,0
-121.83,37.38,4.5533,1,0
-121.84,37.38,5.1082,1,0
-121.83,37.38,3.2222,1,0
-121.83,37.37,4.25,1,0
-121.83,37.37,3.2279,1,0
-121.84,37.37,3.8571,1,0
-121.84,37.37,4.1615,1,0
-121.82,37.37,4.0446,1,0
-121.83,37.36,3.1982,1,0
-121.83,37.36,4.2312,1,0
-121.83,37.35,3.7143,1,0
-121.82,37.37,4.4167,1,0
-121.81,37.37,5.1099,1,0
-121.82,37.36,4.0385,1,0
-121.82,37.36,3.7188,1,0
-121.82,37.37,3.7214,1,0
-121.81,37.39,7.4559,1,0
-121.82,37.39,6.1008,1,0
-121.82,37.38,5.4949,1,0
-121.81,37.38,12.3292,1,0
-121.82,37.38,6.8462,1,0
-121.81,37.37,7.2861,1,0
-121.79,37.38,5.3774,1,0
-121.81,37.36,7.5813,1,0
-121.87,37.39,4.9091,1,0
-121.87,37.39,6.057,1,0
-121.87,37.38,4.5187,1,0
-121.87,37.38,5.5429,1,0
-121.88,37.39,7.105,1,0
-121.87,37.41,6.7867,1,0
-121.87,37.4,6.9584,1,0
-121.86,37.4,6.1504,1,0
-121.87,37.39,3.7153,1,0
-121.86,37.39,5.4225,1,0
-121.85,37.39,5.8322,1,0
-121.82,37.42,6.1091,1,0
-121.81,37.41,7.0544,1,0
-121.84,37.4,6.8677,1,0
-121.83,37.4,5.716,1,0
-121.9,37.4,3.7622,1,0
-121.9,37.39,1.7361,1,0
-121.9,37.37,1.0938,1,0
-121.88,37.37,3.5745,1,0
-121.87,37.38,7.0735,1,0
-121.86,37.38,5.8686,1,0
-121.89,37.39,4.375,1,0
-121.88,37.4,5.34,1,0
-121.89,37.38,5.7695,1,0
-121.88,37.37,6.0959,1,0
-121.86,37.4,5.8721,1,0
-121.86,37.4,6.5226,1,0
-121.85,37.41,6.6842,1,0
-121.85,37.4,5.5968,1,0
-121.86,37.41,5.5073,1,0
-121.85,37.41,5.6096,1,0
-121.86,37.41,6.1256,1,0
-121.86,37.41,7.3861,1,0
-121.86,37.41,6.5004,1,0
-121.9,37.44,6.6086,1,0
-121.9,37.44,5.0821,1,0
-121.9,37.44,8.6675,1,0
-121.89,37.44,7.8532,1,0
-121.88,37.43,3.3884,1,0
-121.88,37.43,5.6651,1,0
-121.87,37.43,6.2892,1,0
-121.85,37.44,7.309,1,0
-121.87,37.42,6.4419,1,0
-121.87,37.41,5.6683,1,0
-121.88,37.41,4.3807,1,0
-121.86,37.42,6.6227,1,0
-121.87,37.42,5.6965,1,0
-121.88,37.44,5.2722,1,0
-121.88,37.44,4.4712,1,0
-121.88,37.44,5.3057,1,0
-121.88,37.44,5.3994,1,0
-121.89,37.46,10.3798,1,0
-121.88,37.46,10.9722,1,0
-121.89,37.45,4.75,1,0
-121.88,37.44,6.7093,1,0
-121.87,37.46,15.0001,1,2
-121.9,37.46,3.8421,1,0
-121.91,37.46,5.6062,1,0
-121.9,37.45,6.6176,1,0
-121.9,37.45,5.6063,1,0
-121.91,37.42,4.1389,1,0
-121.9,37.41,5.6344,1,0
-121.89,37.42,7.7197,1,0
-121.92,37.45,3.2617,1,0
-121.91,37.44,4.7794,1,0
-121.91,37.44,5.0362,1,0
-121.91,37.44,5.0808,1,0
-121.91,37.43,4.8304,1,0
-122.07,37.44,2.9817,1,0
-121.96,37.43,3.3859,1,0
-121.97,37.44,4.5179,1,0
-121.99,37.4,3.4896,1,0
-121.99,37.4,5.3912,1,0
-121.99,37.39,4.8145,1,0
-122.02,37.4,4.0655,1,0
-122.01,37.4,3.7614,1,0
-122.0,37.4,2.9706,1,0
-122.0,37.4,3.6619,1,0
-122.0,37.4,5.9145,1,0
-122.01,37.4,3.1439,1,0
-122.0,37.39,5.7962,1,0
-121.96,37.41,5.2937,1,0
-121.97,37.4,5.8792,1,0
-121.96,37.39,4.5062,1,0
-121.95,37.39,5.4228,1,0
-121.95,37.38,3.1812,1,0
-121.95,37.41,4.7625,1,0
-121.94,37.42,4.7049,1,0
-121.93,37.4,3.375,1,0
-121.91,37.36,3.2153,1,0
-121.92,37.36,3.1563,1,0
-121.95,37.37,3.0357,1,0
-121.95,37.36,3.5625,1,0
-121.95,37.36,2.7727,1,0
-121.93,37.35,3.1065,1,0
-121.93,37.34,3.0375,1,0
-121.98,37.37,4.575,1,0
-121.98,37.36,4.6719,1,0
-121.98,37.37,5.0942,1,0
-121.99,37.37,4.2422,1,0
-121.97,37.36,6.0573,1,0
-121.97,37.36,6.0116,1,0
-121.97,37.35,4.2273,1,0
-121.96,37.36,4.2837,1,0
-121.96,37.36,3.5199,1,0
-121.97,37.35,6.3191,1,0
-121.97,37.36,4.575,1,0
-121.98,37.36,4.5625,1,0
-121.98,37.36,5.7059,1,0
-121.98,37.36,7.8543,1,0
-121.98,37.36,5.0866,1,0
-121.99,37.36,4.6761,1,0
-121.99,37.36,4.9091,1,0
-121.99,37.36,3.2048,1,0
-121.99,37.36,5.5,1,0
-121.98,37.35,3.5491,1,0
-121.99,37.35,4.3971,1,0
-121.99,37.35,4.5427,1,0
-121.99,37.35,4.375,1,0
-121.98,37.35,4.5625,1,0
-121.97,37.35,4.6328,1,0
-121.98,37.34,4.9562,1,0
-121.98,37.34,4.5368,1,0
-121.99,37.34,3.9625,1,0
-121.96,37.35,3.925,1,0
-121.97,37.34,3.6682,1,0
-121.97,37.35,3.925,1,0
-121.96,37.35,5.2019,1,0
-121.95,37.35,3.2813,1,0
-121.94,37.35,3.1667,1,0
-121.94,37.35,2.3713,1,0
-121.95,37.35,3.6118,1,0
-121.95,37.35,3.3333,1,0
-121.95,37.35,4.2656,1,0
-121.94,37.34,3.1429,1,0
-121.94,37.34,3.4233,1,0
-121.94,37.34,3.7321,1,0
-121.94,37.33,3.6818,1,0
-121.94,37.33,4.75,1,0
-121.94,37.34,5.0175,1,0
-121.95,37.34,3.1702,1,0
-121.95,37.33,2.3547,1,0
-121.95,37.33,4.7604,1,0
-121.96,37.33,4.2136,1,0
-121.96,37.33,4.0667,1,0
-121.96,37.34,4.4453,1,0
-121.96,37.34,5.791,1,0
-121.96,37.34,5.3873,1,0
-121.96,37.34,3.4375,1,0
-121.96,37.34,3.7813,1,0
-121.98,37.33,6.3716,1,0
-121.98,37.33,6.1388,1,0
-121.99,37.34,5.273,1,0
-121.97,37.33,5.1506,1,0
-121.98,37.33,5.121,1,0
-121.98,37.33,5.9567,1,0
-121.99,37.33,4.8365,1,0
-121.99,37.33,3.9417,1,0
-121.98,37.31,6.4095,1,0
-121.99,37.3,5.1483,1,0
-122.0,37.3,5.357,1,0
-121.98,37.32,4.2531,1,0
-121.99,37.32,4.7083,1,0
-121.98,37.31,5.606,1,0
-121.98,37.31,5.8127,1,0
-121.99,37.31,5.7833,1,0
-121.97,37.32,3.699,1,0
-121.96,37.32,3.73,1,0
-121.95,37.32,4.6304,1,0
-121.95,37.32,3.1103,1,0
-121.95,37.31,3.6292,1,0
-121.96,37.31,7.0469,1,0
-121.96,37.31,5.2534,1,0
-121.97,37.31,3.6401,1,0
-121.97,37.31,3.9187,1,0
-121.97,37.3,3.0079,1,0
-121.95,37.32,3.1458,1,0
-121.94,37.31,3.7632,1,0
-121.95,37.31,3.5652,1,0
-121.94,37.3,6.623,1,0
-121.95,37.3,3.7188,1,0
-121.94,37.3,3.2727,1,0
-121.95,37.3,3.3958,1,0
-121.96,37.3,4.3081,1,0
-121.94,37.29,3.75,1,0
-121.94,37.29,4.0962,1,0
-121.95,37.27,1.7171,1,0
-121.95,37.28,4.0208,1,0
-121.95,37.29,4.6371,1,0
-121.95,37.29,3.4505,1,0
-121.95,37.28,3.1509,1,0
-121.98,37.3,4.6312,1,0
-121.98,37.29,7.5443,1,0
-121.98,37.29,3.2287,1,0
-121.96,37.28,5.4386,1,0
-121.97,37.28,6.6437,1,0
-121.97,37.28,5.0385,1,0
-121.98,37.28,3.3922,1,0
-121.98,37.28,5.7251,1,0
-121.98,37.28,5.7812,1,0
-121.99,37.27,5.4051,1,0
-121.99,37.29,6.4631,1,0
-121.96,37.3,4.0403,1,0
-121.97,37.3,4.8542,1,0
-121.96,37.29,5.0,1,0
-121.97,37.29,5.3294,1,0
-121.97,37.29,3.337,1,0
-121.99,37.27,5.9658,1,0
-121.98,37.27,5.2528,1,0
-121.98,37.27,5.3561,1,0
-121.96,37.28,4.0174,1,0
-121.96,37.27,5.2533,1,0
-121.96,37.27,5.5151,1,0
-121.97,37.26,4.6827,1,0
-121.96,37.26,1.8542,1,0
-121.95,37.25,5.0863,1,0
-121.95,37.24,6.0235,1,0
-121.95,37.24,6.0957,1,0
-121.96,37.24,5.4683,1,0
-121.96,37.25,6.1648,1,0
-121.95,37.25,5.5127,1,0
-121.93,37.25,4.69,1,0
-121.93,37.25,4.5333,1,0
-121.92,37.25,4.7917,1,0
-121.93,37.25,6.0358,1,0
-121.94,37.24,4.675,1,0
-121.91,37.24,4.7118,1,0
-121.91,37.24,4.7279,1,0
-121.92,37.24,6.3663,1,0
-121.94,37.24,5.5944,1,0
-121.94,37.24,7.3522,1,0
-121.93,37.24,6.0738,1,0
-121.92,37.24,5.3911,1,0
-121.91,37.23,6.0712,1,0
-121.91,37.23,7.3843,1,0
-121.93,37.22,9.3834,1,0
-121.96,37.23,7.8407,1,0
-121.97,37.23,4.6065,1,0
-121.98,37.22,5.2321,1,0
-121.96,37.22,8.492,1,0
-121.95,37.21,10.0187,1,0
-121.97,37.24,4.4063,1,0
-121.98,37.23,3.1176,1,0
-122.0,37.23,9.0704,1,0
-121.96,37.25,4.5156,1,0
-121.97,37.25,6.131,1,0
-121.98,37.26,4.6654,1,0
-121.99,37.27,7.598,1,0
-121.99,37.26,8.2069,1,0
-121.98,37.25,15.0,1,2
-121.99,37.25,10.7582,1,0
-121.97,37.25,7.9135,1,0
-121.99,37.25,11.2463,1,0
-121.98,37.24,8.5425,1,0
-122.0,37.27,5.7876,1,0
-122.01,37.27,8.8178,1,0
-122.02,37.26,10.2666,1,0
-122.02,37.26,8.0331,1,0
-122.01,37.25,10.2311,1,0
-121.99,37.26,7.9234,1,0
-122.01,37.26,7.6107,1,0
-122.03,37.25,7.8711,1,0
-122.04,37.24,11.1557,1,0
-122.02,37.24,10.6834,1,0
-122.03,37.29,10.3653,1,0
-122.02,37.29,8.7939,1,0
-122.02,37.29,10.3979,1,0
-122.01,37.29,7.5,1,0
-122.01,37.28,9.1569,1,0
-122.0,37.28,5.7295,1,0
-122.0,37.28,8.3605,1,0
-122.0,37.28,5.4103,1,0
-122.03,37.27,7.8279,1,0
-122.03,37.28,9.8937,1,0
-122.02,37.28,9.3464,1,0
-122.01,37.27,10.675,1,0
-122.06,37.27,10.5793,1,0
-122.04,37.29,12.2145,1,0
-122.03,37.27,10.7958,1,0
-122.04,37.26,7.8627,1,0
-122.06,37.33,8.248,1,0
-122.06,37.32,6.2182,1,0
-122.05,37.31,8.0727,1,0
-122.05,37.31,9.2298,1,0
-122.06,37.3,10.7326,1,0
-122.07,37.33,8.0158,1,0
-122.06,37.33,7.0102,1,0
-122.07,37.31,7.2986,1,0
-122.08,37.3,7.0813,1,0
-122.08,37.31,7.8528,1,0
-122.04,37.34,4.8836,1,0
-122.06,37.34,5.0081,1,0
-122.05,37.33,5.3167,1,0
-122.04,37.33,7.7643,1,0
-122.05,37.33,6.3131,1,0
-122.04,37.33,4.5721,1,0
-122.04,37.32,5.7528,1,0
-122.04,37.31,6.2045,1,0
-122.04,37.31,5.154,1,0
-122.04,37.3,6.075,1,0
-122.04,37.3,6.9238,1,0
-122.03,37.31,5.3508,1,0
-122.04,37.3,6.6818,1,0
-122.01,37.3,8.0837,1,0
-122.01,37.31,6.3702,1,0
-122.0,37.31,7.8383,1,0
-122.0,37.3,7.218,1,0
-122.03,37.31,3.375,1,0
-122.03,37.3,5.8521,1,0
-122.03,37.3,5.4842,1,0
-122.02,37.31,6.083,1,0
-122.02,37.31,5.9714,1,0
-122.02,37.3,6.7123,1,0
-122.02,37.3,6.359,1,0
-122.02,37.32,6.3923,1,0
-122.02,37.31,6.3197,1,0
-122.03,37.32,5.6511,1,0
-122.0,37.32,4.7402,1,0
-122.01,37.31,6.6766,1,0
-122.01,37.32,4.6613,1,0
-122.0,37.31,4.7235,1,0
-122.02,37.33,7.3693,1,0
-122.03,37.33,7.4863,1,0
-122.03,37.34,5.1602,1,0
-122.02,37.34,6.448,1,0
-122.0,37.33,5.6932,1,0
-122.02,37.35,8.1078,1,0
-122.02,37.35,4.1473,1,0
-122.02,37.34,6.2475,1,0
-122.02,37.34,5.7881,1,0
-122.03,37.34,6.0577,1,0
-122.03,37.35,5.5388,1,0
-122.01,37.35,5.0785,1,0
-122.0,37.35,5.1674,1,0
-122.0,37.34,5.9158,1,0
-122.0,37.34,5.2108,1,0
-122.01,37.34,6.3052,1,0
-122.05,37.35,7.3753,1,0
-122.05,37.34,7.7865,1,0
-122.05,37.34,6.6087,1,0
-122.06,37.34,6.7578,1,0
-122.04,37.35,7.4729,1,0
-122.04,37.34,7.5372,1,0
-122.03,37.35,7.2779,1,0
-122.04,37.35,5.678,1,0
-122.04,37.34,7.7799,1,0
-122.03,37.34,4.0129,1,0
-122.04,37.34,3.16,1,0
-122.04,37.34,3.6991,1,0
-122.05,37.37,5.6533,1,0
-122.05,37.36,4.1369,1,0
-122.05,37.36,3.9848,1,0
-122.06,37.35,8.0599,1,0
-122.06,37.36,6.0777,1,0
-122.06,37.37,4.9087,1,0
-122.04,37.37,5.2319,1,0
-122.03,37.36,6.4913,1,0
-122.04,37.35,6.837,1,0
-122.05,37.36,7.5337,1,0
-122.04,37.36,6.8753,1,0
-122.05,37.37,6.6085,1,0
-122.03,37.36,4.4699,1,0
-122.02,37.35,5.8779,1,0
-122.02,37.35,5.3679,1,0
-122.03,37.35,3.5154,1,0
-122.03,37.37,3.5861,1,0
-122.02,37.36,3.9038,1,0
-122.02,37.36,4.7609,1,0
-122.01,37.36,4.2061,1,0
-122.02,37.36,4.9671,1,0
-122.01,37.36,6.6329,1,0
-122.01,37.36,7.1273,1,0
-122.01,37.35,4.5,1,0
-122.0,37.36,6.7718,1,0
-122.0,37.36,8.6155,1,0
-122.0,37.36,3.4238,1,0
-122.0,37.36,3.8464,1,0
-122.03,37.37,3.0047,1,0
-122.03,37.37,4.6957,1,0
-122.03,37.37,3.8125,1,0
-122.04,37.37,3.6765,1,0
-122.04,37.37,5.0453,1,0
-122.04,37.38,4.2028,1,0
-122.03,37.38,3.8732,1,0
-122.02,37.38,4.0911,1,0
-122.01,37.38,4.505,1,0
-122.02,37.37,4.2782,1,0
-122.01,37.37,4.1847,1,0
-122.01,37.37,7.2165,1,0
-122.0,37.37,3.7045,1,0
-122.03,37.39,4.4107,1,0
-122.02,37.38,3.2574,1,0
-122.01,37.39,3.5586,1,0
-122.01,37.39,5.6447,1,0
-122.0,37.39,5.791,1,0
-122.03,37.39,4.0223,1,0
-122.02,37.4,4.35,1,0
-122.01,37.39,4.0068,1,0
-122.02,37.39,4.7431,1,0
-122.04,37.39,4.7685,1,0
-122.05,37.38,3.5649,1,0
-122.05,37.38,4.072,1,0
-122.05,37.38,5.4351,1,0
-122.06,37.38,4.2719,1,0
-122.05,37.37,3.4028,1,0
-122.05,37.39,4.4531,1,0
-122.06,37.4,4.3351,1,0
-122.06,37.39,3.75,1,0
-122.06,37.39,3.6875,1,0
-122.06,37.38,4.2188,1,0
-122.06,37.38,5.6999,1,0
-122.06,37.37,6.1299,1,0
-122.06,37.38,4.8625,1,0
-122.07,37.39,4.712,1,0
-122.08,37.4,5.9291,1,0
-122.07,37.4,3.7359,1,0
-122.07,37.41,5.7657,1,0
-122.07,37.4,4.359,1,0
-122.08,37.4,4.1544,1,0
-122.08,37.4,5.806,1,0
-122.08,37.41,4.6875,1,0
-122.09,37.4,5.1408,1,0
-122.1,37.41,5.4721,1,0
-122.09,37.41,2.8203,1,0
-122.09,37.41,4.2463,1,0
-122.09,37.41,3.575,1,0
-122.09,37.4,3.5179,1,0
-122.09,37.4,3.4375,1,0
-122.09,37.42,3.8003,1,0
-122.11,37.41,3.4198,1,0
-122.09,37.4,3.2875,1,0
-122.1,37.4,3.4868,1,0
-122.1,37.4,4.3077,1,0
-122.1,37.4,3.9091,1,0
-122.11,37.4,4.1875,1,0
-122.11,37.4,4.6591,1,0
-122.1,37.4,3.1736,1,0
-122.08,37.4,2.5208,1,0
-122.09,37.39,3.7318,1,0
-122.09,37.39,3.725,1,0
-122.09,37.4,3.6742,1,0
-122.08,37.39,2.8438,1,0
-122.08,37.39,3.2083,1,0
-122.08,37.39,4.8036,1,0
-122.07,37.39,3.5045,1,0
-122.07,37.39,5.0131,1,0
-122.07,37.38,4.5644,1,0
-122.08,37.39,4.5833,1,0
-122.1,37.39,3.5909,1,0
-122.1,37.39,5.0871,1,0
-122.09,37.39,2.7279,1,0
-122.09,37.39,5.5385,1,0
-122.09,37.38,6.2884,1,0
-122.09,37.38,6.1995,1,0
-122.08,37.38,3.4042,1,0
-122.08,37.38,5.0086,1,0
-122.08,37.38,5.0796,1,0
-122.08,37.38,6.828,1,0
-122.08,37.37,7.1108,1,0
-122.09,37.37,6.8374,1,0
-122.09,37.37,5.2971,1,0
-122.08,37.38,3.3917,1,0
-122.07,37.37,4.8021,1,0
-122.07,37.37,7.9813,1,0
-122.07,37.36,7.5,1,0
-122.06,37.36,6.8268,1,0
-122.07,37.36,10.0346,1,0
-122.08,37.36,9.281,1,0
-122.09,37.36,5.0222,1,0
-122.09,37.36,7.5274,1,0
-122.08,37.36,8.2266,1,0
-122.06,37.35,8.758,1,0
-122.07,37.34,5.4659,1,0
-122.07,37.34,7.3561,1,0
-122.07,37.35,9.8144,1,0
-122.07,37.35,8.5888,1,0
-122.08,37.35,7.7068,1,0
-122.07,37.34,10.1007,1,0
-122.08,37.34,10.5142,1,0
-122.08,37.34,12.367,1,0
-122.08,37.35,10.3591,1,0
-122.1,37.38,7.5655,1,0
-122.1,37.37,8.3924,1,0
-122.1,37.37,8.1064,1,0
-122.11,37.37,10.3329,1,0
-122.11,37.38,7.8177,1,0
-122.11,37.38,5.0804,1,0
-122.11,37.37,7.2045,1,0
-122.12,37.37,8.9021,1,0
-122.11,37.4,4.9519,1,0
-122.11,37.39,6.3967,1,0
-122.1,37.39,7.6229,1,0
-122.12,37.4,7.0245,1,0
-122.12,37.39,8.9172,1,0
-122.12,37.38,8.4709,1,0
-122.12,37.4,10.3894,1,0
-122.13,37.4,5.1335,1,0
-122.13,37.41,5.4063,1,0
-122.14,37.41,6.4588,1,0
-122.14,37.42,4.15,1,0
-122.13,37.42,3.5364,1,0
-122.12,37.41,5.3727,1,0
-122.11,37.43,7.3023,1,0
-122.11,37.43,7.313,1,0
-122.11,37.42,6.4949,1,0
-122.11,37.41,7.1382,1,0
-122.11,37.41,6.0884,1,0
-122.12,37.42,5.2803,1,0
-122.12,37.42,5.1524,1,0
-122.13,37.43,5.2114,1,0
-122.13,37.43,4.7375,1,0
-122.12,37.43,6.46,1,0
-122.12,37.44,5.485,1,0
-122.13,37.44,6.3111,1,0
-122.12,37.44,4.875,1,0
-122.11,37.44,5.6413,1,0
-122.12,37.43,5.316,1,0
-122.13,37.45,6.7257,1,0
-122.13,37.45,7.9029,1,0
-122.13,37.45,6.6354,1,0
-122.13,37.44,9.1508,1,0
-122.13,37.44,5.9277,1,0
-122.15,37.46,10.3942,1,0
-122.16,37.45,7.5418,1,0
-122.15,37.46,10.9508,1,0
-122.14,37.45,7.8647,1,0
-122.15,37.45,6.767,1,0
-122.14,37.45,8.7051,1,0
-122.15,37.45,6.1575,1,0
-122.16,37.45,4.2297,1,0
-122.16,37.45,2.1406,1,0
-122.16,37.45,4.5987,1,0
-122.16,37.44,4.2972,1,0
-122.15,37.44,7.2543,1,0
-122.15,37.44,4.9861,1,0
-122.15,37.44,6.1655,1,0
-122.14,37.44,6.6756,1,0
-122.14,37.43,8.2664,1,0
-122.14,37.43,12.5902,1,0
-122.14,37.43,6.5829,1,0
-122.15,37.43,5.0203,1,0
-122.15,37.42,3.9243,1,0
-122.14,37.43,4.0686,1,0
-122.15,37.43,1.9045,1,0
-122.16,37.42,11.0492,1,0
-122.15,37.41,10.476,1,0
-122.17,37.43,4.0972,1,0
-122.15,37.41,7.0309,1,0
-122.18,37.41,10.7237,1,0
-122.13,37.39,12.0372,1,0
-122.12,37.37,10.7355,1,0
-122.11,37.36,13.1867,1,-1
-122.13,37.37,11.806,1,0
-122.14,37.38,10.4277,1,0
-122.1,37.36,9.3586,1,0
-122.1,37.36,8.5294,1,0
-122.09,37.35,7.5794,1,0
-122.09,37.35,10.0259,1,0
-122.14,37.36,12.1387,1,0
-122.15,37.35,12.9792,1,-1
-122.11,37.31,13.8093,1,-1
-122.12,37.29,8.6196,1,0
-122.12,37.28,5.8691,1,0
-122.08,37.24,11.3283,1,0
-122.01,37.18,5.8596,1,0
-121.98,37.16,5.3468,1,0
-121.9,37.16,5.2366,1,0
-121.93,37.13,5.7415,1,0
-121.88,37.24,3.506,1,0
-121.9,37.24,4.4004,1,0
-121.86,37.22,6.9508,1,0
-121.86,37.23,5.8904,1,0
-121.85,37.22,7.7201,1,0
-121.89,37.21,8.4262,1,0
-121.84,37.18,8.3837,1,0
-121.87,37.22,8.0595,1,0
-121.87,37.22,7.6933,1,0
-121.86,37.21,9.1974,1,0
-121.87,37.21,9.08,1,0
-121.83,37.23,6.6659,1,0
-121.8,37.19,4.5417,1,0
-121.84,37.21,8.3792,1,0
-121.83,37.2,6.8333,1,0
-121.83,37.21,7.7738,1,0
-121.89,37.23,8.1988,1,0
-121.89,37.23,8.19,1,0
-121.88,37.24,8.3065,1,0
-121.87,37.23,6.9473,1,0
-121.87,37.27,6.7064,1,0
-121.87,37.27,7.5845,1,0
-121.86,37.27,5.6139,1,0
-121.87,37.27,5.0292,1,0
-121.86,37.27,5.6876,1,0
-121.77,37.23,5.6958,1,0
-121.77,37.22,4.5221,1,0
-121.77,37.22,6.7287,1,0
-121.76,37.23,5.4218,1,0
-121.84,37.25,5.6488,1,0
-121.83,37.23,6.0889,1,0
-121.84,37.24,6.7836,1,0
-121.84,37.24,5.4741,1,0
-121.85,37.24,5.1228,1,0
-121.86,37.25,4.2885,1,0
-121.83,37.28,5.2166,1,0
-121.81,37.27,5.9214,1,0
-121.8,37.27,5.0772,1,0
-121.82,37.27,6.3566,1,0
-121.81,37.27,4.3438,1,0
-121.8,37.26,4.8862,1,0
-121.8,37.26,2.875,1,0
-121.85,37.27,7.3339,1,0
-121.84,37.27,4.2083,1,0
-121.84,37.27,5.0186,1,0
-121.83,37.27,4.5615,1,0
-121.84,37.27,5.5,1,0
-121.83,37.27,6.6712,1,0
-121.82,37.26,5.1356,1,0
-121.83,37.26,5.5875,1,0
-121.81,37.26,4.0547,1,0
-121.81,37.26,5.9359,1,0
-121.81,37.25,2.0288,1,0
-121.81,37.25,4.1926,1,0
-121.83,37.26,4.5033,1,0
-121.82,37.25,3.9461,1,0
-121.83,37.25,3.1932,1,0
-121.87,37.26,5.6652,1,0
-121.86,37.26,5.5121,1,0
-121.87,37.26,5.6223,1,0
-121.85,37.26,6.4339,1,0
-121.85,37.26,7.4323,1,0
-121.85,37.26,6.8194,1,0
-121.84,37.26,5.0509,1,0
-121.83,37.26,5.5849,1,0
-121.84,37.25,4.8355,1,0
-121.87,37.25,3.7844,1,0
-121.85,37.25,5.4939,1,0
-121.83,37.24,5.9164,1,0
-121.81,37.24,4.5,1,0
-121.82,37.24,6.0538,1,0
-121.82,37.25,5.8305,1,0
-121.82,37.25,5.1663,1,0
-121.81,37.25,4.4565,1,0
-121.81,37.25,6.2957,1,0
-121.82,37.23,7.5218,1,0
-121.82,37.23,4.9688,1,0
-121.81,37.23,5.3157,1,0
-121.81,37.23,6.3178,1,0
-121.81,37.23,6.4328,1,0
-121.81,37.23,6.4664,1,0
-121.78,37.24,6.0062,1,0
-121.78,37.22,5.0958,1,0
-121.78,37.23,5.898,1,0
-121.79,37.23,6.0198,1,0
-121.79,37.23,5.4193,1,0
-121.8,37.23,5.9225,1,0
-121.8,37.23,6.7385,1,0
-121.8,37.27,6.223,1,0
-121.8,37.26,5.9053,1,0
-121.76,37.26,4.6458,1,0
-121.77,37.24,4.747,1,0
-121.7,37.2,4.65,1,0
-121.74,37.19,4.2039,1,0
-121.72,37.16,4.7386,1,0
-121.75,37.11,6.8773,1,0
-121.68,37.0,6.7644,1,0
-121.61,37.15,7.8601,1,0
-121.6,37.13,7.5,1,0
-121.64,37.15,6.1684,1,0
-121.64,37.14,4.175,1,0
-121.63,37.12,2.4821,1,0
-121.69,37.14,5.2951,1,0
-121.66,37.13,3.8788,1,0
-121.65,37.12,3.6895,1,0
-121.66,37.11,5.1514,1,0
-121.65,37.11,5.9356,1,0
-121.63,37.1,4.9028,1,0
-121.67,37.13,5.6205,1,0
-121.56,37.08,6.4313,1,0
-121.61,37.06,5.5936,1,0
-121.6,37.09,3.625,1,0
-121.62,37.09,3.9306,1,0
-121.58,37.01,4.3693,1,0
-121.57,37.0,4.5714,1,0
-121.57,36.98,4.9702,1,0
-121.58,37.01,5.1519,1,0
-121.59,36.97,5.7396,1,0
-121.59,37.01,4.3227,1,0
-121.61,37.03,5.6754,1,0
-121.58,37.03,3.5551,1,0
-121.58,37.02,3.2019,1,0
-121.59,37.02,4.4233,1,0
-121.57,37.02,2.9417,1,0
-121.57,37.01,2.0625,1,0
-121.56,37.0,2.5387,1,0
-121.54,36.99,3.2614,1,0
-121.51,37.02,4.0238,1,0
-121.74,37.35,5.2327,1,0
-121.55,37.37,3.6964,1,0
-121.59,37.19,15.0001,1,-1
-121.37,37.06,3.8062,1,0
-122.03,37.18,6.0622,1,0
-121.96,37.13,15.0001,1,2
-121.98,37.14,9.5908,1,0
-122.0,37.0,2.625,1,0
-122.01,36.99,6.4469,1,0
-122.01,36.99,4.9808,1,0
-121.99,36.99,5.8123,1,0
-121.99,36.98,4.3409,1,0
-122.0,36.98,3.5562,1,0
-122.01,36.99,3.6902,1,0
-122.01,36.98,4.0417,1,0
-122.02,36.99,2.7875,1,0
-122.02,36.98,2.1734,1,0
-122.02,36.98,3.2368,1,0
-122.04,36.98,5.6188,1,0
-122.04,36.98,6.7974,1,0
-122.04,36.97,5.3972,1,0
-122.06,37.0,2.4732,1,0
-122.05,36.97,3.6797,1,0
-122.05,36.97,4.2542,1,0
-122.06,36.98,4.2254,1,0
-122.04,36.98,2.9286,1,0
-122.04,36.97,5.1806,1,0
-122.04,36.97,3.8259,1,0
-122.04,36.97,5.2128,1,0
-122.04,36.96,3.2437,1,0
-122.03,36.98,2.1553,1,0
-122.01,36.98,2.5954,1,0
-122.02,36.98,2.7125,1,0
-122.02,36.98,1.9063,1,0
-122.02,36.97,1.9286,1,0
-122.01,36.97,2.5417,1,0
-122.01,36.97,2.9444,1,0
-122.01,36.97,2.5368,1,0
-122.0,36.98,4.3,1,0
-122.01,36.98,2.589,1,0
-122.0,36.97,3.1205,1,0
-122.0,36.93,3.1932,1,0
-122.01,36.95,2.0547,1,0
-122.03,36.97,2.1964,1,0
-122.03,36.97,3.2404,1,0
-122.03,36.97,1.6923,1,0
-122.04,36.97,4.4659,1,0
-122.03,36.96,2.5067,1,0
-122.02,36.97,1.1552,1,0
-122.02,36.97,1.6642,1,0
-122.02,36.96,2.0172,1,0
-122.03,36.96,3.5938,1,0
-122.03,36.96,2.425,1,0
-122.04,36.96,4.1964,1,0
-122.04,36.96,2.1667,1,0
-122.04,36.96,2.5865,1,0
-122.03,36.96,3.52,1,0
-122.04,36.95,4.4567,1,0
-122.01,36.91,3.1312,1,0
-122.05,36.96,4.2045,1,0
-122.06,36.96,4.5,1,0
-122.05,36.87,3.8269,1,0
-122.04,36.95,3.9667,1,0
-122.04,37.0,2.9712,1,0
-121.75,36.91,2.8056,1,0
-121.74,36.92,3.1062,1,0
-121.74,36.92,2.4461,1,0
-121.74,36.92,2.6506,1,0
-121.75,36.93,3.1327,1,0
-121.75,36.92,3.6,1,0
-121.75,36.92,2.4615,1,0
-121.76,36.92,3.2216,1,0
-121.76,36.92,3.4125,1,0
-121.75,36.91,1.6875,1,0
-121.76,36.91,1.9609,1,0
-121.75,36.91,2.5599,1,0
-121.77,36.91,2.8348,1,0
-121.76,36.9,2.0775,1,0
-121.77,36.93,2.4375,1,0
-121.77,36.93,3.0192,1,0
-121.77,36.93,3.2813,1,0
-121.76,36.92,2.6434,1,0
-121.77,36.92,3.5,1,0
-121.79,36.93,3.1815,1,0
-121.78,36.92,4.3906,1,0
-121.78,36.93,2.4053,1,0
-121.77,36.94,2.0192,1,0
-121.79,36.95,3.7863,1,0
-121.8,36.94,2.8214,1,0
-122.25,37.08,2.5556,1,0
-122.14,37.08,5.2101,1,0
-122.11,37.05,5.1412,1,0
-122.13,36.97,4.7188,1,0
-122.07,37.13,4.9792,1,0
-122.09,37.09,3.9408,1,0
-122.09,37.11,3.6474,1,0
-122.12,37.09,4.125,1,0
-122.09,37.07,4.3429,1,0
-122.08,37.08,4.425,1,0
-122.16,37.17,5.0165,1,0
-122.12,37.12,2.7933,1,0
-122.18,37.15,5.5785,1,0
-122.12,37.16,5.1664,1,0
-122.1,37.19,7.1831,1,0
-122.08,37.15,7.1366,1,0
-122.11,37.11,5.208,1,0
-122.11,37.14,4.4597,1,0
-122.13,37.15,3.9423,1,0
-122.09,37.21,7.8774,1,0
-122.0,37.12,6.9772,1,0
-122.04,37.12,4.0781,1,0
-122.02,37.11,5.2417,1,0
-122.05,37.11,4.5972,1,0
-122.07,37.08,6.0809,1,0
-122.05,37.05,4.1679,1,0
-122.07,37.06,3.8625,1,0
-122.08,37.04,4.1161,1,0
-122.08,37.03,4.5096,1,0
-122.04,37.04,3.8854,1,0
-122.03,37.03,5.6233,1,0
-122.02,37.01,10.0968,1,0
-122.03,37.0,5.2078,1,0
-122.04,37.08,4.8,1,0
-122.02,37.09,4.8611,1,0
-122.03,37.05,3.9728,1,0
-122.01,37.06,5.1121,1,0
-122.0,37.08,5.5919,1,0
-121.95,37.11,7.736,1,0
-121.96,37.1,6.3617,1,0
-121.87,37.1,7.5755,1,0
-121.9,37.1,6.4517,1,0
-121.93,37.04,5.8642,1,0
-121.96,37.03,4.625,1,0
-121.93,37.05,6.4214,1,0
-121.96,37.06,6.3258,1,0
-121.99,37.05,5.2486,1,0
-122.0,37.06,6.0621,1,0
-122.01,37.03,5.9039,1,0
-121.97,37.01,4.5682,1,0
-121.98,36.99,3.5943,1,0
-121.97,37.0,4.8269,1,0
-121.98,36.98,3.075,1,0
-121.99,36.99,3.6364,1,0
-121.99,36.98,4.6484,1,0
-121.99,36.98,3.1914,1,0
-121.98,36.97,3.7273,1,0
-121.98,36.96,3.1167,1,0
-121.99,36.97,2.1771,1,0
-122.0,36.97,2.8941,1,0
-121.99,36.96,4.7321,1,0
-121.99,36.96,2.625,1,0
-121.96,36.88,4.7468,1,0
-121.97,36.97,2.8036,1,0
-121.97,36.96,2.561,1,0
-121.98,36.96,3.6619,1,0
-121.96,36.98,2.6757,1,0
-121.97,36.98,3.7083,1,0
-121.97,36.97,2.7587,1,0
-121.96,36.97,3.0777,1,0
-121.94,36.98,4.2006,1,0
-121.94,36.98,3.0905,1,0
-121.95,36.98,3.1546,1,0
-121.94,36.97,2.5172,1,0
-121.93,36.99,4.7325,1,0
-121.94,37.0,4.1587,1,0
-121.96,37.0,3.3447,1,0
-121.96,36.99,2.7375,1,0
-121.94,36.99,4.2898,1,0
-121.86,37.0,5.503,1,0
-121.91,36.99,4.8693,1,0
-121.91,36.98,2.6875,1,0
-121.88,36.98,4.8953,1,0
-121.91,36.97,3.5112,1,0
-121.92,36.95,3.6597,1,0
-121.88,36.96,5.8325,1,0
-121.9,36.97,4.4485,1,0
-121.88,36.96,6.0281,1,0
-121.9,36.93,5.3276,1,0
-121.87,36.95,4.9219,1,0
-121.84,36.94,4.9517,1,0
-121.89,36.89,5.368,1,0
-121.91,36.85,3.1563,1,0
-121.82,36.86,2.1719,1,0
-121.79,37.0,4.8021,1,0
-121.83,36.98,4.3321,1,0
-121.82,36.95,4.6611,1,0
-121.83,37.02,2.9559,1,0
-121.76,37.0,3.1987,1,0
-121.79,37.03,3.934,1,0
-121.69,36.96,5.1433,1,0
-121.75,36.96,4.7569,1,0
-121.75,36.95,4.7071,1,0
-121.77,36.96,3.525,1,0
-121.73,36.93,3.2917,1,0
-121.67,36.93,2.1875,1,0
-122.39,40.59,1.2404,1,0
-122.39,40.58,1.5972,1,0
-122.37,40.58,2.1538,1,0
-122.38,40.58,1.6983,1,0
-122.38,40.58,1.8375,1,0
-122.36,40.58,1.9181,1,0
-122.34,40.58,3.0549,1,0
-122.35,40.57,3.2639,1,0
-122.34,40.57,2.6591,1,0
-122.38,40.57,1.5676,1,0
-122.38,40.56,3.5347,1,0
-122.38,40.54,2.6944,1,0
-122.37,40.54,3.6923,1,0
-122.4,40.58,1.3329,1,0
-122.41,40.58,2.8512,1,0
-122.4,40.58,2.7857,1,0
-122.39,40.57,1.4091,1,0
-122.42,40.59,2.6792,1,0
-122.45,40.61,2.3289,1,0
-122.45,40.56,3.9375,1,0
-122.42,40.57,4.1099,1,0
-122.4,40.57,1.655,1,0
-122.4,40.62,3.1439,1,0
-122.42,40.6,3.4464,1,0
-122.39,40.6,1.4125,1,0
-122.38,40.61,1.7227,1,0
-122.37,40.6,2.4079,1,0
-122.39,40.64,2.4141,1,0
-122.36,40.62,2.2905,1,0
-122.34,40.63,3.6853,1,0
-122.33,40.6,3.8103,1,0
-122.32,40.58,3.0,1,0
-122.3,40.58,1.6033,1,0
-122.36,40.56,2.0258,1,0
-122.37,40.55,2.6705,1,0
-122.36,40.55,2.6513,1,0
-122.46,40.52,5.2149,1,-1
-122.41,40.55,3.0954,1,0
-122.41,40.53,2.037,1,0
-122.39,40.53,2.125,1,0
-122.39,40.52,3.9306,1,0
-122.4,40.51,2.485,1,0
-122.37,40.52,3.7896,1,0
-122.35,40.56,1.9,1,0
-122.35,40.56,1.9881,1,0
-122.35,40.54,2.71,1,0
-122.36,40.57,2.184,1,0
-122.35,40.57,1.6821,1,0
-122.34,40.57,2.0395,1,0
-122.33,40.57,2.5592,1,0
-122.32,40.57,3.3816,1,0
-122.31,40.55,3.5522,1,0
-122.34,40.51,1.9946,1,0
-122.33,40.52,3.5081,1,0
-122.31,40.49,3.35,1,0
-122.28,40.5,2.6488,1,0
-122.4,40.71,2.1458,1,0
-122.43,40.66,2.5417,1,0
-122.42,40.63,1.6429,1,0
-122.38,40.69,1.7422,1,0
-122.36,40.69,1.7427,1,0
-122.35,40.68,1.3801,1,0
-122.36,40.68,2.0391,1,0
-122.38,40.67,2.212,1,0
-122.36,40.66,2.0119,1,0
-122.31,40.65,2.9338,1,0
-122.25,40.6,3.8323,1,0
-122.23,40.63,2.3287,1,0
-122.25,40.66,3.6413,1,0
-122.32,40.71,2.4036,1,0
-122.31,40.75,1.4911,1,0
-122.27,40.53,2.875,1,0
-122.26,40.58,3.9762,1,0
-122.23,40.57,5.1585,1,-1
-122.24,40.51,4.559,1,0
-122.31,40.45,2.0469,1,0
-122.31,40.45,2.0221,1,0
-122.29,40.44,1.3904,1,0
-122.29,40.43,1.9943,1,0
-122.29,40.47,1.9657,1,0
-122.31,40.47,2.3594,1,0
-122.3,40.45,1.6579,1,0
-122.27,40.46,2.2768,1,0
-122.24,40.45,3.5978,1,0
-122.25,40.42,2.8611,1,0
-122.23,40.4,3.0556,1,0
-122.27,40.39,1.3571,1,0
-122.29,40.39,1.8438,1,0
-122.33,40.48,3.2788,1,0
-122.33,40.47,2.125,1,0
-122.36,40.48,2.0899,1,0
-122.37,40.45,3.3315,1,0
-122.42,40.44,2.1875,1,0
-122.43,40.47,2.1496,1,0
-122.45,40.46,2.8085,1,0
-122.37,40.39,3.3005,1,0
-122.32,40.42,2.793,1,0
-122.56,40.75,1.7935,1,0
-122.57,40.61,2.8036,1,0
-122.66,40.52,4.5357,1,0
-122.76,40.4,2.125,1,0
-122.34,41.06,1.8816,1,0
-122.31,40.89,2.2583,1,0
-122.45,40.85,2.7736,1,0
-122.07,40.95,3.0299,1,0
-121.89,40.97,2.225,1,0
-121.86,40.77,2.503,1,0
-121.83,40.69,3.15,1,0
-122.08,40.64,4.0132,1,0
-122.06,40.55,3.5189,1,0
-121.92,40.52,2.2993,1,0
-121.67,40.61,2.1513,1,0
-121.55,40.48,2.7857,1,0
-121.64,40.9,1.7538,1,0
-121.67,40.87,2.9063,1,0
-121.65,40.88,3.0179,1,0
-121.67,40.89,2.267,1,0
-121.63,40.92,2.2337,1,0
-121.41,40.82,2.3393,1,0
-121.47,41.12,2.83,1,-1
-121.45,41.04,2.67,1,0
-120.08,39.61,2.7778,1,0
-120.23,39.56,2.46,1,0
-120.48,39.66,1.8839,1,0
-120.24,39.67,2.3625,1,0
-120.73,39.63,3.8826,1,0
-120.24,39.67,3.625,1,0
-120.92,39.56,1.875,1,0
-120.51,39.52,2.065,1,0
-121.62,41.78,1.7885,1,-1
-121.93,41.86,1.74,1,0
-122.33,41.86,2.234,1,0
-122.53,41.81,1.7639,1,0
-122.26,41.66,2.1607,1,0
-122.64,41.95,1.8242,1,0
-123.26,41.86,2.7222,1,-1
-123.38,41.8,2.2976,1,-1
-123.41,41.6,1.965,1,0
-122.92,41.7,2.3571,1,0
-122.56,41.69,2.4107,1,0
-122.61,41.74,2.0591,1,0
-122.64,41.74,3.3095,1,-1
-122.64,41.73,1.8694,1,0
-122.64,41.73,2.2206,1,0
-122.65,41.72,1.8533,1,0
-122.73,41.76,2.5357,1,0
-122.64,41.63,3.1062,1,-1
-122.56,41.53,2.2024,1,0
-122.93,41.48,2.723,1,0
-122.9,41.46,1.7292,1,0
-123.08,41.26,1.6757,1,0
-122.38,41.54,2.7468,1,0
-122.49,41.43,3.125,1,-1
-122.38,41.43,1.6509,1,0
-122.37,41.41,1.27,1,0
-122.39,41.41,1.7448,1,0
-122.32,41.31,1.1915,1,0
-122.3,41.32,2.1571,1,0
-122.3,41.31,2.4526,1,0
-122.28,41.38,2.8036,1,0
-122.45,41.28,3.4519,1,-1
-122.34,41.21,2.0375,1,0
-122.27,41.23,2.1898,1,0
-122.27,41.2,1.5923,1,0
-121.76,41.5,1.0667,1,-1
-122.09,41.32,2.2462,1,0
-122.22,38.12,5.1014,1,0
-122.19,38.13,4.9504,1,0
-122.21,38.11,3.1768,1,0
-122.21,38.11,3.0962,1,0
-122.21,38.1,3.8029,1,0
-122.22,38.11,3.1848,1,0
-122.22,38.1,3.0221,1,0
-122.22,38.1,2.9469,1,0
-122.22,38.1,3.1204,1,0
-122.22,38.1,3.4559,1,0
-122.22,38.09,2.2734,1,0
-122.21,38.09,3.8667,1,0
-122.2,38.09,5.2957,1,0
-122.22,38.08,3.1053,1,0
-122.22,38.08,3.436,1,0
-122.22,38.07,5.8171,1,0
-122.25,38.09,2.2417,1,0
-122.23,38.09,2.4875,1,0
-122.24,38.07,2.6098,1,0
-122.26,38.1,1.3007,1,0
-122.26,38.1,1.1835,1,0
-122.25,38.1,2.3,1,0
-122.25,38.1,2.75,1,0
-122.25,38.1,2.5042,1,0
-122.25,38.1,2.1411,1,0
-122.23,38.1,2.4201,1,0
-122.24,38.1,2.9432,1,0
-122.24,38.11,3.0507,1,0
-122.24,38.11,2.3241,1,0
-122.23,38.1,2.5969,1,0
-122.23,38.12,4.2308,1,0
-122.23,38.11,4.0,1,0
-122.24,38.11,4.775,1,0
-122.23,38.13,3.2664,1,0
-122.24,38.13,4.0938,1,0
-122.24,38.12,4.2902,1,0
-122.24,38.12,4.0114,1,0
-122.25,38.12,2.5865,1,0
-122.25,38.11,2.6133,1,0
-122.25,38.11,2.1976,1,0
-122.26,38.11,1.9667,1,0
-122.26,38.11,1.7411,1,0
-122.26,38.11,2.6708,1,0
-122.26,38.12,3.1025,1,0
-122.27,38.12,2.6937,1,0
-122.27,38.12,2.7375,1,0
-122.26,38.15,4.0515,1,0
-122.26,38.14,4.0156,1,0
-122.26,38.15,4.5053,1,0
-122.32,38.12,5.3785,1,0
-122.26,38.13,1.6368,1,0
-122.24,38.14,3.724,1,0
-122.24,38.15,4.4529,1,0
-122.25,38.15,3.7014,1,0
-122.22,38.15,5.5138,1,0
-122.23,38.15,1.756,1,0
-122.23,38.14,2.3056,1,0
-122.15,38.04,2.6466,1,0
-122.16,38.05,3.1373,1,0
-122.16,38.05,4.6776,1,0
-122.19,38.07,4.6406,1,0
-122.18,38.07,5.3288,1,0
-122.17,38.07,6.4599,1,0
-122.16,38.07,4.5321,1,0
-122.17,38.06,4.4397,1,0
-122.15,38.06,5.3661,1,0
-122.17,38.08,6.4232,1,0
-122.2,38.1,4.4821,1,0
-122.19,38.09,6.3735,1,0
-122.14,38.05,3.2891,1,0
-122.14,38.07,4.6761,1,0
-122.11,38.09,2.3929,1,0
-122.13,38.26,3.3281,1,0
-122.15,38.29,6.5891,1,0
-122.18,38.29,8.0113,1,0
-122.18,38.23,7.2589,1,0
-122.14,38.16,5.3345,1,0
-122.18,38.17,5.2523,1,0
-122.07,38.26,6.0487,1,0
-122.1,38.24,5.3102,1,0
-122.06,38.27,5.0672,1,0
-122.07,38.27,4.3586,1,0
-122.08,38.3,6.8872,1,0
-122.04,38.28,3.676,1,0
-122.04,38.28,5.2527,1,0
-122.03,38.28,4.4882,1,0
-122.03,38.3,6.6779,1,0
-122.0,38.28,4.962,1,0
-121.98,38.29,5.4399,1,0
-121.99,38.15,2.5313,1,0
-122.05,38.26,2.6827,1,0
-122.05,38.25,3.815,1,0
-122.06,38.25,3.3153,1,0
-122.06,38.25,3.3598,1,0
-122.06,38.26,3.3839,1,0
-122.07,38.24,3.5464,1,0
-122.04,38.25,2.8438,1,0
-122.05,38.25,6.2299,1,0
-122.04,38.26,2.7885,1,0
-122.04,38.25,2.7167,1,0
-122.04,38.25,3.0938,1,0
-122.04,38.25,2.4,1,0
-122.05,38.26,3.0912,1,0
-122.04,38.27,3.1853,1,0
-122.03,38.27,2.7284,1,0
-122.03,38.26,2.9576,1,0
-122.02,38.26,2.5896,1,0
-122.03,38.25,3.1389,1,0
-122.02,38.27,3.2115,1,0
-122.02,38.26,3.2061,1,0
-122.01,38.27,4.0619,1,0
-122.02,38.26,3.6335,1,0
-122.0,38.23,5.2636,1,0
-122.03,38.24,5.4074,1,0
-122.04,38.24,1.6875,1,0
-122.04,38.24,1.9954,1,0
-122.03,38.25,4.0905,1,0
-122.01,38.25,3.8583,1,0
-122.01,38.25,4.6779,1,0
-122.02,38.25,3.1176,1,0
-122.0,38.25,4.9222,1,0
-121.98,38.25,4.9103,1,0
-122.01,38.26,4.5987,1,0
-121.99,38.27,3.1979,1,0
-121.99,38.26,6.0842,1,0
-121.94,38.27,2.5681,1,0
-121.94,38.37,2.8357,1,0
-121.94,38.37,3.2396,1,0
-121.94,38.38,1.0208,1,0
-121.94,38.36,5.0346,1,0
-121.99,38.48,4.6719,1,0
-122.01,38.44,4.9773,1,0
-122.0,38.41,4.945,1,0
-122.07,38.41,3.4741,1,0
-121.95,38.43,5.1534,1,0
-121.94,38.41,4.5,1,0
-121.92,38.37,2.7051,1,0
-121.96,38.34,6.0252,1,0
-121.96,38.34,3.6036,1,0
-121.95,38.35,5.8269,1,0
-121.94,38.35,4.412,1,0
-121.92,38.34,6.1112,1,0
-121.95,38.34,4.2324,1,0
-121.96,38.33,4.976,1,0
-121.96,38.32,4.0458,1,0
-121.93,38.31,4.875,1,0
-121.98,38.32,10.2264,1,0
-121.98,38.36,2.433,1,0
-121.99,38.35,2.4659,1,0
-122.0,38.35,2.5707,1,0
-122.0,38.35,4.2115,1,0
-122.0,38.35,3.6176,1,0
-122.01,38.35,3.8651,1,0
-122.01,38.36,7.1053,1,0
-121.98,38.36,4.163,1,0
-121.97,38.35,3.7388,1,0
-121.97,38.34,4.5568,1,0
-121.96,38.35,4.0938,1,0
-121.96,38.34,3.89,1,0
-121.96,38.36,2.7434,1,0
-121.98,38.35,4.4375,1,0
-121.98,38.34,4.0536,1,0
-121.97,38.34,4.0329,1,0
-121.98,38.34,2.5938,1,0
-121.99,38.34,4.0433,1,0
-121.99,38.34,4.2137,1,0
-122.0,38.35,5.5435,1,0
-122.0,38.38,6.0704,1,0
-122.01,38.37,5.778,1,0
-122.01,38.36,4.9583,1,0
-122.02,38.38,6.0767,1,0
-122.02,38.37,6.4894,1,0
-122.01,38.36,5.9441,1,0
-121.98,38.39,5.1781,1,0
-121.98,38.37,2.8438,1,0
-121.98,38.36,2.1067,1,0
-122.0,38.37,3.625,1,0
-121.99,38.36,3.2768,1,0
-122.0,38.36,2.7262,1,0
-121.99,38.36,3.5179,1,0
-122.0,38.36,3.3438,1,0
-121.82,38.36,3.3036,1,0
-121.81,38.49,3.9309,1,0
-121.76,38.41,3.9306,1,0
-121.81,38.45,3.7061,1,0
-121.82,38.46,3.7083,1,0
-121.85,38.43,5.0862,1,0
-121.83,38.45,4.8611,1,0
-121.83,38.45,3.2672,1,0
-121.83,38.45,2.3438,1,0
-121.83,38.43,2.2244,1,0
-121.81,38.43,3.9286,1,0
-121.76,38.25,2.625,1,0
-121.69,38.16,3.2937,1,0
-121.69,38.16,2.2888,1,0
-121.73,38.13,3.0288,1,0
-121.74,38.15,4.8173,1,0
-121.84,38.13,4.2813,1,0
-122.42,38.27,4.5313,1,0
-122.49,38.22,3.5647,1,0
-122.41,38.16,2.7457,1,0
-122.45,38.3,3.5507,1,0
-122.47,38.3,3.4031,1,0
-122.42,38.31,4.7356,1,0
-122.44,38.34,1.9487,1,0
-122.46,38.29,2.364,1,0
-122.46,38.29,3.5982,1,0
-122.45,38.28,5.7984,1,0
-122.47,38.29,2.5658,1,0
-122.45,38.27,4.2237,1,0
-122.52,38.27,5.2155,1,0
-122.53,38.32,5.795,1,0
-122.49,38.32,3.3098,1,0
-122.49,38.31,3.25,1,0
-122.49,38.3,3.3571,1,0
-122.48,38.3,2.652,1,0
-122.49,38.29,3.8,1,0
-122.49,38.27,3.5625,1,0
-122.47,38.34,4.3472,1,0
-122.49,38.32,3.2727,1,0
-122.48,38.32,3.1375,1,0
-122.48,38.31,2.3276,1,0
-122.48,38.31,2.7727,1,0
-122.48,38.32,3.1129,1,0
-122.55,38.42,4.2891,1,0
-122.58,38.38,4.7237,1,0
-122.5,38.4,4.1307,1,0
-122.5,38.35,3.075,1,0
-122.54,38.36,3.7969,1,0
-122.61,38.24,4.7,1,0
-122.61,38.24,3.4896,1,0
-122.61,38.23,2.9871,1,0
-122.62,38.24,6.204,1,0
-122.61,38.25,5.2452,1,0
-122.6,38.24,4.725,1,0
-122.61,38.24,5.0849,1,0
-122.6,38.24,4.8603,1,0
-122.63,38.25,3.7115,1,0
-122.62,38.24,4.0341,1,0
-122.62,38.25,4.0962,1,0
-122.61,38.26,4.6833,1,0
-122.62,38.25,2.875,1,0
-122.62,38.25,4.6534,1,0
-122.57,38.27,5.3707,1,0
-122.51,38.17,3.6392,1,0
-122.65,38.27,5.1391,1,0
-122.63,38.26,4.6069,1,0
-122.66,38.27,2.1696,1,0
-122.63,38.24,2.5179,1,0
-122.63,38.23,3.0139,1,0
-122.64,38.23,3.0769,1,0
-122.64,38.23,4.075,1,0
-122.63,38.22,4.0417,1,0
-122.63,38.22,5.565,1,0
-122.63,38.21,6.2034,1,0
-122.63,38.23,4.0703,1,0
-122.65,38.23,3.1711,1,0
-122.64,38.23,3.3011,1,0
-122.65,38.23,3.45,1,0
-122.66,38.2,4.3056,1,0
-122.64,38.24,2.5202,1,0
-122.64,38.24,3.7917,1,0
-122.65,38.25,3.402,1,0
-122.65,38.24,4.95,1,0
-122.65,38.24,4.275,1,0
-122.64,38.25,3.8,1,0
-122.69,38.27,4.0313,1,0
-122.67,38.25,4.0729,1,0
-122.68,38.25,3.8269,1,0
-122.67,38.24,5.0544,1,0
-122.77,38.29,3.2442,1,0
-122.73,38.26,4.385,1,0
-122.7,38.23,3.5673,1,0
-122.72,38.35,2.4117,1,0
-122.72,38.31,4.3906,1,0
-122.67,38.31,3.7875,1,0
-122.69,38.3,3.3827,1,0
-122.73,38.34,2.5819,1,0
-122.69,38.32,4.6324,1,0
-122.71,38.33,3.6953,1,0
-122.7,38.31,4.1964,1,0
-122.7,38.33,3.6369,1,0
-122.69,38.32,5.6613,1,0
-122.69,38.34,3.733,1,0
-122.7,38.33,3.0078,1,0
-122.71,38.34,2.6033,1,0
-122.7,38.33,3.375,1,0
-122.69,38.35,7.226,1,0
-122.69,38.34,4.0071,1,0
-122.71,38.35,2.3464,1,0
-122.7,38.35,3.7813,1,0
-122.7,38.35,1.6033,1,0
-122.7,38.34,2.8261,1,0
-122.71,38.34,3.1781,1,0
-122.69,38.37,4.8233,1,0
-122.71,38.37,5.6018,1,0
-122.69,38.35,4.4444,1,0
-122.69,38.36,2.4827,1,0
-122.7,38.35,5.0366,1,0
-122.7,38.36,4.221,1,0
-122.63,38.34,5.1966,1,0
-122.68,38.36,4.3278,1,0
-122.69,38.34,4.0844,1,0
-122.67,38.33,3.9518,1,0
-122.69,38.34,3.2857,1,0
-122.68,38.4,3.1047,1,0
-122.7,38.43,1.6685,1,0
-122.71,38.42,1.6267,1,0
-122.71,38.4,1.439,1,0
-122.7,38.39,2.0915,1,0
-122.62,38.4,6.5261,1,0
-122.66,38.44,4.3657,1,0
-122.67,38.44,4.3587,1,0
-122.68,38.43,3.5885,1,0
-122.65,38.4,6.8586,1,0
-122.65,38.37,5.7204,1,0
-122.67,38.43,4.5588,1,0
-122.67,38.43,3.2813,1,0
-122.66,38.42,4.023,1,0
-122.68,38.43,6.0774,1,0
-122.58,38.46,3.3981,1,0
-122.61,38.42,4.6957,1,0
-122.58,38.43,3.9375,1,0
-122.59,38.44,3.183,1,0
-122.59,38.43,3.4561,1,0
-122.56,38.41,5.93,1,0
-122.66,38.46,2.6023,1,0
-122.66,38.45,4.4375,1,0
-122.67,38.45,2.9222,1,0
-122.67,38.44,3.2415,1,0
-122.68,38.44,2.9107,1,0
-122.7,38.45,3.9766,1,0
-122.68,38.45,4.0139,1,0
-122.69,38.44,2.7222,1,0
-122.69,38.44,3.5521,1,0
-122.68,38.44,3.4545,1,0
-122.7,38.44,3.2845,1,0
-122.69,38.45,3.9191,1,0
-122.69,38.44,3.8583,1,0
-122.7,38.44,2.1912,1,0
-122.7,38.44,3.2935,1,0
-122.71,38.43,2.2262,1,0
-122.71,38.43,1.5026,1,0
-122.72,38.44,1.5357,1,0
-122.71,38.44,1.3684,1,0
-122.71,38.44,1.7,1,0
-122.72,38.47,1.9932,1,0
-122.72,38.46,2.9073,1,0
-122.72,38.45,3.1467,1,0
-122.71,38.46,2.314,1,0
-122.71,38.46,2.905,1,0
-122.71,38.46,3.0444,1,0
-122.71,38.45,2.9663,1,0
-122.71,38.45,3.455,1,0
-122.7,38.45,1.125,1,0
-122.71,38.45,2.1827,1,0
-122.68,38.48,5.3409,1,0
-122.67,38.47,2.4722,1,0
-122.68,38.46,4.7143,1,0
-122.67,38.47,3.0568,1,0
-122.68,38.46,2.3929,1,0
-122.71,38.46,3.9261,1,0
-122.7,38.46,5.0415,1,0
-122.69,38.46,5.0,1,0
-122.7,38.45,4.1734,1,0
-122.72,38.48,6.0298,1,0
-122.68,38.46,7.3003,1,0
-122.71,38.5,6.6104,1,0
-122.66,38.48,4.2051,1,0
-122.66,38.48,2.825,1,0
-122.66,38.47,3.7617,1,0
-122.65,38.46,4.0647,1,0
-122.66,38.48,3.267,1,0
-122.66,38.47,4.75,1,0
-122.69,38.51,6.6854,1,0
-122.64,38.48,5.8369,1,0
-122.65,38.47,3.858,1,0
-122.6,38.48,6.6004,1,0
-122.62,38.54,4.5167,1,0
-122.63,38.5,5.7819,1,0
-122.65,38.48,5.5061,1,0
-122.75,38.54,5.4886,1,0
-122.78,38.52,2.4922,1,0
-122.79,38.5,3.75,1,0
-122.76,38.52,3.055,1,0
-122.75,38.5,5.449,1,0
-122.73,38.46,2.0651,1,0
-122.73,38.47,3.7266,1,0
-122.74,38.47,3.0714,1,0
-122.74,38.46,2.6607,1,0
-122.74,38.48,4.551,1,0
-122.75,38.48,4.5417,1,0
-122.79,38.48,3.1662,1,0
-122.81,38.46,4.745,1,0
-122.75,38.46,3.0147,1,0
-122.75,38.46,2.6384,1,0
-122.76,38.46,4.5152,1,0
-122.76,38.46,4.2061,1,0
-122.73,38.46,1.722,1,0
-122.74,38.45,3.9329,1,0
-122.74,38.45,4.0798,1,0
-122.74,38.44,2.6576,1,0
-122.73,38.44,3.875,1,0
-122.72,38.44,3.1797,1,0
-122.73,38.44,2.3824,1,0
-122.73,38.44,2.4,1,0
-122.72,38.44,0.9437,1,0
-122.74,38.44,3.5845,1,0
-122.74,38.43,3.0341,1,0
-122.73,38.43,3.7132,1,0
-122.76,38.45,3.6292,1,0
-122.82,38.44,4.6792,1,0
-122.76,38.44,4.7283,1,0
-122.76,38.44,3.8244,1,0
-122.78,38.44,3.9766,1,0
-122.79,38.42,5.038,1,0
-122.74,38.42,2.375,1,0
-122.73,38.43,2.1864,1,0
-122.72,38.43,2.5735,1,0
-122.72,38.42,1.9458,1,0
-122.72,38.42,3.0969,1,0
-122.73,38.42,4.3523,1,0
-122.72,38.42,2.8036,1,0
-122.73,38.4,2.975,1,0
-122.73,38.37,3.1094,1,0
-122.75,38.43,2.6667,1,0
-122.78,38.41,2.5917,1,0
-122.77,38.39,2.75,1,0
-122.75,38.41,3.9688,1,0
-122.82,38.41,2.785,1,0
-122.84,38.42,2.9625,1,0
-122.86,38.42,3.6667,1,0
-122.84,38.41,4.125,1,0
-122.83,38.4,3.1217,1,0
-122.84,38.4,3.6696,1,0
-122.78,38.37,3.7991,1,0
-122.82,38.4,3.8846,1,0
-122.8,38.37,4.1731,1,0
-122.8,38.39,2.9453,1,0
-122.84,38.39,4.4357,1,0
-122.83,38.39,2.462,1,0
-122.82,38.39,3.625,1,0
-122.82,38.39,4.7422,1,0
-122.82,38.38,4.5132,1,0
-122.76,38.35,5.0323,1,0
-122.87,38.39,4.5147,1,0
-122.77,38.33,4.5875,1,0
-122.82,38.33,3.9917,1,0
-122.88,38.34,5.0574,1,0
-122.81,38.36,5.2769,1,0
-122.85,38.37,4.4437,1,0
-122.89,38.38,5.7664,1,0
-122.86,38.44,3.4471,1,0
-122.89,38.42,5.1512,1,0
-122.87,38.43,4.0446,1,0
-122.91,38.43,4.6705,1,0
-122.89,38.4,4.511,1,0
-123.04,38.49,2.6161,1,0
-123.02,38.46,2.0556,1,0
-122.98,38.44,3.1,1,0
-123.01,38.48,1.3712,1,0
-123.02,38.54,3.2315,1,0
-123.0,38.51,2.6726,1,0
-122.97,38.5,1.9265,1,0
-122.97,38.53,2.1165,1,0
-122.94,38.53,3.7143,1,0
-122.94,38.5,2.6316,1,0
-122.91,38.49,3.6343,1,0
-122.87,38.48,3.5085,1,0
-122.88,38.46,2.5687,1,0
-122.85,38.46,4.7105,1,0
-122.94,38.49,2.7072,1,0
-122.91,38.46,4.5,1,0
-122.72,38.58,5.0555,1,0
-122.82,38.55,3.8616,1,0
-122.85,38.52,3.6583,1,0
-122.78,38.53,4.2716,1,0
-122.81,38.54,1.1553,1,0
-122.82,38.53,3.276,1,0
-122.79,38.54,3.7768,1,0
-122.87,38.61,3.7361,1,0
-122.87,38.62,2.1903,1,0
-122.86,38.61,3.4013,1,0
-122.86,38.62,2.7432,1,0
-122.87,38.62,3.1875,1,0
-122.82,38.64,3.8681,1,0
-122.83,38.58,3.2452,1,0
-122.82,38.61,4.0294,1,0
-122.85,38.62,4.5913,1,0
-123.01,38.67,4.6875,1,0
-122.94,38.57,5.1005,1,0
-122.94,38.64,4.0781,1,0
-122.95,38.73,2.9792,1,0
-122.87,38.68,3.7352,1,0
-122.85,38.77,4.6953,1,0
-122.7,38.66,3.9063,1,0
-123.03,38.79,3.375,1,0
-123.02,38.81,3.025,1,0
-123.02,38.81,3.2425,1,0
-123.01,38.8,3.5156,1,0
-123.01,38.79,3.2546,1,0
-123.1,38.79,2.8344,1,0
-123.49,38.7,3.3125,1,0
-123.24,38.7,2.7171,1,0
-123.25,38.54,3.3536,1,0
-123.08,38.38,3.9167,1,0
-122.96,38.42,2.9375,1,0
-123.07,38.46,2.3611,1,0
-122.93,38.38,3.9336,1,0
-123.02,38.36,3.8589,1,0
-123.0,38.33,5.6445,1,0
-120.84,37.92,3.3333,1,0
-120.79,37.82,3.2667,1,0
-120.9,37.81,3.7031,1,0
-120.9,37.76,2.2024,1,0
-120.86,37.73,3.1136,1,0
-120.79,37.76,5.5228,1,0
-120.76,37.73,3.5833,1,0
-120.69,37.77,3.3182,1,0
-120.87,37.77,3.5959,1,0
-120.85,37.77,1.8625,1,0
-120.86,37.77,1.7188,1,0
-120.86,37.77,3.825,1,0
-120.86,37.77,2.3523,1,0
-120.87,37.76,1.7143,1,0
-120.85,37.77,2.0833,1,0
-120.85,37.77,2.4717,1,0
-120.86,37.76,3.0917,1,0
-120.87,37.76,2.5655,1,0
-120.85,37.75,1.625,1,0
-120.85,37.78,3.3169,1,0
-120.85,37.78,2.2679,1,0
-120.85,37.77,2.4583,1,0
-120.85,37.78,2.2386,1,0
-120.83,37.77,1.6759,1,0
-120.85,37.77,1.3583,1,0
-120.83,37.76,2.9125,1,0
-120.83,37.79,3.6875,1,0
-120.93,37.74,2.3023,1,0
-120.94,37.74,2.3469,1,0
-120.95,37.74,3.0043,1,0
-120.95,37.73,2.8565,1,0
-120.93,37.73,2.6343,1,0
-120.93,37.72,4.3864,1,0
-120.98,37.71,2.4211,1,0
-120.99,37.7,3.5877,1,0
-120.97,37.69,3.8598,1,0
-120.91,37.74,3.25,1,0
-120.91,37.73,2.4063,1,0
-120.92,37.7,1.6172,1,0
-120.94,37.7,4.4,1,0
-120.97,37.73,5.7476,1,0
-121.01,37.74,8.7783,1,-1
-121.01,37.72,2.5486,1,0
-121.06,37.73,4.9236,1,0
-121.07,37.71,3.375,1,0
-121.08,37.69,3.2246,1,0
-121.14,37.7,3.2391,1,0
-121.09,37.67,3.3482,1,0
-121.09,37.61,3.8864,1,0
-121.18,37.64,2.875,1,0
-121.06,37.7,3.462,1,0
-121.04,37.7,3.3036,1,0
-121.04,37.69,4.5332,1,0
-121.02,37.71,3.6023,1,0
-121.03,37.69,3.4632,1,0
-121.02,37.7,3.3438,1,0
-121.0,37.71,2.25,1,0
-121.01,37.7,3.2447,1,0
-121.06,37.67,3.4167,1,0
-121.06,37.66,4.6053,1,0
-121.05,37.65,4.5701,1,0
-121.04,37.66,4.1705,1,0
-121.04,37.65,3.3567,1,0
-121.03,37.65,3.9844,1,0
-121.04,37.67,0.536,1,0
-121.0,37.69,3.4079,1,0
-121.01,37.69,2.48,1,0
-121.01,37.68,5.5,1,0
-121.0,37.68,6.9682,1,0
-121.0,37.68,4.9904,1,0
-121.01,37.68,3.5775,1,0
-121.0,37.67,1.125,1,0
-121.04,37.68,2.0272,1,0
-121.04,37.68,2.3783,1,0
-121.02,37.69,3.5208,1,0
-121.03,37.69,3.8065,1,0
-121.04,37.69,3.0217,1,0
-121.02,37.68,3.996,1,0
-121.03,37.68,2.6567,1,0
-121.03,37.68,3.7857,1,0
-121.02,37.68,3.5489,1,0
-120.94,37.68,4.2471,1,0
-120.95,37.67,4.3864,1,0
-120.96,37.66,4.2823,1,0
-120.95,37.66,5.1473,1,0
-120.95,37.65,2.2279,1,0
-120.93,37.67,3.3844,1,0
-120.93,37.66,4.744,1,0
-120.94,37.66,6.8654,1,0
-120.98,37.69,5.5684,1,0
-120.99,37.69,6.4788,1,0
-120.99,37.68,2.6932,1,0
-120.98,37.68,3.1912,1,0
-120.97,37.69,3.4667,1,0
-120.97,37.69,3.072,1,0
-120.97,37.68,3.1625,1,0
-120.97,37.68,4.7159,1,0
-120.98,37.68,3.1848,1,0
-120.99,37.68,2.2336,1,0
-120.99,37.67,2.1518,1,0
-120.98,37.67,3.65,1,0
-120.97,37.68,3.3368,1,0
-120.98,37.68,2.166,1,0
-120.97,37.67,4.3851,1,0
-120.96,37.67,2.9219,1,0
-120.96,37.67,4.2969,1,0
-120.97,37.67,2.4,1,0
-120.97,37.66,3.1286,1,0
-120.96,37.66,3.8542,1,0
-120.97,37.66,3.5395,1,0
-120.97,37.66,2.0227,1,0
-120.98,37.66,4.5208,1,0
-120.98,37.66,2.6346,1,0
-120.98,37.65,2.5,1,0
-120.98,37.66,0.9336,1,0
-120.98,37.67,2.7621,1,0
-120.99,37.67,1.8315,1,0
-120.99,37.66,1.933,1,0
-120.99,37.66,2.5938,1,0
-120.99,37.66,2.9137,1,0
-120.99,37.65,2.1487,1,0
-121.0,37.65,2.5089,1,0
-121.0,37.67,2.5148,1,0
-121.01,37.67,3.0721,1,0
-121.01,37.66,4.5,1,0
-121.0,37.66,3.2632,1,0
-121.0,37.66,3.9844,1,0
-121.01,37.65,2.1969,1,0
-121.02,37.67,2.6722,1,0
-121.03,37.67,3.1857,1,0
-121.03,37.66,2.1528,1,0
-121.02,37.66,3.1568,1,0
-121.02,37.66,1.6078,1,0
-121.02,37.65,3.0645,1,0
-121.03,37.64,3.148,1,0
-121.03,37.63,3.0398,1,0
-121.05,37.64,3.3516,1,0
-121.05,37.62,3.4125,1,0
-121.02,37.64,2.1036,1,0
-121.02,37.63,1.564,1,0
-121.02,37.62,2.5363,1,0
-121.02,37.61,1.7104,1,0
-121.03,37.62,2.8194,1,0
-121.03,37.62,2.5313,1,0
-121.02,37.62,1.6731,1,0
-121.01,37.64,1.3036,1,0
-121.01,37.64,1.9013,1,0
-121.01,37.64,1.0217,1,0
-121.0,37.64,1.2902,1,0
-120.99,37.64,2.7538,1,0
-120.99,37.64,1.8162,1,0
-121.0,37.65,0.6825,1,0
-121.01,37.65,0.4999,1,0
-121.0,37.64,0.9573,1,0
-121.0,37.64,1.1875,1,0
-120.97,37.65,3.9886,1,0
-120.96,37.64,2.7917,1,0
-120.97,37.64,2.0833,1,0
-120.98,37.65,7.3841,1,-1
-120.98,37.64,3.1397,1,0
-120.98,37.64,2.1458,1,0
-120.9,37.66,2.9783,1,0
-120.91,37.66,2.6523,1,0
-120.9,37.64,1.6767,1,0
-120.94,37.65,3.0577,1,0
-120.93,37.65,4.25,1,0
-120.92,37.65,1.3696,1,0
-120.95,37.65,2.6964,1,0
-120.96,37.65,2.4485,1,0
-120.95,37.64,2.7209,1,0
-120.94,37.63,1.425,1,0
-120.92,37.63,1.7679,1,0
-120.96,37.64,3.625,1,0
-120.98,37.64,1.6952,1,0
-120.97,37.63,1.7054,1,0
-121.0,37.63,1.75,1,0
-121.0,37.63,1.59,1,0
-121.01,37.63,1.9643,1,0
-121.01,37.62,1.8167,1,0
-121.01,37.62,2.0885,1,0
-120.98,37.62,1.9206,1,0
-120.99,37.63,2.4792,1,0
-121.0,37.62,1.0801,1,0
-120.99,37.62,1.5515,1,0
-121.01,37.61,3.4703,1,0
-121.0,37.61,2.273,1,0
-121.0,37.6,2.6899,1,0
-121.02,37.6,2.5993,1,0
-120.98,37.6,2.1779,1,0
-120.99,37.61,1.2857,1,0
-120.98,37.59,4.6484,1,0
-120.96,37.59,2.3849,1,0
-120.95,37.59,1.8929,1,0
-120.94,37.61,3.8372,1,0
-120.95,37.61,4.6833,1,0
-120.96,37.61,1.9444,1,0
-120.97,37.61,1.871,1,0
-120.95,37.6,2.9821,1,0
-120.94,37.6,3.5331,1,0
-120.95,37.59,1.8466,1,0
-120.94,37.59,2.3152,1,0
-120.94,37.58,2.0493,1,0
-120.95,37.62,3.7041,1,0
-120.97,37.62,2.9451,1,0
-120.54,37.68,1.2273,1,0
-120.64,37.7,1.8958,1,0
-120.75,37.69,3.8214,1,0
-120.86,37.69,3.0809,1,0
-120.87,37.64,3.8984,1,0
-120.82,37.64,2.69,1,0
-120.77,37.64,2.6417,1,0
-120.76,37.65,2.0385,1,0
-120.46,37.65,1.4464,1,0
-120.59,37.59,5.6945,1,0
-120.69,37.59,2.3906,1,0
-120.76,37.61,3.2604,1,0
-120.8,37.61,3.9688,1,0
-120.76,37.58,3.6181,1,0
-120.83,37.58,3.6629,1,0
-120.85,37.57,3.4934,1,0
-120.88,37.57,3.9821,1,0
-120.87,37.62,4.8958,1,0
-120.87,37.6,2.6619,1,0
-120.86,37.6,4.5625,1,0
-120.89,37.59,2.151,1,0
-120.92,37.6,3.7611,1,0
-120.92,37.59,2.6591,1,0
-120.91,37.57,2.0521,1,0
-120.93,37.56,1.55,1,0
-120.95,37.57,3.1125,1,0
-120.98,37.57,2.6406,1,0
-121.02,37.58,1.7169,1,0
-121.04,37.6,2.1875,1,0
-121.09,37.56,2.6705,1,0
-121.03,37.55,1.9728,1,0
-121.04,37.5,3.1875,1,0
-121.02,37.48,4.1346,1,0
-121.12,37.48,3.2396,1,0
-121.14,37.47,2.8833,1,0
-121.14,37.48,3.7045,1,0
-121.13,37.47,2.1833,1,0
-121.11,37.47,3.5795,1,0
-121.14,37.46,5.2452,1,0
-121.2,37.6,2.3173,1,0
-121.27,37.56,2.8558,1,0
-121.31,37.44,0.536,1,0
-121.21,37.5,3.0,1,0
-121.14,37.52,3.1645,1,0
-121.06,37.45,3.4464,1,0
-121.06,37.42,3.5,1,0
-121.11,37.43,2.5,1,0
-121.29,37.33,4.0,1,0
-121.09,37.33,1.7188,1,0
-121.01,37.37,2.3583,1,0
-121.01,37.33,1.6214,1,0
-121.03,37.33,3.06,1,0
-121.03,37.32,2.2566,1,0
-121.04,37.3,3.3824,1,0
-120.84,37.53,3.1523,1,0
-120.86,37.53,1.6445,1,0
-120.88,37.53,5.3168,1,0
-120.85,37.55,2.5938,1,0
-120.89,37.54,2.2679,1,0
-120.89,37.52,2.5402,1,0
-120.96,37.54,3.4643,1,0
-120.96,37.51,2.3864,1,0
-120.96,37.48,2.9844,1,0
-120.97,37.43,2.1875,1,0
-120.8,37.55,3.1641,1,0
-120.79,37.53,3.3083,1,0
-120.8,37.53,2.1932,1,0
-120.81,37.53,1.875,1,0
-120.82,37.54,6.1324,1,0
-120.8,37.52,3.9286,1,0
-120.72,37.54,4.2188,1,0
-120.79,37.49,3.4167,1,0
-120.84,37.47,2.7857,1,0
-120.89,37.48,2.9135,1,0
-120.89,37.45,3.6597,1,0
-120.88,37.52,2.6103,1,0
-120.87,37.5,3.1042,1,0
-120.86,37.5,1.9829,1,0
-120.85,37.49,1.9429,1,0
-120.86,37.49,1.6213,1,0
-120.86,37.49,2.4706,1,0
-120.85,37.49,1.4063,1,0
-120.84,37.48,2.7381,1,0
-120.86,37.52,3.4821,1,0
-120.85,37.51,2.2292,1,0
-120.85,37.51,1.5531,1,0
-120.84,37.5,2.2083,1,0
-120.85,37.5,1.7227,1,0
-120.84,37.49,1.4529,1,0
-120.82,37.49,3.5547,1,0
-120.82,37.51,4.4083,1,0
-120.83,37.51,4.601,1,0
-120.82,37.5,4.4886,1,0
-120.83,37.5,3.375,1,0
-120.84,37.51,2.7243,1,0
-120.84,37.51,2.0643,1,0
-120.83,37.52,4.1859,1,0
-120.84,37.52,3.7065,1,0
-120.84,37.51,3.8958,1,0
-120.83,37.51,4.6635,1,0
-121.62,39.16,3.809,1,0
-121.63,39.16,2.4183,1,0
-121.63,39.15,5.3946,1,0
-121.62,39.16,2.4556,1,0
-121.63,39.15,1.5613,1,0
-121.63,39.15,1.8849,1,0
-121.62,39.15,3.0962,1,0
-121.62,39.15,1.9375,1,0
-121.63,39.14,2.5038,1,0
-121.62,39.14,1.6902,1,0
-121.61,39.14,1.4661,1,0
-121.62,39.13,1.6719,1,0
-121.63,39.13,1.8208,1,0
-121.62,39.13,2.2431,1,0
-121.61,39.13,1.6823,1,0
-121.63,39.12,3.4492,1,0
-121.62,39.12,2.5469,1,0
-121.61,39.13,1.4727,1,0
-121.6,39.12,1.3348,1,0
-121.62,39.12,4.2188,1,0
-121.63,39.12,4.3864,1,0
-121.62,39.11,3.2465,1,0
-121.63,39.1,4.174,1,0
-121.62,39.11,4.2792,1,0
-121.62,39.09,3.8534,1,0
-121.68,39.13,3.4698,1,0
-121.65,39.13,2.6842,1,0
-121.68,39.11,4.0625,1,0
-121.64,39.12,4.2656,1,0
-121.64,39.11,3.3793,1,0
-121.66,39.09,4.45,1,0
-121.67,39.18,3.3958,1,0
-121.68,39.15,4.3833,1,0
-121.67,39.14,3.6111,1,0
-121.63,39.18,2.0978,1,0
-121.66,39.15,3.4426,1,0
-121.65,39.16,2.3963,1,0
-121.64,39.15,5.234,1,0
-121.71,39.25,4.0,1,0
-121.68,39.29,1.5281,1,0
-121.64,39.28,1.8095,1,0
-121.64,39.22,3.8611,1,0
-121.67,39.26,1.6315,1,0
-121.83,39.23,2.4464,1,0
-121.74,39.15,2.8,1,0
-121.83,39.1,3.2917,1,0
-121.91,39.14,2.125,1,0
-121.76,38.94,3.6111,1,0
-121.67,38.85,1.7417,1,0
-121.69,38.87,2.6597,1,0
-121.62,38.96,1.9797,1,0
-121.7,39.07,3.3125,1,0
-121.47,38.95,2.7039,1,0
-121.52,38.9,2.9048,1,0
-121.58,38.81,1.7857,1,0
-121.51,38.79,2.9324,1,0
-122.1,40.05,2.1827,1,0
-122.08,40.09,2.3657,1,0
-122.12,40.14,2.5197,1,0
-122.17,40.2,3.3594,1,0
-121.8,40.34,2.881,1,0
-121.78,40.12,6.1359,1,-1
-122.42,40.32,2.6827,1,0
-122.34,40.32,2.6352,1,0
-122.23,40.32,3.0833,1,0
-122.38,40.09,3.1361,1,0
-122.57,39.9,2.4555,1,0
-122.72,40.17,1.3889,1,0
-122.2,40.26,3.1908,1,0
-122.38,40.2,2.8447,1,0
-122.35,40.25,3.5,1,0
-122.26,40.19,2.0425,1,0
-122.24,40.19,3.7,1,0
-122.23,40.2,4.2917,1,0
-122.24,40.18,1.6483,1,0
-122.24,40.17,1.577,1,0
-122.25,40.17,1.8077,1,0
-122.22,40.18,2.3517,1,0
-122.21,40.2,2.6149,1,0
-122.19,40.2,3.5305,1,0
-122.21,40.18,2.1898,1,0
-122.25,40.17,1.9727,1,0
-122.24,40.16,2.035,1,0
-122.23,40.17,2.225,1,0
-122.23,40.15,1.787,1,0
-122.25,40.15,2.4375,1,0
-122.17,40.11,1.7708,1,0
-122.19,40.07,1.9773,1,0
-122.18,40.02,2.25,1,0
-122.14,40.07,1.4923,1,0
-122.13,40.01,2.125,1,0
-122.1,40.03,1.7566,1,0
-122.06,40.02,2.3043,1,0
-122.0,39.94,1.7125,1,0
-122.11,39.82,2.625,1,0
-122.12,39.91,2.3929,1,0
-122.17,39.92,1.9038,1,0
-122.17,39.94,2.2292,1,0
-122.14,39.97,3.1319,1,0
-122.23,39.95,2.207,1,0
-122.2,39.93,1.9191,1,0
-122.23,39.86,1.8375,1,0
-122.19,39.92,1.023,1,0
-122.18,39.93,2.1759,1,0
-122.19,39.91,1.8571,1,0
-122.68,41.15,3.631,1,0
-122.81,40.93,2.7083,1,0
-122.96,40.77,3.2891,1,0
-122.93,40.78,2.3667,1,0
-122.89,40.76,2.3958,1,0
-122.79,40.75,2.125,1,0
-122.86,40.56,1.7393,1,0
-122.95,40.67,2.0268,1,0
-122.95,40.71,2.4792,1,0
-123.35,40.99,1.125,1,0
-123.53,40.88,2.2115,1,0
-123.48,40.79,1.9107,1,0
-123.28,40.77,1.625,1,0
-123.13,40.85,1.8933,1,0
-123.41,40.61,1.7875,1,0
-123.11,40.6,1.1602,1,0
-123.18,40.58,1.7262,1,0
-123.22,40.54,1.9034,1,0
-123.12,40.54,1.8696,1,0
-123.21,40.51,1.375,1,0
-123.32,40.43,0.4999,1,-1
-123.08,40.4,1.7969,1,0
-123.17,40.31,0.536,1,-1
-123.22,40.16,2.8472,1,-1
-123.48,40.34,2.7083,1,0
-123.43,40.22,3.625,1,-1
-123.41,40.07,0.8362,1,-1
-118.96,36.66,3.1964,0,0
-119.12,36.54,2.9828,0,0
-118.96,36.49,1.742,0,0
-118.65,36.57,1.4821,0,0
-118.86,36.41,3.0391,0,0
-118.94,36.32,4.0703,0,0
-119.26,36.61,2.5417,1,0
-119.25,36.56,1.6722,1,0
-119.28,36.54,1.8163,1,0
-119.29,36.54,1.8429,1,0
-119.29,36.55,2.5521,1,0
-119.3,36.57,3.0156,1,0
-119.44,36.48,1.1728,1,0
-119.37,36.47,2.3438,1,0
-119.45,36.48,3.1719,1,0
-119.48,36.44,2.0857,1,0
-119.35,36.52,2.6445,1,0
-119.48,36.5,2.9554,1,0
-119.43,36.55,2.75,1,0
-119.48,36.54,4.2222,1,0
-119.4,36.55,2.5141,1,0
-119.39,36.55,3.3869,1,0
-119.38,36.56,2.6906,1,0
-119.38,36.55,3.017,1,0
-119.38,36.56,2.0729,1,0
-119.38,36.54,1.5223,1,0
-119.38,36.53,1.9602,1,0
-119.39,36.54,1.8068,1,0
-119.39,36.54,1.7165,1,0
-119.4,36.53,2.75,1,0
-119.28,36.52,2.25,1,0
-119.29,36.53,1.625,1,0
-119.29,36.52,1.5714,1,0
-119.26,36.5,2.5719,0,0
-119.1,36.43,2.6711,0,0
-119.1,36.42,1.8801,0,0
-119.09,36.42,1.5875,0,0
-119.09,36.42,2.0,0,0
-119.1,36.4,1.5608,0,0
-119.1,36.4,3.2159,0,0
-119.23,36.45,2.1205,0,0
-119.18,36.4,2.6648,0,0
-119.27,36.39,4.3281,0,0
-119.23,36.39,1.4812,0,0
-119.21,36.39,2.0363,0,0
-119.21,36.38,2.0216,0,0
-119.35,36.42,2.7969,0,0
-119.31,36.39,1.9342,0,0
-119.45,36.35,2.3365,1,0
-119.41,36.35,2.2222,0,0
-119.42,36.35,1.6645,1,0
-119.29,36.35,2.5743,0,0
-119.29,36.34,2.0227,0,0
-119.3,36.35,2.3304,0,0
-119.3,36.34,1.4432,0,0
-119.31,36.34,2.1602,0,0
-119.32,36.36,3.4312,0,0
-119.37,36.35,5.3767,0,0
-119.32,36.33,9.0376,0,-1
-119.32,36.33,4.5938,0,0
-119.34,36.34,4.0144,0,0
-119.34,36.33,4.1812,0,0
-119.35,36.33,3.1486,0,0
-119.36,36.33,2.9844,0,0
-119.29,36.34,1.2634,0,0
-119.29,36.34,1.474,0,0
-119.3,36.34,1.8299,0,0
-119.31,36.34,1.4729,0,0
-119.29,36.33,0.7445,0,0
-119.31,36.33,2.425,0,0
-119.25,36.36,5.8673,0,0
-119.27,36.34,3.5296,0,0
-119.28,36.35,3.1111,0,0
-119.28,36.33,0.78,0,0
-119.27,36.34,2.4113,0,0
-119.24,36.33,3.1599,0,0
-119.19,36.34,2.73,0,0
-119.09,36.35,2.7857,0,0
-119.11,36.29,2.6065,0,0
-119.13,36.3,2.7321,0,0
-119.12,36.29,2.1731,0,0
-119.16,36.28,4.4,0,0
-119.16,36.31,1.6829,0,0
-119.15,36.29,2.4281,0,0
-119.14,36.29,1.5321,0,0
-119.14,36.29,1.47,0,0
-119.2,36.3,2.625,0,0
-119.2,36.3,1.3444,0,0
-119.21,36.3,1.7734,0,0
-119.21,36.3,1.9135,0,0
-119.22,36.31,1.5464,0,0
-119.25,36.27,2.6875,0,0
-119.2,36.28,1.684,0,0
-119.29,36.32,1.2012,0,0
-119.29,36.32,1.1419,0,0
-119.28,36.32,1.9138,0,0
-119.29,36.32,2.2024,0,0
-119.28,36.32,3.7404,0,0
-119.27,36.32,4.0806,0,0
-119.27,36.32,4.7723,0,0
-119.25,36.32,2.75,0,0
-119.26,36.3,2.425,0,0
-119.3,36.33,2.8795,0,0
-119.3,36.32,3.3875,0,0
-119.31,36.32,4.0298,0,0
-119.31,36.32,2.5733,0,0
-119.29,36.31,5.1896,0,0
-119.29,36.31,3.0972,0,0
-119.3,36.31,4.2778,0,0
-119.31,36.31,2.0714,0,0
-119.31,36.3,4.0221,0,0
-119.3,36.3,5.3602,0,0
-119.29,36.3,5.3495,0,0
-119.33,36.32,1.6148,0,0
-119.34,36.32,3.925,0,0
-119.35,36.32,3.8235,0,0
-119.34,36.32,3.1574,0,0
-119.33,36.32,3.5313,0,0
-119.32,36.32,4.3816,0,0
-119.33,36.32,2.5,0,0
-119.33,36.32,5.2561,0,0
-119.32,36.32,3.6895,0,0
-119.32,36.31,2.9886,0,0
-119.33,36.31,4.0577,0,0
-119.33,36.31,5.3909,0,0
-119.33,36.3,5.4337,0,0
-119.32,36.3,2.9698,0,0
-119.34,36.31,2.7,0,0
-119.34,36.3,2.6875,0,0
-119.33,36.3,4.9464,0,0
-119.38,36.3,3.6875,0,0
-119.33,36.28,2.125,0,0
-119.32,36.3,2.7336,0,0
-119.29,36.28,2.2333,0,0
-119.46,36.25,2.5,0,0
-119.4,36.25,2.3,0,0
-119.36,36.22,1.9355,0,0
-119.37,36.22,2.706,0,0
-119.36,36.21,2.4032,0,0
-119.35,36.22,1.4429,0,0
-119.35,36.21,1.6378,0,0
-119.36,36.21,1.3889,0,0
-119.37,36.21,1.4455,0,0
-119.34,36.23,3.5611,0,0
-119.35,36.22,3.1944,0,0
-119.34,36.22,3.0905,0,0
-119.33,36.22,3.5039,0,0
-119.33,36.21,2.6083,0,0
-119.34,36.21,0.8229,0,0
-119.33,36.22,4.2011,0,0
-119.32,36.22,3.6343,0,0
-119.32,36.21,3.3125,0,0
-119.32,36.25,2.8365,0,0
-119.25,36.23,3.4306,0,0
-119.27,36.18,2.6098,0,0
-119.29,36.12,2.4722,0,0
-119.14,36.23,2.5875,0,0
-119.12,36.19,2.9145,0,0
-119.08,36.22,3.0324,0,0
-119.08,36.21,2.5156,0,0
-119.09,36.22,3.4306,0,0
-119.09,36.21,1.9861,0,0
-119.09,36.21,1.8828,0,0
-119.1,36.21,2.4653,0,0
-119.11,36.21,1.5407,0,0
-118.74,36.23,2.6447,0,0
-118.93,36.19,2.6184,0,0
-118.82,36.13,2.8906,0,0
-118.54,36.12,2.1029,0,0
-118.37,36.19,3.125,0,0
-118.7,35.82,2.3937,0,0
-118.86,35.9,4.125,0,0
-118.73,36.01,2.8603,0,0
-119.08,36.2,2.4554,0,0
-119.1,36.19,1.6186,0,0
-119.34,36.21,1.4792,0,0
-119.34,36.2,2.0333,0,0
-119.33,36.19,1.0714,0,0
-119.31,36.2,3.1453,0,0
-119.32,36.21,2.3152,0,0
-119.32,36.2,2.2262,0,0
-119.32,36.2,3.4231,0,0
-119.32,36.19,1.0962,0,0
-119.32,36.19,3.335,0,0
-119.35,36.2,2.2264,0,0
-119.35,36.2,1.7462,0,0
-119.36,36.2,2.25,0,0
-119.37,36.19,2.4922,0,0
-119.35,36.19,1.0349,0,0
-119.45,36.16,2.8152,0,0
-119.35,36.16,2.3882,0,0
-119.45,36.09,2.0313,0,0
-119.31,36.06,1.8827,0,0
-119.4,36.04,1.8894,0,0
-119.27,36.05,2.2917,0,0
-119.21,36.1,1.7432,0,0
-119.19,36.06,1.9091,0,0
-119.19,36.14,3.9,0,0
-119.13,36.13,2.0586,0,0
-119.08,36.13,3.1528,0,0
-119.03,36.13,1.7106,0,0
-119.06,36.15,1.6354,0,0
-119.06,36.15,2.3194,0,0
-119.14,36.06,1.6452,0,0
-119.12,36.05,2.1477,0,0
-119.08,36.02,1.9439,0,0
-119.01,36.02,2.375,0,0
-118.92,36.04,2.9208,0,0
-119.08,36.09,2.7298,0,0
-119.06,36.1,2.5893,0,0
-119.06,36.09,3.6786,0,0
-119.04,36.09,3.0278,0,0
-119.05,36.09,4.0217,0,0
-119.04,36.07,1.5893,0,0
-119.06,36.08,4.1856,0,0
-119.07,36.08,3.0,0,0
-119.07,36.07,3.2042,0,0
-119.06,36.07,1.7031,0,0
-119.05,36.07,1.7756,0,0
-119.05,36.06,3.1625,0,0
-119.02,36.09,3.0234,0,0
-119.01,36.08,1.8857,0,0
-119.03,36.08,2.6944,0,0
-119.03,36.08,3.25,0,0
-119.04,36.07,2.2277,0,0
-119.03,36.07,2.4167,0,0
-119.02,36.07,1.5911,0,0
-119.02,36.07,1.6146,0,0
-119.01,36.07,1.6103,0,0
-118.93,36.1,2.3792,0,0
-118.98,36.06,2.343,0,0
-119.0,36.05,1.5506,0,0
-118.97,36.06,1.975,0,0
-118.99,36.07,2.975,0,0
-118.99,36.06,1.7564,0,0
-119.0,36.06,4.0833,0,0
-119.0,36.07,2.9815,0,0
-119.03,36.06,2.162,0,0
-119.02,36.06,1.3952,0,0
-119.01,36.06,1.6812,0,0
-119.01,36.05,1.3807,0,0
-119.02,36.05,2.2202,0,0
-119.42,35.97,2.3516,0,0
-119.31,35.99,1.3676,0,0
-119.28,35.99,1.7372,0,0
-119.19,35.96,1.881,0,0
-119.46,35.86,1.505,0,0
-119.3,35.87,2.1434,0,0
-119.12,35.85,2.4167,0,0
-119.1,35.79,1.8144,0,0
-119.27,35.89,1.7572,0,0
-119.27,35.88,1.5069,0,0
-119.27,35.87,1.63,0,0
-119.26,35.87,1.6469,0,0
-119.06,35.94,2.6576,0,0
-119.04,35.96,1.875,0,0
-119.04,35.95,1.8462,0,0
-118.96,35.87,3.7794,0,0
-120.4,38.0,2.6544,1,0
-120.39,38.0,3.212,1,0
-120.4,37.98,2.6696,1,0
-120.39,37.98,2.1513,1,0
-120.37,38.01,2.5417,1,0
-120.35,37.99,2.4191,1,0
-120.38,37.99,2.3571,1,0
-120.37,37.98,1.6021,1,0
-120.38,37.97,2.5781,1,0
-120.26,38.13,4.0583,1,0
-120.28,38.07,2.9083,1,0
-120.4,38.06,2.6544,1,0
-120.35,38.04,2.5729,1,0
-120.39,38.03,2.6094,1,0
-120.41,38.03,2.1289,1,0
-120.43,38.02,3.6875,1,0
-120.31,38.02,3.8203,1,0
-120.3,38.04,3.2875,1,0
-120.28,38.03,3.6838,1,0
-120.27,38.02,3.1875,1,0
-120.29,38.01,3.0729,1,0
-120.3,37.99,2.517,1,0
-120.33,38.0,3.5,1,0
-120.25,38.04,2.5562,1,0
-120.25,38.03,2.9457,1,0
-120.22,38.05,2.7188,1,0
-120.19,38.07,0.4999,1,-1
-120.19,38.03,3.1076,1,0
-120.12,38.12,2.0625,1,0
-120.03,38.19,2.125,1,0
-120.26,37.99,3.5,1,0
-120.24,38.01,3.125,1,0
-120.23,37.98,3.1523,1,0
-120.28,37.9,2.1538,1,0
-120.24,37.96,1.625,1,0
-120.23,37.96,2.0057,1,0
-120.25,37.93,3.375,1,0
-120.13,37.93,1.675,1,0
-120.35,37.98,3.5714,1,0
-120.33,37.97,2.0057,1,0
-120.3,37.97,2.474,1,0
-120.29,37.94,3.05,1,0
-120.32,37.91,4.375,1,0
-120.35,37.86,2.3056,1,0
-120.23,37.86,2.4615,1,0
-120.2,37.84,3.2589,1,0
-120.2,37.8,3.4838,1,0
-119.93,37.85,4.0833,1,0
-119.57,37.94,3.4861,1,0
-120.47,37.96,2.006,1,0
-120.42,37.98,2.5129,1,0
-120.42,37.95,2.4922,1,0
-120.39,37.96,2.1094,1,0
-120.4,37.92,3.625,1,0
-120.35,37.95,2.4,1,0
-120.41,37.88,4.4231,1,0
-120.45,37.79,3.1719,1,0
-119.31,34.7,3.3438,0,0
-119.06,34.62,2.2222,0,0
-118.75,34.42,2.4167,0,0
-118.8,34.41,2.7,0,0
-118.88,34.42,6.1244,0,0
-118.98,34.4,4.4219,0,0
-118.93,34.36,4.6607,0,0
-118.93,34.4,3.7092,0,0
-118.92,34.4,3.3152,0,0
-118.92,34.41,3.0893,0,0
-118.9,34.41,4.2599,0,0
-118.91,34.4,3.2024,0,0
-118.9,34.4,1.5781,0,0
-119.06,34.38,3.9464,0,0
-119.06,34.37,3.6453,0,0
-119.05,34.36,2.8417,0,0
-119.05,34.4,2.6991,0,0
-119.1,34.31,2.6786,0,0
-119.04,34.34,5.3582,0,0
-119.06,34.36,2.7951,0,0
-119.06,34.36,1.8618,0,0
-119.06,34.35,2.0682,0,0
-119.05,34.35,2.2443,0,0
-119.09,34.35,4.0122,0,0
-119.08,34.35,3.2757,0,0
-119.08,34.34,2.7593,0,0
-119.11,34.33,3.5541,0,0
-119.12,34.38,4.075,0,0
-119.06,34.36,2.4185,0,0
-119.23,34.44,2.4777,0,0
-119.26,34.46,4.0074,0,0
-119.23,34.46,3.2026,0,0
-119.19,34.46,6.6257,0,0
-119.23,34.42,5.75,0,0
-119.27,34.45,5.0,0,0
-119.15,34.44,5.308,0,0
-119.14,34.49,7.75,0,0
-119.31,34.41,4.1319,0,0
-119.31,34.38,2.4375,0,0
-119.29,34.37,2.5441,0,0
-119.34,34.39,2.4659,0,0
-119.31,34.44,12.632,0,-1
-119.28,34.45,2.4595,0,0
-119.29,34.45,2.6893,0,0
-119.29,34.44,3.2279,0,0
-119.27,34.44,2.7019,0,0
-119.28,34.42,4.8105,0,0
-119.3,34.42,3.5822,0,0
-119.29,34.4,4.2656,0,0
-119.3,34.39,4.69,0,0
-119.17,34.29,3.2917,0,0
-119.17,34.29,5.2953,0,0
-119.17,34.31,5.2681,0,0
-119.15,34.3,2.98,0,0
-119.19,34.28,4.8583,0,0
-119.18,34.28,5.6885,0,0
-119.19,34.3,6.311,0,0
-119.22,34.34,2.9821,0,0
-119.39,34.32,4.8472,0,0
-119.32,34.35,2.475,0,0
-119.14,34.29,3.1618,0,0
-119.16,34.28,4.0,0,0
-119.16,34.28,4.763,0,0
-119.16,34.27,5.9181,0,0
-119.14,34.28,2.25,0,0
-119.18,34.27,5.215,0,0
-119.17,34.27,6.0661,0,0
-119.17,34.27,4.0905,0,0
-119.17,34.26,6.1885,0,0
-119.22,34.27,3.2158,0,0
-119.21,34.26,2.375,0,0
-119.21,34.26,4.2448,0,0
-119.22,34.26,3.4018,0,0
-119.2,34.27,3.445,0,0
-119.21,34.26,3.3452,0,0
-119.2,34.26,4.1845,0,0
-119.19,34.26,5.1752,0,0
-119.18,34.26,5.5275,0,0
-119.19,34.25,4.1667,0,0
-119.21,34.26,4.9079,0,0
-119.2,34.26,5.4087,0,0
-119.2,34.25,3.8162,0,0
-119.2,34.25,3.8889,0,0
-119.2,34.28,3.4006,0,0
-119.22,34.27,5.0679,0,0
-119.23,34.27,4.2381,0,0
-119.21,34.31,6.729,0,0
-119.21,34.28,5.7601,0,0
-119.23,34.3,6.9483,0,0
-119.23,34.28,5.5048,0,0
-119.22,34.28,5.533,0,0
-119.22,34.28,4.7333,0,0
-119.25,34.28,3.5819,0,0
-119.26,34.28,3.0799,0,0
-119.25,34.3,4.8824,0,0
-119.25,34.28,5.2261,0,0
-119.24,34.28,4.4038,0,0
-119.26,34.28,4.8977,0,0
-119.27,34.28,4.125,0,0
-119.27,34.29,5.3254,0,0
-119.29,34.29,3.5294,0,0
-119.29,34.3,3.5385,0,0
-119.3,34.29,2.6333,0,0
-119.3,34.29,2.3669,0,0
-119.3,34.29,1.9286,0,0
-119.29,34.31,3.9063,0,0
-119.29,34.28,2.3147,0,0
-119.3,34.27,1.6007,0,0
-119.29,34.26,3.6007,0,0
-119.27,34.26,4.1898,0,0
-119.29,34.23,2.9018,0,0
-119.29,34.24,6.194,0,0
-119.27,34.27,4.09,0,0
-119.27,34.28,3.1757,0,0
-119.27,34.27,2.375,0,0
-119.27,34.27,3.5893,0,0
-119.28,34.27,4.6667,0,0
-119.28,34.27,3.0089,0,0
-119.25,34.27,3.5,0,0
-119.24,34.27,3.2792,0,0
-119.23,34.27,3.8125,0,0
-119.25,34.26,2.67,0,0
-119.25,34.27,4.7727,0,0
-119.26,34.27,3.7337,0,0
-119.26,34.27,3.6413,0,0
-119.26,34.27,4.0069,0,0
-119.23,34.25,8.0,0,0
-119.25,34.21,5.6756,0,0
-119.18,34.24,3.2847,0,0
-119.18,34.23,3.375,0,0
-119.19,34.22,3.125,0,0
-119.19,34.23,4.5,0,0
-119.18,34.22,3.9063,0,0
-119.17,34.22,4.1949,0,0
-119.17,34.21,3.1103,0,0
-119.16,34.2,1.9704,0,0
-119.17,34.2,3.015,0,0
-119.17,34.2,2.3077,0,0
-119.18,34.21,3.8625,0,0
-119.18,34.21,4.3897,0,0
-119.19,34.21,4.2227,0,0
-119.19,34.21,2.9185,0,0
-119.19,34.2,2.1542,0,0
-119.19,34.21,3.8239,0,0
-119.18,34.21,3.087,0,0
-119.19,34.2,3.3409,0,0
-119.18,34.19,1.6953,0,0
-119.18,34.2,2.6964,0,0
-119.18,34.19,1.5625,0,0
-119.27,34.17,4.3693,0,0
-119.23,34.19,6.4522,0,0
-119.23,34.17,3.6875,0,0
-119.23,34.15,3.748,0,0
-119.21,34.19,4.7443,0,0
-119.21,34.19,5.035,0,0
-119.22,34.18,4.4292,0,0
-119.2,34.19,5.0016,0,0
-119.2,34.18,4.2212,0,0
-119.19,34.19,3.2212,0,0
-119.19,34.18,4.6186,0,0
-119.18,34.19,2.8561,0,0
-119.18,34.18,3.2196,0,0
-119.17,34.18,2.9118,0,0
-119.17,34.17,4.2137,0,0
-119.17,34.17,3.5867,0,0
-119.17,34.17,2.6667,0,0
-119.17,34.17,4.0074,0,0
-119.17,34.17,3.6597,0,0
-119.19,34.17,3.2314,0,0
-119.19,34.17,4.2583,0,0
-119.18,34.17,3.9331,0,0
-119.18,34.16,3.6546,0,0
-119.19,34.17,4.4567,0,0
-119.19,34.16,3.9722,0,0
-119.19,34.16,4.4187,0,0
-119.22,34.15,2.725,0,0
-119.2,34.18,2.9832,0,0
-119.21,34.18,3.9718,0,0
-119.19,34.15,3.1989,0,0
-119.2,34.15,1.4773,0,0
-119.21,34.12,4.3427,0,0
-119.18,34.16,5.2783,0,0
-119.18,34.16,3.9643,0,0
-119.18,34.15,2.4167,0,0
-119.17,34.16,4.5828,0,0
-119.17,34.15,2.6098,0,0
-119.13,34.19,4.0222,0,0
-119.15,34.17,4.8125,0,0
-119.14,34.17,2.726,0,0
-119.11,34.17,2.0368,0,0
-119.17,34.19,1.6964,0,0
-119.14,34.15,4.43,0,0
-119.16,34.15,3.9485,0,0
-119.16,34.12,3.6167,0,0
-119.16,34.17,4.1279,0,0
-119.15,34.17,1.6038,0,0
-119.15,34.2,3.0972,0,0
-119.17,34.25,3.65,0,0
-119.15,34.25,4.0878,0,0
-119.16,34.23,2.7556,0,0
-119.14,34.23,2.5714,0,0
-119.12,34.23,2.4643,0,0
-119.12,34.25,3.5625,0,0
-119.04,34.28,4.5833,0,0
-118.96,34.3,6.907,0,0
-119.06,34.24,7.6775,0,0
-119.09,34.24,5.3806,0,0
-119.02,34.26,3.7974,0,0
-119.03,34.25,6.196,0,0
-119.04,34.24,5.9316,0,0
-119.05,34.24,5.4298,0,0
-118.99,34.23,6.6246,0,0
-119.01,34.23,4.693,0,0
-118.94,34.24,8.9063,0,0
-118.96,34.23,3.9699,0,0
-119.03,34.24,5.687,0,0
-119.03,34.23,5.6762,0,0
-119.02,34.24,5.8838,0,0
-119.03,34.23,5.2773,0,0
-119.03,34.22,4.7831,0,0
-119.04,34.23,5.0145,0,0
-119.06,34.23,5.2742,0,0
-119.06,34.23,3.0219,0,0
-119.04,34.22,4.6458,0,0
-119.06,34.22,3.1446,0,0
-119.0,34.19,4.2917,0,0
-119.05,34.19,2.8942,0,0
-119.08,34.17,7.3004,0,0
-119.03,34.21,5.3044,0,0
-119.05,34.21,3.0119,0,0
-119.09,34.22,4.0208,0,0
-119.05,34.13,5.0066,0,0
-118.97,34.18,7.0242,0,0
-118.96,34.19,1.9811,0,0
-118.96,34.18,6.1306,0,0
-118.98,34.16,5.7676,0,0
-118.95,34.18,6.0994,0,0
-118.95,34.17,7.6016,0,0
-118.94,34.17,6.3303,0,0
-118.94,34.17,5.5681,0,0
-118.95,34.17,5.2955,0,0
-118.95,34.16,6.541,0,0
-118.93,34.18,6.187,0,0
-118.92,34.18,6.3522,0,0
-118.92,34.17,5.9836,0,0
-118.94,34.16,8.0428,0,0
-118.91,34.18,2.8958,0,0
-118.9,34.18,5.8652,0,0
-118.9,34.18,7.0504,0,0
-118.9,34.17,5.3558,0,0
-118.88,34.17,5.1033,0,0
-118.85,34.17,4.5625,0,0
-118.84,34.16,5.22,0,0
-118.84,34.15,8.4443,0,0
-118.86,34.16,10.2614,0,0
-118.85,34.14,8.7657,0,0
-118.82,34.15,7.8528,0,0
-118.83,34.15,4.2857,0,0
-118.83,34.14,10.1597,0,0
-118.83,34.14,6.4001,0,0
-118.85,34.14,8.1064,0,0
-118.95,34.19,4.675,0,0
-118.94,34.18,5.9224,0,0
-118.94,34.18,5.5181,0,0
-118.93,34.2,3.886,0,0
-118.92,34.19,3.0691,0,0
-118.9,34.2,7.9943,0,0
-118.9,34.19,10.0595,0,0
-118.91,34.22,6.7559,0,0
-118.89,34.22,5.5402,0,0
-118.87,34.23,6.0145,0,0
-118.88,34.22,5.756,0,0
-118.87,34.22,6.2423,0,0
-118.85,34.25,7.2965,0,0
-118.85,34.23,6.4823,0,0
-118.86,34.22,5.0855,0,0
-118.86,34.22,5.5845,0,0
-118.86,34.22,6.2708,0,0
-118.85,34.21,4.9234,0,0
-118.85,34.21,3.4773,0,0
-118.86,34.21,4.1576,0,0
-118.88,34.22,6.2748,0,0
-118.87,34.21,6.2935,0,0
-118.88,34.21,6.5851,0,0
-118.87,34.2,7.001,0,0
-118.88,34.2,7.3409,0,0
-118.88,34.19,7.7889,0,0
-118.86,34.2,4.125,0,0
-118.86,34.19,6.1949,0,0
-118.87,34.19,5.5224,0,0
-118.88,34.19,3.3703,0,0
-118.87,34.18,3.4676,0,0
-118.85,34.18,3.5504,0,0
-118.84,34.17,3.2176,0,0
-118.85,34.2,6.7612,0,0
-118.86,34.19,6.5474,0,0
-118.86,34.19,6.7805,0,0
-118.85,34.19,6.5162,0,0
-118.83,34.18,6.3586,0,0
-118.83,34.17,8.1397,0,0
-118.9,34.14,5.1457,0,0
-119.0,34.08,5.4346,0,0
-118.75,34.18,6.6122,0,0
-118.75,34.17,6.8075,0,0
-118.69,34.18,10.0472,0,0
-118.8,34.19,8.6499,0,0
-118.83,34.23,8.7288,0,0
-118.84,34.22,7.5118,0,0
-118.84,34.21,5.2361,0,0
-118.8,34.21,6.2893,0,0
-118.74,34.25,5.4243,0,0
-118.74,34.26,5.4091,0,0
-118.7,34.24,4.504,0,0
-118.64,34.25,5.4024,0,0
-118.69,34.21,12.542,0,-1
-118.81,34.25,5.716,0,0
-118.79,34.26,7.2137,0,0
-118.8,34.27,4.6985,0,0
-118.77,34.24,6.4963,0,0
-118.78,34.26,6.0487,0,0
-118.78,34.25,7.7785,0,0
-118.85,34.27,3.3438,0,0
-118.9,34.3,5.5925,0,0
-118.83,34.33,5.4493,0,0
-118.89,34.29,3.4375,0,0
-118.89,34.33,3.125,0,0
-118.89,34.28,5.8133,0,0
-118.88,34.28,4.0474,0,0
-118.91,34.28,5.2206,0,0
-118.9,34.26,6.9712,0,0
-118.81,34.28,4.1607,0,0
-118.78,34.27,3.6761,0,0
-118.79,34.27,4.5833,0,0
-118.77,34.27,2.7137,0,0
-118.77,34.27,4.7574,0,0
-118.77,34.28,4.5458,0,0
-118.77,34.28,5.1074,0,0
-118.77,34.28,5.3681,0,0
-118.75,34.29,6.6073,0,0
-118.75,34.28,6.2059,0,0
-118.76,34.28,5.8578,0,0
-118.75,34.27,5.8096,0,0
-118.75,34.28,4.6908,0,0
-118.75,34.27,5.1698,0,0
-118.75,34.27,5.5983,0,0
-118.75,34.27,6.1253,0,0
-118.71,34.27,3.163,0,0
-118.73,34.27,4.556,0,0
-118.74,34.27,4.18,0,0
-118.77,34.26,5.6385,0,0
-118.76,34.26,4.5673,0,0
-118.76,34.26,5.4038,0,0
-118.75,34.26,5.4787,0,0
-118.75,34.26,5.4604,0,0
-118.74,34.26,4.8717,0,0
-118.74,34.28,5.9024,0,0
-118.73,34.27,5.653,0,0
-118.71,34.28,4.6528,0,0
-118.7,34.28,4.7083,0,0
-118.7,34.28,3.7188,0,0
-118.72,34.28,5.4459,0,0
-118.72,34.28,5.5955,0,0
-118.72,34.28,5.7376,0,0
-118.67,34.28,5.6949,0,0
-118.68,34.28,5.0962,0,0
-118.67,34.3,7.9013,0,0
-118.68,34.28,4.7034,0,0
-118.68,34.27,4.0568,0,0
-118.68,34.27,5.477,0,0
-118.67,34.27,3.5313,0,0
-118.67,34.27,4.9946,0,0
-118.65,34.27,6.0783,0,0
-118.71,34.29,6.3236,0,0
-118.71,34.29,5.2067,0,0
-118.7,34.28,4.4964,0,0
-118.7,34.3,6.1383,0,0
-118.7,34.29,6.1834,0,0
-118.71,34.3,6.3199,0,0
-118.7,34.3,6.1825,0,0
-118.71,34.3,6.5483,0,0
-118.68,34.33,2.9821,0,0
-118.75,34.33,8.2787,0,0
-118.73,34.29,7.355,0,0
-118.72,34.29,6.0368,0,0
-118.73,34.29,6.9454,0,0
-121.52,38.59,1.6647,1,0
-121.51,38.58,1.2542,1,0
-121.53,38.6,2.7566,1,0
-121.54,38.59,2.0781,1,0
-121.54,38.59,2.0368,1,0
-121.55,38.59,1.2292,1,0
-121.63,38.67,2.625,1,0
-121.52,38.58,1.642,1,0
-121.53,38.56,2.9375,1,0
-121.52,38.57,2.89,1,0
-121.54,38.58,1.3177,1,0
-121.56,38.58,1.9426,1,0
-121.53,38.58,1.9728,1,0
-121.53,38.58,2.1213,1,0
-121.53,38.57,4.0833,1,0
-121.54,38.54,3.0536,1,0
-121.55,38.51,3.9,1,0
-121.55,38.55,4.106,1,0
-121.56,38.44,3.0,1,0
-121.61,38.38,4.037,1,0
-121.79,38.54,1.4653,1,0
-121.8,38.55,4.7168,1,0
-121.78,38.55,2.9605,1,0
-121.76,38.57,3.1371,1,0
-121.81,38.58,5.9629,1,0
-121.7,38.6,2.8922,1,0
-121.67,38.54,4.2432,1,0
-121.74,38.56,1.7257,1,0
-121.74,38.55,1.6435,1,0
-121.73,38.55,2.7917,1,0
-121.73,38.54,1.0633,1,0
-121.73,38.56,2.8614,1,0
-121.71,38.56,4.2198,1,0
-121.72,38.54,3.1908,1,0
-121.7,38.54,4.6225,1,0
-121.75,38.55,4.7308,1,0
-121.74,38.55,1.7311,1,0
-121.76,38.55,2.065,1,0
-121.75,38.55,3.7452,1,0
-121.77,38.69,3.4559,1,0
-121.77,38.68,2.1927,1,0
-121.76,38.68,1.3942,1,0
-121.8,38.69,3.7477,1,0
-121.79,38.69,2.8864,1,0
-121.78,38.69,2.6774,1,0
-121.8,38.68,3.4331,1,0
-121.79,38.68,2.8068,1,0
-121.78,38.68,1.9787,1,0
-121.8,38.67,3.1875,1,0
-121.79,38.67,1.951,1,0
-121.78,38.68,2.3468,1,0
-121.8,38.67,4.5526,1,0
-121.79,38.67,4.7222,1,0
-121.78,38.67,4.0556,1,0
-121.77,38.67,2.2794,1,0
-121.77,38.67,2.8351,1,0
-121.75,38.67,3.125,1,0
-121.71,38.72,2.8882,1,0
-121.7,38.65,2.4167,1,0
-121.84,38.65,4.3487,1,0
-121.79,38.66,5.3064,1,0
-121.78,38.66,4.8226,1,0
-121.76,38.66,4.1997,1,0
-121.96,38.54,3.2222,1,0
-121.99,38.53,3.4186,1,0
-121.98,38.52,2.7989,1,0
-122.05,38.56,5.679,1,0
-121.92,38.57,1.9327,1,0
-121.9,38.72,3.75,1,0
-122.0,38.83,3.4187,1,0
-121.94,38.89,2.5478,1,0
-121.81,38.84,2.8542,1,0
-121.72,38.8,1.9559,1,0
-121.77,38.76,2.8365,1,0
-122.21,38.83,3.1534,1,0
-122.16,38.9,3.7574,1,0
-122.0,38.73,3.875,1,0
-121.95,38.65,3.3472,1,0
-122.04,38.68,3.0486,1,0
-122.03,38.69,2.7955,1,0
-121.6,39.15,1.5208,1,0
-121.59,39.15,2.0474,1,0
-121.59,39.15,1.6652,1,0
-121.59,39.14,1.684,1,0
-121.58,39.15,1.4946,1,0
-121.58,39.14,0.8928,1,0
-121.58,39.16,3.3611,1,0
-121.57,39.16,3.725,1,0
-121.56,39.16,2.9647,1,0
-121.57,39.16,2.6964,1,0
-121.58,39.16,2.1111,1,0
-121.58,39.15,1.9122,1,0
-121.56,39.16,1.5827,1,0
-121.57,39.16,3.1029,1,0
-121.57,39.13,1.5694,1,0
-121.56,39.13,1.5085,1,0
-121.54,39.13,1.3375,1,0
-121.54,39.12,2.3496,1,0
-121.58,39.12,1.8355,1,0
-121.57,39.12,2.08,1,0
-121.57,39.1,1.8413,1,0
-121.59,39.1,1.7167,1,0
-121.56,39.11,2.3011,1,0
-121.56,39.1,1.3631,1,0
-121.55,39.1,1.2857,1,0
-121.56,39.08,1.4934,1,0
-121.55,39.09,1.4958,1,0
-121.54,39.08,2.4695,1,0
-121.54,39.08,2.3598,1,0
-121.53,39.08,2.0469,1,0
-121.53,39.06,3.3021,1,0
-121.55,39.06,2.25,1,0
-121.56,39.01,2.7303,1,0
-121.48,39.05,4.5625,1,0
-121.47,39.01,2.3661,1,0
-121.44,39.0,2.4167,1,0
-121.37,39.03,2.8235,1,0
-121.41,39.04,3.0739,1,0
-121.52,39.12,4.125,1,0
-121.43,39.18,2.1667,1,0
-121.32,39.13,3.0,1,0
-121.48,39.1,2.5952,1,0
-121.39,39.12,2.0943,1,0
-121.32,39.29,3.5673,1,0
-121.4,39.33,3.5179,1,0
-121.45,39.26,3.125,1,0
-121.53,39.19,2.5495,1,0
-121.56,39.27,3.7125,1,0
-121.09,39.48,1.5603,1,0
-121.21,39.49,2.5568,1,0
-121.22,39.43,1.7,1,0
-121.32,39.43,1.8672,1,0
-121.24,39.37,2.3886,1,0
